territory_id,year,variable_id,pillar,epistemic_status,ledger,weight
01,2020,d_cloud_regions,D,documentary,known,0.7
01,2021,d_cloud_regions,D,documentary,known,0.7
01,2022,d_cloud_regions,D,documentary,known,0.7
01,2023,d_cloud_regions,D,documentary,known,0.7
01,2024,d_cloud_regions,D,documentary,known,0.7
01,2025,d_cloud_regions,D,documentary,known,0.7
01,2026,d_cloud_regions,D,documentary,known,0.7
01,2027,d_cloud_regions,D,unknown,unknown,0.0
02,2020,d_cloud_regions,D,documentary,known,0.7
02,2021,d_cloud_regions,D,documentary,known,0.7
02,2022,d_cloud_regions,D,documentary,known,0.7
02,2023,d_cloud_regions,D,documentary,known,0.7
02,2024,d_cloud_regions,D,documentary,known,0.7
02,2025,d_cloud_regions,D,documentary,known,0.7
02,2026,d_cloud_regions,D,documentary,known,0.7
02,2027,d_cloud_regions,D,unknown,unknown,0.0
03,2020,d_cloud_regions,D,documentary,known,0.7
03,2021,d_cloud_regions,D,documentary,known,0.7
03,2022,d_cloud_regions,D,documentary,known,0.7
03,2023,d_cloud_regions,D,documentary,known,0.7
03,2024,d_cloud_regions,D,documentary,known,0.7
03,2025,d_cloud_regions,D,documentary,known,0.7
03,2026,d_cloud_regions,D,documentary,known,0.7
03,2027,d_cloud_regions,D,unknown,unknown,0.0
04,2020,d_cloud_regions,D,documentary,known,0.7
04,2021,d_cloud_regions,D,documentary,known,0.7
04,2022,d_cloud_regions,D,documentary,known,0.7
04,2023,d_cloud_regions,D,documentary,known,0.7
04,2024,d_cloud_regions,D,documentary,known,0.7
04,2025,d_cloud_regions,D,documentary,known,0.7
04,2026,d_cloud_regions,D,documentary,known,0.7
04,2027,d_cloud_regions,D,unknown,unknown,0.0
05,2020,d_cloud_regions,D,documentary,known,0.7
05,2021,d_cloud_regions,D,documentary,known,0.7
05,2022,d_cloud_regions,D,documentary,known,0.7
05,2023,d_cloud_regions,D,documentary,known,0.7
05,2024,d_cloud_regions,D,documentary,known,0.7
05,2025,d_cloud_regions,D,documentary,known,0.7
05,2026,d_cloud_regions,D,documentary,known,0.7
05,2027,d_cloud_regions,D,unknown,unknown,0.0
06,2020,d_cloud_regions,D,documentary,known,0.7
06,2021,d_cloud_regions,D,documentary,known,0.7
06,2022,d_cloud_regions,D,documentary,known,0.7
06,2023,d_cloud_regions,D,documentary,known,0.7
06,2024,d_cloud_regions,D,documentary,known,0.7
06,2025,d_cloud_regions,D,documentary,known,0.7
06,2026,d_cloud_regions,D,documentary,known,0.7
06,2027,d_cloud_regions,D,unknown,unknown,0.0
07,2020,d_cloud_regions,D,documentary,known,0.7
07,2021,d_cloud_regions,D,documentary,known,0.7
07,2022,d_cloud_regions,D,documentary,known,0.7
07,2023,d_cloud_regions,D,documentary,known,0.7
07,2024,d_cloud_regions,D,documentary,known,0.7
07,2025,d_cloud_regions,D,documentary,known,0.7
07,2026,d_cloud_regions,D,documentary,known,0.7
07,2027,d_cloud_regions,D,unknown,unknown,0.0
08,2020,d_cloud_regions,D,documentary,known,0.7
08,2021,d_cloud_regions,D,documentary,known,0.7
08,2022,d_cloud_regions,D,documentary,known,0.7
08,2023,d_cloud_regions,D,documentary,known,0.7
08,2024,d_cloud_regions,D,documentary,known,0.7
08,2025,d_cloud_regions,D,documentary,known,0.7
08,2026,d_cloud_regions,D,documentary,known,0.7
08,2027,d_cloud_regions,D,unknown,unknown,0.0
09,2020,d_cloud_regions,D,documentary,known,0.7
09,2021,d_cloud_regions,D,documentary,known,0.7
09,2022,d_cloud_regions,D,documentary,known,0.7
09,2023,d_cloud_regions,D,documentary,known,0.7
09,2024,d_cloud_regions,D,documentary,known,0.7
09,2025,d_cloud_regions,D,documentary,known,0.7
09,2026,d_cloud_regions,D,documentary,known,0.7
09,2027,d_cloud_regions,D,unknown,unknown,0.0
10,2020,d_cloud_regions,D,documentary,known,0.7
10,2021,d_cloud_regions,D,documentary,known,0.7
10,2022,d_cloud_regions,D,documentary,known,0.7
10,2023,d_cloud_regions,D,documentary,known,0.7
10,2024,d_cloud_regions,D,documentary,known,0.7
10,2025,d_cloud_regions,D,documentary,known,0.7
10,2026,d_cloud_regions,D,documentary,known,0.7
10,2027,d_cloud_regions,D,unknown,unknown,0.0
11,2020,d_cloud_regions,D,documentary,known,0.7
11,2021,d_cloud_regions,D,documentary,known,0.7
11,2022,d_cloud_regions,D,documentary,known,0.7
11,2023,d_cloud_regions,D,documentary,known,0.7
11,2024,d_cloud_regions,D,documentary,known,0.7
11,2025,d_cloud_regions,D,documentary,known,0.7
11,2026,d_cloud_regions,D,documentary,known,0.7
11,2027,d_cloud_regions,D,unknown,unknown,0.0
12,2020,d_cloud_regions,D,documentary,known,0.7
12,2021,d_cloud_regions,D,documentary,known,0.7
12,2022,d_cloud_regions,D,documentary,known,0.7
12,2023,d_cloud_regions,D,documentary,known,0.7
12,2024,d_cloud_regions,D,documentary,known,0.7
12,2025,d_cloud_regions,D,documentary,known,0.7
12,2026,d_cloud_regions,D,documentary,known,0.7
12,2027,d_cloud_regions,D,unknown,unknown,0.0
13,2020,d_cloud_regions,D,documentary,known,0.7
13,2021,d_cloud_regions,D,documentary,known,0.7
13,2022,d_cloud_regions,D,documentary,known,0.7
13,2023,d_cloud_regions,D,documentary,known,0.7
13,2024,d_cloud_regions,D,documentary,known,0.7
13,2025,d_cloud_regions,D,documentary,known,0.7
13,2026,d_cloud_regions,D,documentary,known,0.7
13,2027,d_cloud_regions,D,unknown,unknown,0.0
14,2020,d_cloud_regions,D,documentary,known,0.7
14,2021,d_cloud_regions,D,documentary,known,0.7
14,2022,d_cloud_regions,D,documentary,known,0.7
14,2023,d_cloud_regions,D,documentary,known,0.7
14,2024,d_cloud_regions,D,documentary,known,0.7
14,2025,d_cloud_regions,D,documentary,known,0.7
14,2026,d_cloud_regions,D,documentary,known,0.7
14,2027,d_cloud_regions,D,unknown,unknown,0.0
15,2020,d_cloud_regions,D,documentary,known,0.7
15,2021,d_cloud_regions,D,documentary,known,0.7
15,2022,d_cloud_regions,D,documentary,known,0.7
15,2023,d_cloud_regions,D,documentary,known,0.7
15,2024,d_cloud_regions,D,documentary,known,0.7
15,2025,d_cloud_regions,D,documentary,known,0.7
15,2026,d_cloud_regions,D,documentary,known,0.7
15,2027,d_cloud_regions,D,unknown,unknown,0.0
16,2020,d_cloud_regions,D,documentary,known,0.7
16,2021,d_cloud_regions,D,documentary,known,0.7
16,2022,d_cloud_regions,D,documentary,known,0.7
16,2023,d_cloud_regions,D,documentary,known,0.7
16,2024,d_cloud_regions,D,documentary,known,0.7
16,2025,d_cloud_regions,D,documentary,known,0.7
16,2026,d_cloud_regions,D,documentary,known,0.7
16,2027,d_cloud_regions,D,unknown,unknown,0.0
17,2020,d_cloud_regions,D,documentary,known,0.7
17,2021,d_cloud_regions,D,documentary,known,0.7
17,2022,d_cloud_regions,D,documentary,known,0.7
17,2023,d_cloud_regions,D,documentary,known,0.7
17,2024,d_cloud_regions,D,documentary,known,0.7
17,2025,d_cloud_regions,D,documentary,known,0.7
17,2026,d_cloud_regions,D,documentary,known,0.7
17,2027,d_cloud_regions,D,unknown,unknown,0.0
18,2020,d_cloud_regions,D,documentary,known,0.7
18,2021,d_cloud_regions,D,documentary,known,0.7
18,2022,d_cloud_regions,D,documentary,known,0.7
18,2023,d_cloud_regions,D,documentary,known,0.7
18,2024,d_cloud_regions,D,documentary,known,0.7
18,2025,d_cloud_regions,D,documentary,known,0.7
18,2026,d_cloud_regions,D,documentary,known,0.7
18,2027,d_cloud_regions,D,unknown,unknown,0.0
19,2020,d_cloud_regions,D,documentary,known,0.7
19,2021,d_cloud_regions,D,documentary,known,0.7
19,2022,d_cloud_regions,D,documentary,known,0.7
19,2023,d_cloud_regions,D,documentary,known,0.7
19,2024,d_cloud_regions,D,documentary,known,0.7
19,2025,d_cloud_regions,D,documentary,known,0.7
19,2026,d_cloud_regions,D,documentary,known,0.7
19,2027,d_cloud_regions,D,unknown,unknown,0.0
20,2020,d_cloud_regions,D,documentary,known,0.7
20,2021,d_cloud_regions,D,documentary,known,0.7
20,2022,d_cloud_regions,D,documentary,known,0.7
20,2023,d_cloud_regions,D,documentary,known,0.7
20,2024,d_cloud_regions,D,documentary,known,0.7
20,2025,d_cloud_regions,D,documentary,known,0.7
20,2026,d_cloud_regions,D,documentary,known,0.7
20,2027,d_cloud_regions,D,unknown,unknown,0.0
21,2020,d_cloud_regions,D,documentary,known,0.7
21,2021,d_cloud_regions,D,documentary,known,0.7
21,2022,d_cloud_regions,D,documentary,known,0.7
21,2023,d_cloud_regions,D,documentary,known,0.7
21,2024,d_cloud_regions,D,documentary,known,0.7
21,2025,d_cloud_regions,D,documentary,known,0.7
21,2026,d_cloud_regions,D,documentary,known,0.7
21,2027,d_cloud_regions,D,unknown,unknown,0.0
22,2020,d_cloud_regions,D,documentary,known,0.7
22,2021,d_cloud_regions,D,documentary,known,0.7
22,2022,d_cloud_regions,D,documentary,known,0.7
22,2023,d_cloud_regions,D,documentary,known,0.7
22,2024,d_cloud_regions,D,documentary,known,0.7
22,2025,d_cloud_regions,D,documentary,known,0.7
22,2026,d_cloud_regions,D,documentary,known,0.7
22,2027,d_cloud_regions,D,unknown,unknown,0.0
23,2020,d_cloud_regions,D,documentary,known,0.7
23,2021,d_cloud_regions,D,documentary,known,0.7
23,2022,d_cloud_regions,D,documentary,known,0.7
23,2023,d_cloud_regions,D,documentary,known,0.7
23,2024,d_cloud_regions,D,documentary,known,0.7
23,2025,d_cloud_regions,D,documentary,known,0.7
23,2026,d_cloud_regions,D,documentary,known,0.7
23,2027,d_cloud_regions,D,unknown,unknown,0.0
24,2020,d_cloud_regions,D,documentary,known,0.7
24,2021,d_cloud_regions,D,documentary,known,0.7
24,2022,d_cloud_regions,D,documentary,known,0.7
24,2023,d_cloud_regions,D,documentary,known,0.7
24,2024,d_cloud_regions,D,documentary,known,0.7
24,2025,d_cloud_regions,D,documentary,known,0.7
24,2026,d_cloud_regions,D,documentary,known,0.7
24,2027,d_cloud_regions,D,unknown,unknown,0.0
25,2020,d_cloud_regions,D,documentary,known,0.7
25,2021,d_cloud_regions,D,documentary,known,0.7
25,2022,d_cloud_regions,D,documentary,known,0.7
25,2023,d_cloud_regions,D,documentary,known,0.7
25,2024,d_cloud_regions,D,documentary,known,0.7
25,2025,d_cloud_regions,D,documentary,known,0.7
25,2026,d_cloud_regions,D,documentary,known,0.7
25,2027,d_cloud_regions,D,unknown,unknown,0.0
26,2020,d_cloud_regions,D,documentary,known,0.7
26,2021,d_cloud_regions,D,documentary,known,0.7
26,2022,d_cloud_regions,D,documentary,known,0.7
26,2023,d_cloud_regions,D,documentary,known,0.7
26,2024,d_cloud_regions,D,documentary,known,0.7
26,2025,d_cloud_regions,D,documentary,known,0.7
26,2026,d_cloud_regions,D,documentary,known,0.7
26,2027,d_cloud_regions,D,unknown,unknown,0.0
27,2020,d_cloud_regions,D,documentary,known,0.7
27,2021,d_cloud_regions,D,documentary,known,0.7
27,2022,d_cloud_regions,D,documentary,known,0.7
27,2023,d_cloud_regions,D,documentary,known,0.7
27,2024,d_cloud_regions,D,documentary,known,0.7
27,2025,d_cloud_regions,D,documentary,known,0.7
27,2026,d_cloud_regions,D,documentary,known,0.7
27,2027,d_cloud_regions,D,unknown,unknown,0.0
28,2020,d_cloud_regions,D,documentary,known,0.7
28,2021,d_cloud_regions,D,documentary,known,0.7
28,2022,d_cloud_regions,D,documentary,known,0.7
28,2023,d_cloud_regions,D,documentary,known,0.7
28,2024,d_cloud_regions,D,documentary,known,0.7
28,2025,d_cloud_regions,D,documentary,known,0.7
28,2026,d_cloud_regions,D,documentary,known,0.7
28,2027,d_cloud_regions,D,unknown,unknown,0.0
29,2020,d_cloud_regions,D,documentary,known,0.7
29,2021,d_cloud_regions,D,documentary,known,0.7
29,2022,d_cloud_regions,D,documentary,known,0.7
29,2023,d_cloud_regions,D,documentary,known,0.7
29,2024,d_cloud_regions,D,documentary,known,0.7
29,2025,d_cloud_regions,D,documentary,known,0.7
29,2026,d_cloud_regions,D,documentary,known,0.7
29,2027,d_cloud_regions,D,unknown,unknown,0.0
30,2020,d_cloud_regions,D,documentary,known,0.7
30,2021,d_cloud_regions,D,documentary,known,0.7
30,2022,d_cloud_regions,D,documentary,known,0.7
30,2023,d_cloud_regions,D,documentary,known,0.7
30,2024,d_cloud_regions,D,documentary,known,0.7
30,2025,d_cloud_regions,D,documentary,known,0.7
30,2026,d_cloud_regions,D,documentary,known,0.7
30,2027,d_cloud_regions,D,unknown,unknown,0.0
31,2020,d_cloud_regions,D,documentary,known,0.7
31,2021,d_cloud_regions,D,documentary,known,0.7
31,2022,d_cloud_regions,D,documentary,known,0.7
31,2023,d_cloud_regions,D,documentary,known,0.7
31,2024,d_cloud_regions,D,documentary,known,0.7
31,2025,d_cloud_regions,D,documentary,known,0.7
31,2026,d_cloud_regions,D,documentary,known,0.7
31,2027,d_cloud_regions,D,unknown,unknown,0.0
32,2020,d_cloud_regions,D,documentary,known,0.7
32,2021,d_cloud_regions,D,documentary,known,0.7
32,2022,d_cloud_regions,D,documentary,known,0.7
32,2023,d_cloud_regions,D,documentary,known,0.7
32,2024,d_cloud_regions,D,documentary,known,0.7
32,2025,d_cloud_regions,D,documentary,known,0.7
32,2026,d_cloud_regions,D,documentary,known,0.7
32,2027,d_cloud_regions,D,unknown,unknown,0.0
01,2020,e_capacity_per_100k,E,derived,derived,0.85
01,2021,e_capacity_per_100k,E,derived,derived,0.85
01,2022,e_capacity_per_100k,E,derived,derived,0.85
01,2023,e_capacity_per_100k,E,derived,derived,0.85
01,2024,e_capacity_per_100k,E,derived,derived,0.85
01,2025,e_capacity_per_100k,E,derived,derived,0.85
01,2026,e_capacity_per_100k,E,estimated,estimated,0.6
01,2027,e_capacity_per_100k,E,estimated,estimated,0.6
02,2020,e_capacity_per_100k,E,derived,derived,0.85
02,2021,e_capacity_per_100k,E,derived,derived,0.85
02,2022,e_capacity_per_100k,E,derived,derived,0.85
02,2023,e_capacity_per_100k,E,derived,derived,0.85
02,2024,e_capacity_per_100k,E,derived,derived,0.85
02,2025,e_capacity_per_100k,E,derived,derived,0.85
02,2026,e_capacity_per_100k,E,estimated,estimated,0.6
02,2027,e_capacity_per_100k,E,estimated,estimated,0.6
03,2020,e_capacity_per_100k,E,derived,derived,0.85
03,2021,e_capacity_per_100k,E,derived,derived,0.85
03,2022,e_capacity_per_100k,E,derived,derived,0.85
03,2023,e_capacity_per_100k,E,derived,derived,0.85
03,2024,e_capacity_per_100k,E,derived,derived,0.85
03,2025,e_capacity_per_100k,E,derived,derived,0.85
03,2026,e_capacity_per_100k,E,estimated,estimated,0.6
03,2027,e_capacity_per_100k,E,estimated,estimated,0.6
04,2020,e_capacity_per_100k,E,derived,derived,0.85
04,2021,e_capacity_per_100k,E,derived,derived,0.85
04,2022,e_capacity_per_100k,E,derived,derived,0.85
04,2023,e_capacity_per_100k,E,derived,derived,0.85
04,2024,e_capacity_per_100k,E,derived,derived,0.85
04,2025,e_capacity_per_100k,E,derived,derived,0.85
04,2026,e_capacity_per_100k,E,estimated,estimated,0.6
04,2027,e_capacity_per_100k,E,estimated,estimated,0.6
05,2020,e_capacity_per_100k,E,derived,derived,0.85
05,2021,e_capacity_per_100k,E,derived,derived,0.85
05,2022,e_capacity_per_100k,E,derived,derived,0.85
05,2023,e_capacity_per_100k,E,derived,derived,0.85
05,2024,e_capacity_per_100k,E,derived,derived,0.85
05,2025,e_capacity_per_100k,E,derived,derived,0.85
05,2026,e_capacity_per_100k,E,estimated,estimated,0.6
05,2027,e_capacity_per_100k,E,estimated,estimated,0.6
06,2020,e_capacity_per_100k,E,derived,derived,0.85
06,2021,e_capacity_per_100k,E,derived,derived,0.85
06,2022,e_capacity_per_100k,E,derived,derived,0.85
06,2023,e_capacity_per_100k,E,derived,derived,0.85
06,2024,e_capacity_per_100k,E,derived,derived,0.85
06,2025,e_capacity_per_100k,E,derived,derived,0.85
06,2026,e_capacity_per_100k,E,estimated,estimated,0.6
06,2027,e_capacity_per_100k,E,estimated,estimated,0.6
07,2020,e_capacity_per_100k,E,derived,derived,0.85
07,2021,e_capacity_per_100k,E,derived,derived,0.85
07,2022,e_capacity_per_100k,E,derived,derived,0.85
07,2023,e_capacity_per_100k,E,derived,derived,0.85
07,2024,e_capacity_per_100k,E,derived,derived,0.85
07,2025,e_capacity_per_100k,E,derived,derived,0.85
07,2026,e_capacity_per_100k,E,estimated,estimated,0.6
07,2027,e_capacity_per_100k,E,estimated,estimated,0.6
08,2020,e_capacity_per_100k,E,derived,derived,0.85
08,2021,e_capacity_per_100k,E,derived,derived,0.85
08,2022,e_capacity_per_100k,E,derived,derived,0.85
08,2023,e_capacity_per_100k,E,derived,derived,0.85
08,2024,e_capacity_per_100k,E,derived,derived,0.85
08,2025,e_capacity_per_100k,E,derived,derived,0.85
08,2026,e_capacity_per_100k,E,estimated,estimated,0.6
08,2027,e_capacity_per_100k,E,estimated,estimated,0.6
09,2020,e_capacity_per_100k,E,derived,derived,0.85
09,2021,e_capacity_per_100k,E,derived,derived,0.85
09,2022,e_capacity_per_100k,E,derived,derived,0.85
09,2023,e_capacity_per_100k,E,derived,derived,0.85
09,2024,e_capacity_per_100k,E,derived,derived,0.85
09,2025,e_capacity_per_100k,E,derived,derived,0.85
09,2026,e_capacity_per_100k,E,estimated,estimated,0.6
09,2027,e_capacity_per_100k,E,estimated,estimated,0.6
10,2020,e_capacity_per_100k,E,derived,derived,0.85
10,2021,e_capacity_per_100k,E,derived,derived,0.85
10,2022,e_capacity_per_100k,E,derived,derived,0.85
10,2023,e_capacity_per_100k,E,derived,derived,0.85
10,2024,e_capacity_per_100k,E,derived,derived,0.85
10,2025,e_capacity_per_100k,E,derived,derived,0.85
10,2026,e_capacity_per_100k,E,estimated,estimated,0.6
10,2027,e_capacity_per_100k,E,estimated,estimated,0.6
11,2020,e_capacity_per_100k,E,derived,derived,0.85
11,2021,e_capacity_per_100k,E,derived,derived,0.85
11,2022,e_capacity_per_100k,E,derived,derived,0.85
11,2023,e_capacity_per_100k,E,derived,derived,0.85
11,2024,e_capacity_per_100k,E,derived,derived,0.85
11,2025,e_capacity_per_100k,E,derived,derived,0.85
11,2026,e_capacity_per_100k,E,estimated,estimated,0.6
11,2027,e_capacity_per_100k,E,estimated,estimated,0.6
12,2020,e_capacity_per_100k,E,derived,derived,0.85
12,2021,e_capacity_per_100k,E,derived,derived,0.85
12,2022,e_capacity_per_100k,E,derived,derived,0.85
12,2023,e_capacity_per_100k,E,derived,derived,0.85
12,2024,e_capacity_per_100k,E,derived,derived,0.85
12,2025,e_capacity_per_100k,E,derived,derived,0.85
12,2026,e_capacity_per_100k,E,estimated,estimated,0.6
12,2027,e_capacity_per_100k,E,estimated,estimated,0.6
13,2020,e_capacity_per_100k,E,derived,derived,0.85
13,2021,e_capacity_per_100k,E,derived,derived,0.85
13,2022,e_capacity_per_100k,E,derived,derived,0.85
13,2023,e_capacity_per_100k,E,derived,derived,0.85
13,2024,e_capacity_per_100k,E,derived,derived,0.85
13,2025,e_capacity_per_100k,E,derived,derived,0.85
13,2026,e_capacity_per_100k,E,estimated,estimated,0.6
13,2027,e_capacity_per_100k,E,estimated,estimated,0.6
14,2020,e_capacity_per_100k,E,derived,derived,0.85
14,2021,e_capacity_per_100k,E,derived,derived,0.85
14,2022,e_capacity_per_100k,E,derived,derived,0.85
14,2023,e_capacity_per_100k,E,derived,derived,0.85
14,2024,e_capacity_per_100k,E,derived,derived,0.85
14,2025,e_capacity_per_100k,E,derived,derived,0.85
14,2026,e_capacity_per_100k,E,estimated,estimated,0.6
14,2027,e_capacity_per_100k,E,estimated,estimated,0.6
15,2020,e_capacity_per_100k,E,derived,derived,0.85
15,2021,e_capacity_per_100k,E,derived,derived,0.85
15,2022,e_capacity_per_100k,E,derived,derived,0.85
15,2023,e_capacity_per_100k,E,derived,derived,0.85
15,2024,e_capacity_per_100k,E,derived,derived,0.85
15,2025,e_capacity_per_100k,E,derived,derived,0.85
15,2026,e_capacity_per_100k,E,estimated,estimated,0.6
15,2027,e_capacity_per_100k,E,estimated,estimated,0.6
16,2020,e_capacity_per_100k,E,derived,derived,0.85
16,2021,e_capacity_per_100k,E,derived,derived,0.85
16,2022,e_capacity_per_100k,E,derived,derived,0.85
16,2023,e_capacity_per_100k,E,derived,derived,0.85
16,2024,e_capacity_per_100k,E,derived,derived,0.85
16,2025,e_capacity_per_100k,E,derived,derived,0.85
16,2026,e_capacity_per_100k,E,estimated,estimated,0.6
16,2027,e_capacity_per_100k,E,estimated,estimated,0.6
17,2020,e_capacity_per_100k,E,derived,derived,0.85
17,2021,e_capacity_per_100k,E,derived,derived,0.85
17,2022,e_capacity_per_100k,E,derived,derived,0.85
17,2023,e_capacity_per_100k,E,derived,derived,0.85
17,2024,e_capacity_per_100k,E,derived,derived,0.85
17,2025,e_capacity_per_100k,E,derived,derived,0.85
17,2026,e_capacity_per_100k,E,estimated,estimated,0.6
17,2027,e_capacity_per_100k,E,estimated,estimated,0.6
18,2020,e_capacity_per_100k,E,derived,derived,0.85
18,2021,e_capacity_per_100k,E,derived,derived,0.85
18,2022,e_capacity_per_100k,E,derived,derived,0.85
18,2023,e_capacity_per_100k,E,derived,derived,0.85
18,2024,e_capacity_per_100k,E,derived,derived,0.85
18,2025,e_capacity_per_100k,E,derived,derived,0.85
18,2026,e_capacity_per_100k,E,estimated,estimated,0.6
18,2027,e_capacity_per_100k,E,estimated,estimated,0.6
19,2020,e_capacity_per_100k,E,derived,derived,0.85
19,2021,e_capacity_per_100k,E,derived,derived,0.85
19,2022,e_capacity_per_100k,E,derived,derived,0.85
19,2023,e_capacity_per_100k,E,derived,derived,0.85
19,2024,e_capacity_per_100k,E,derived,derived,0.85
19,2025,e_capacity_per_100k,E,derived,derived,0.85
19,2026,e_capacity_per_100k,E,estimated,estimated,0.6
19,2027,e_capacity_per_100k,E,estimated,estimated,0.6
20,2020,e_capacity_per_100k,E,derived,derived,0.85
20,2021,e_capacity_per_100k,E,derived,derived,0.85
20,2022,e_capacity_per_100k,E,derived,derived,0.85
20,2023,e_capacity_per_100k,E,derived,derived,0.85
20,2024,e_capacity_per_100k,E,derived,derived,0.85
20,2025,e_capacity_per_100k,E,derived,derived,0.85
20,2026,e_capacity_per_100k,E,estimated,estimated,0.6
20,2027,e_capacity_per_100k,E,estimated,estimated,0.6
21,2020,e_capacity_per_100k,E,derived,derived,0.85
21,2021,e_capacity_per_100k,E,derived,derived,0.85
21,2022,e_capacity_per_100k,E,derived,derived,0.85
21,2023,e_capacity_per_100k,E,derived,derived,0.85
21,2024,e_capacity_per_100k,E,derived,derived,0.85
21,2025,e_capacity_per_100k,E,derived,derived,0.85
21,2026,e_capacity_per_100k,E,estimated,estimated,0.6
21,2027,e_capacity_per_100k,E,estimated,estimated,0.6
22,2020,e_capacity_per_100k,E,derived,derived,0.85
22,2021,e_capacity_per_100k,E,derived,derived,0.85
22,2022,e_capacity_per_100k,E,derived,derived,0.85
22,2023,e_capacity_per_100k,E,derived,derived,0.85
22,2024,e_capacity_per_100k,E,derived,derived,0.85
22,2025,e_capacity_per_100k,E,derived,derived,0.85
22,2026,e_capacity_per_100k,E,estimated,estimated,0.6
22,2027,e_capacity_per_100k,E,estimated,estimated,0.6
23,2020,e_capacity_per_100k,E,derived,derived,0.85
23,2021,e_capacity_per_100k,E,derived,derived,0.85
23,2022,e_capacity_per_100k,E,derived,derived,0.85
23,2023,e_capacity_per_100k,E,derived,derived,0.85
23,2024,e_capacity_per_100k,E,derived,derived,0.85
23,2025,e_capacity_per_100k,E,derived,derived,0.85
23,2026,e_capacity_per_100k,E,estimated,estimated,0.6
23,2027,e_capacity_per_100k,E,estimated,estimated,0.6
24,2020,e_capacity_per_100k,E,derived,derived,0.85
24,2021,e_capacity_per_100k,E,derived,derived,0.85
24,2022,e_capacity_per_100k,E,derived,derived,0.85
24,2023,e_capacity_per_100k,E,derived,derived,0.85
24,2024,e_capacity_per_100k,E,derived,derived,0.85
24,2025,e_capacity_per_100k,E,derived,derived,0.85
24,2026,e_capacity_per_100k,E,estimated,estimated,0.6
24,2027,e_capacity_per_100k,E,estimated,estimated,0.6
25,2020,e_capacity_per_100k,E,derived,derived,0.85
25,2021,e_capacity_per_100k,E,derived,derived,0.85
25,2022,e_capacity_per_100k,E,derived,derived,0.85
25,2023,e_capacity_per_100k,E,derived,derived,0.85
25,2024,e_capacity_per_100k,E,derived,derived,0.85
25,2025,e_capacity_per_100k,E,derived,derived,0.85
25,2026,e_capacity_per_100k,E,estimated,estimated,0.6
25,2027,e_capacity_per_100k,E,estimated,estimated,0.6
26,2020,e_capacity_per_100k,E,derived,derived,0.85
26,2021,e_capacity_per_100k,E,derived,derived,0.85
26,2022,e_capacity_per_100k,E,derived,derived,0.85
26,2023,e_capacity_per_100k,E,derived,derived,0.85
26,2024,e_capacity_per_100k,E,derived,derived,0.85
26,2025,e_capacity_per_100k,E,derived,derived,0.85
26,2026,e_capacity_per_100k,E,estimated,estimated,0.6
26,2027,e_capacity_per_100k,E,estimated,estimated,0.6
27,2020,e_capacity_per_100k,E,derived,derived,0.85
27,2021,e_capacity_per_100k,E,derived,derived,0.85
27,2022,e_capacity_per_100k,E,derived,derived,0.85
27,2023,e_capacity_per_100k,E,derived,derived,0.85
27,2024,e_capacity_per_100k,E,derived,derived,0.85
27,2025,e_capacity_per_100k,E,derived,derived,0.85
27,2026,e_capacity_per_100k,E,estimated,estimated,0.6
27,2027,e_capacity_per_100k,E,estimated,estimated,0.6
28,2020,e_capacity_per_100k,E,derived,derived,0.85
28,2021,e_capacity_per_100k,E,derived,derived,0.85
28,2022,e_capacity_per_100k,E,derived,derived,0.85
28,2023,e_capacity_per_100k,E,derived,derived,0.85
28,2024,e_capacity_per_100k,E,derived,derived,0.85
28,2025,e_capacity_per_100k,E,derived,derived,0.85
28,2026,e_capacity_per_100k,E,estimated,estimated,0.6
28,2027,e_capacity_per_100k,E,estimated,estimated,0.6
29,2020,e_capacity_per_100k,E,derived,derived,0.85
29,2021,e_capacity_per_100k,E,derived,derived,0.85
29,2022,e_capacity_per_100k,E,derived,derived,0.85
29,2023,e_capacity_per_100k,E,derived,derived,0.85
29,2024,e_capacity_per_100k,E,derived,derived,0.85
29,2025,e_capacity_per_100k,E,derived,derived,0.85
29,2026,e_capacity_per_100k,E,estimated,estimated,0.6
29,2027,e_capacity_per_100k,E,estimated,estimated,0.6
30,2020,e_capacity_per_100k,E,derived,derived,0.85
30,2021,e_capacity_per_100k,E,derived,derived,0.85
30,2022,e_capacity_per_100k,E,derived,derived,0.85
30,2023,e_capacity_per_100k,E,derived,derived,0.85
30,2024,e_capacity_per_100k,E,derived,derived,0.85
30,2025,e_capacity_per_100k,E,derived,derived,0.85
30,2026,e_capacity_per_100k,E,estimated,estimated,0.6
30,2027,e_capacity_per_100k,E,estimated,estimated,0.6
31,2020,e_capacity_per_100k,E,derived,derived,0.85
31,2021,e_capacity_per_100k,E,derived,derived,0.85
31,2022,e_capacity_per_100k,E,derived,derived,0.85
31,2023,e_capacity_per_100k,E,derived,derived,0.85
31,2024,e_capacity_per_100k,E,derived,derived,0.85
31,2025,e_capacity_per_100k,E,derived,derived,0.85
31,2026,e_capacity_per_100k,E,estimated,estimated,0.6
31,2027,e_capacity_per_100k,E,estimated,estimated,0.6
32,2020,e_capacity_per_100k,E,derived,derived,0.85
32,2021,e_capacity_per_100k,E,derived,derived,0.85
32,2022,e_capacity_per_100k,E,derived,derived,0.85
32,2023,e_capacity_per_100k,E,derived,derived,0.85
32,2024,e_capacity_per_100k,E,derived,derived,0.85
32,2025,e_capacity_per_100k,E,derived,derived,0.85
32,2026,e_capacity_per_100k,E,estimated,estimated,0.6
32,2027,e_capacity_per_100k,E,estimated,estimated,0.6
01,2020,e_combustion_share,E,derived,derived,0.85
01,2021,e_combustion_share,E,derived,derived,0.85
01,2022,e_combustion_share,E,derived,derived,0.85
01,2023,e_combustion_share,E,derived,derived,0.85
01,2024,e_combustion_share,E,derived,derived,0.85
01,2025,e_combustion_share,E,derived,derived,0.85
01,2026,e_combustion_share,E,estimated,estimated,0.6
01,2027,e_combustion_share,E,estimated,estimated,0.6
02,2020,e_combustion_share,E,derived,derived,0.85
02,2021,e_combustion_share,E,derived,derived,0.85
02,2022,e_combustion_share,E,derived,derived,0.85
02,2023,e_combustion_share,E,derived,derived,0.85
02,2024,e_combustion_share,E,derived,derived,0.85
02,2025,e_combustion_share,E,derived,derived,0.85
02,2026,e_combustion_share,E,estimated,estimated,0.6
02,2027,e_combustion_share,E,estimated,estimated,0.6
03,2020,e_combustion_share,E,derived,derived,0.85
03,2021,e_combustion_share,E,derived,derived,0.85
03,2022,e_combustion_share,E,derived,derived,0.85
03,2023,e_combustion_share,E,derived,derived,0.85
03,2024,e_combustion_share,E,derived,derived,0.85
03,2025,e_combustion_share,E,derived,derived,0.85
03,2026,e_combustion_share,E,estimated,estimated,0.6
03,2027,e_combustion_share,E,estimated,estimated,0.6
04,2020,e_combustion_share,E,derived,derived,0.85
04,2021,e_combustion_share,E,derived,derived,0.85
04,2022,e_combustion_share,E,derived,derived,0.85
04,2023,e_combustion_share,E,derived,derived,0.85
04,2024,e_combustion_share,E,derived,derived,0.85
04,2025,e_combustion_share,E,derived,derived,0.85
04,2026,e_combustion_share,E,estimated,estimated,0.6
04,2027,e_combustion_share,E,estimated,estimated,0.6
05,2020,e_combustion_share,E,derived,derived,0.85
05,2021,e_combustion_share,E,derived,derived,0.85
05,2022,e_combustion_share,E,derived,derived,0.85
05,2023,e_combustion_share,E,derived,derived,0.85
05,2024,e_combustion_share,E,derived,derived,0.85
05,2025,e_combustion_share,E,derived,derived,0.85
05,2026,e_combustion_share,E,estimated,estimated,0.6
05,2027,e_combustion_share,E,estimated,estimated,0.6
06,2020,e_combustion_share,E,derived,derived,0.85
06,2021,e_combustion_share,E,derived,derived,0.85
06,2022,e_combustion_share,E,derived,derived,0.85
06,2023,e_combustion_share,E,derived,derived,0.85
06,2024,e_combustion_share,E,derived,derived,0.85
06,2025,e_combustion_share,E,derived,derived,0.85
06,2026,e_combustion_share,E,estimated,estimated,0.6
06,2027,e_combustion_share,E,estimated,estimated,0.6
07,2020,e_combustion_share,E,derived,derived,0.85
07,2021,e_combustion_share,E,derived,derived,0.85
07,2022,e_combustion_share,E,derived,derived,0.85
07,2023,e_combustion_share,E,derived,derived,0.85
07,2024,e_combustion_share,E,derived,derived,0.85
07,2025,e_combustion_share,E,derived,derived,0.85
07,2026,e_combustion_share,E,estimated,estimated,0.6
07,2027,e_combustion_share,E,estimated,estimated,0.6
08,2020,e_combustion_share,E,derived,derived,0.85
08,2021,e_combustion_share,E,derived,derived,0.85
08,2022,e_combustion_share,E,derived,derived,0.85
08,2023,e_combustion_share,E,derived,derived,0.85
08,2024,e_combustion_share,E,derived,derived,0.85
08,2025,e_combustion_share,E,derived,derived,0.85
08,2026,e_combustion_share,E,estimated,estimated,0.6
08,2027,e_combustion_share,E,estimated,estimated,0.6
09,2020,e_combustion_share,E,derived,derived,0.85
09,2021,e_combustion_share,E,derived,derived,0.85
09,2022,e_combustion_share,E,derived,derived,0.85
09,2023,e_combustion_share,E,derived,derived,0.85
09,2024,e_combustion_share,E,derived,derived,0.85
09,2025,e_combustion_share,E,derived,derived,0.85
09,2026,e_combustion_share,E,estimated,estimated,0.6
09,2027,e_combustion_share,E,estimated,estimated,0.6
10,2020,e_combustion_share,E,derived,derived,0.85
10,2021,e_combustion_share,E,derived,derived,0.85
10,2022,e_combustion_share,E,derived,derived,0.85
10,2023,e_combustion_share,E,derived,derived,0.85
10,2024,e_combustion_share,E,derived,derived,0.85
10,2025,e_combustion_share,E,derived,derived,0.85
10,2026,e_combustion_share,E,estimated,estimated,0.6
10,2027,e_combustion_share,E,estimated,estimated,0.6
11,2020,e_combustion_share,E,derived,derived,0.85
11,2021,e_combustion_share,E,derived,derived,0.85
11,2022,e_combustion_share,E,derived,derived,0.85
11,2023,e_combustion_share,E,derived,derived,0.85
11,2024,e_combustion_share,E,derived,derived,0.85
11,2025,e_combustion_share,E,derived,derived,0.85
11,2026,e_combustion_share,E,estimated,estimated,0.6
11,2027,e_combustion_share,E,estimated,estimated,0.6
12,2020,e_combustion_share,E,derived,derived,0.85
12,2021,e_combustion_share,E,derived,derived,0.85
12,2022,e_combustion_share,E,derived,derived,0.85
12,2023,e_combustion_share,E,derived,derived,0.85
12,2024,e_combustion_share,E,derived,derived,0.85
12,2025,e_combustion_share,E,derived,derived,0.85
12,2026,e_combustion_share,E,estimated,estimated,0.6
12,2027,e_combustion_share,E,estimated,estimated,0.6
13,2020,e_combustion_share,E,derived,derived,0.85
13,2021,e_combustion_share,E,derived,derived,0.85
13,2022,e_combustion_share,E,derived,derived,0.85
13,2023,e_combustion_share,E,derived,derived,0.85
13,2024,e_combustion_share,E,derived,derived,0.85
13,2025,e_combustion_share,E,derived,derived,0.85
13,2026,e_combustion_share,E,estimated,estimated,0.6
13,2027,e_combustion_share,E,estimated,estimated,0.6
14,2020,e_combustion_share,E,derived,derived,0.85
14,2021,e_combustion_share,E,derived,derived,0.85
14,2022,e_combustion_share,E,derived,derived,0.85
14,2023,e_combustion_share,E,derived,derived,0.85
14,2024,e_combustion_share,E,derived,derived,0.85
14,2025,e_combustion_share,E,derived,derived,0.85
14,2026,e_combustion_share,E,estimated,estimated,0.6
14,2027,e_combustion_share,E,estimated,estimated,0.6
15,2020,e_combustion_share,E,derived,derived,0.85
15,2021,e_combustion_share,E,derived,derived,0.85
15,2022,e_combustion_share,E,derived,derived,0.85
15,2023,e_combustion_share,E,derived,derived,0.85
15,2024,e_combustion_share,E,derived,derived,0.85
15,2025,e_combustion_share,E,derived,derived,0.85
15,2026,e_combustion_share,E,estimated,estimated,0.6
15,2027,e_combustion_share,E,estimated,estimated,0.6
16,2020,e_combustion_share,E,derived,derived,0.85
16,2021,e_combustion_share,E,derived,derived,0.85
16,2022,e_combustion_share,E,derived,derived,0.85
16,2023,e_combustion_share,E,derived,derived,0.85
16,2024,e_combustion_share,E,derived,derived,0.85
16,2025,e_combustion_share,E,derived,derived,0.85
16,2026,e_combustion_share,E,estimated,estimated,0.6
16,2027,e_combustion_share,E,estimated,estimated,0.6
17,2020,e_combustion_share,E,derived,derived,0.85
17,2021,e_combustion_share,E,derived,derived,0.85
17,2022,e_combustion_share,E,derived,derived,0.85
17,2023,e_combustion_share,E,derived,derived,0.85
17,2024,e_combustion_share,E,derived,derived,0.85
17,2025,e_combustion_share,E,derived,derived,0.85
17,2026,e_combustion_share,E,estimated,estimated,0.6
17,2027,e_combustion_share,E,estimated,estimated,0.6
18,2020,e_combustion_share,E,derived,derived,0.85
18,2021,e_combustion_share,E,derived,derived,0.85
18,2022,e_combustion_share,E,derived,derived,0.85
18,2023,e_combustion_share,E,derived,derived,0.85
18,2024,e_combustion_share,E,derived,derived,0.85
18,2025,e_combustion_share,E,derived,derived,0.85
18,2026,e_combustion_share,E,estimated,estimated,0.6
18,2027,e_combustion_share,E,estimated,estimated,0.6
19,2020,e_combustion_share,E,derived,derived,0.85
19,2021,e_combustion_share,E,derived,derived,0.85
19,2022,e_combustion_share,E,derived,derived,0.85
19,2023,e_combustion_share,E,derived,derived,0.85
19,2024,e_combustion_share,E,derived,derived,0.85
19,2025,e_combustion_share,E,derived,derived,0.85
19,2026,e_combustion_share,E,estimated,estimated,0.6
19,2027,e_combustion_share,E,estimated,estimated,0.6
20,2020,e_combustion_share,E,derived,derived,0.85
20,2021,e_combustion_share,E,derived,derived,0.85
20,2022,e_combustion_share,E,derived,derived,0.85
20,2023,e_combustion_share,E,derived,derived,0.85
20,2024,e_combustion_share,E,derived,derived,0.85
20,2025,e_combustion_share,E,derived,derived,0.85
20,2026,e_combustion_share,E,estimated,estimated,0.6
20,2027,e_combustion_share,E,estimated,estimated,0.6
21,2020,e_combustion_share,E,derived,derived,0.85
21,2021,e_combustion_share,E,derived,derived,0.85
21,2022,e_combustion_share,E,derived,derived,0.85
21,2023,e_combustion_share,E,derived,derived,0.85
21,2024,e_combustion_share,E,derived,derived,0.85
21,2025,e_combustion_share,E,derived,derived,0.85
21,2026,e_combustion_share,E,estimated,estimated,0.6
21,2027,e_combustion_share,E,estimated,estimated,0.6
22,2020,e_combustion_share,E,derived,derived,0.85
22,2021,e_combustion_share,E,derived,derived,0.85
22,2022,e_combustion_share,E,derived,derived,0.85
22,2023,e_combustion_share,E,derived,derived,0.85
22,2024,e_combustion_share,E,derived,derived,0.85
22,2025,e_combustion_share,E,derived,derived,0.85
22,2026,e_combustion_share,E,estimated,estimated,0.6
22,2027,e_combustion_share,E,estimated,estimated,0.6
23,2020,e_combustion_share,E,derived,derived,0.85
23,2021,e_combustion_share,E,derived,derived,0.85
23,2022,e_combustion_share,E,derived,derived,0.85
23,2023,e_combustion_share,E,derived,derived,0.85
23,2024,e_combustion_share,E,derived,derived,0.85
23,2025,e_combustion_share,E,derived,derived,0.85
23,2026,e_combustion_share,E,estimated,estimated,0.6
23,2027,e_combustion_share,E,estimated,estimated,0.6
24,2020,e_combustion_share,E,derived,derived,0.85
24,2021,e_combustion_share,E,derived,derived,0.85
24,2022,e_combustion_share,E,derived,derived,0.85
24,2023,e_combustion_share,E,derived,derived,0.85
24,2024,e_combustion_share,E,derived,derived,0.85
24,2025,e_combustion_share,E,derived,derived,0.85
24,2026,e_combustion_share,E,estimated,estimated,0.6
24,2027,e_combustion_share,E,estimated,estimated,0.6
25,2020,e_combustion_share,E,derived,derived,0.85
25,2021,e_combustion_share,E,derived,derived,0.85
25,2022,e_combustion_share,E,derived,derived,0.85
25,2023,e_combustion_share,E,derived,derived,0.85
25,2024,e_combustion_share,E,derived,derived,0.85
25,2025,e_combustion_share,E,derived,derived,0.85
25,2026,e_combustion_share,E,estimated,estimated,0.6
25,2027,e_combustion_share,E,estimated,estimated,0.6
26,2020,e_combustion_share,E,derived,derived,0.85
26,2021,e_combustion_share,E,derived,derived,0.85
26,2022,e_combustion_share,E,derived,derived,0.85
26,2023,e_combustion_share,E,derived,derived,0.85
26,2024,e_combustion_share,E,derived,derived,0.85
26,2025,e_combustion_share,E,derived,derived,0.85
26,2026,e_combustion_share,E,estimated,estimated,0.6
26,2027,e_combustion_share,E,estimated,estimated,0.6
27,2020,e_combustion_share,E,derived,derived,0.85
27,2021,e_combustion_share,E,derived,derived,0.85
27,2022,e_combustion_share,E,derived,derived,0.85
27,2023,e_combustion_share,E,derived,derived,0.85
27,2024,e_combustion_share,E,derived,derived,0.85
27,2025,e_combustion_share,E,derived,derived,0.85
27,2026,e_combustion_share,E,estimated,estimated,0.6
27,2027,e_combustion_share,E,estimated,estimated,0.6
28,2020,e_combustion_share,E,derived,derived,0.85
28,2021,e_combustion_share,E,derived,derived,0.85
28,2022,e_combustion_share,E,derived,derived,0.85
28,2023,e_combustion_share,E,derived,derived,0.85
28,2024,e_combustion_share,E,derived,derived,0.85
28,2025,e_combustion_share,E,derived,derived,0.85
28,2026,e_combustion_share,E,estimated,estimated,0.6
28,2027,e_combustion_share,E,estimated,estimated,0.6
29,2020,e_combustion_share,E,derived,derived,0.85
29,2021,e_combustion_share,E,derived,derived,0.85
29,2022,e_combustion_share,E,derived,derived,0.85
29,2023,e_combustion_share,E,derived,derived,0.85
29,2024,e_combustion_share,E,derived,derived,0.85
29,2025,e_combustion_share,E,derived,derived,0.85
29,2026,e_combustion_share,E,estimated,estimated,0.6
29,2027,e_combustion_share,E,estimated,estimated,0.6
30,2020,e_combustion_share,E,derived,derived,0.85
30,2021,e_combustion_share,E,derived,derived,0.85
30,2022,e_combustion_share,E,derived,derived,0.85
30,2023,e_combustion_share,E,derived,derived,0.85
30,2024,e_combustion_share,E,derived,derived,0.85
30,2025,e_combustion_share,E,derived,derived,0.85
30,2026,e_combustion_share,E,estimated,estimated,0.6
30,2027,e_combustion_share,E,estimated,estimated,0.6
31,2020,e_combustion_share,E,derived,derived,0.85
31,2021,e_combustion_share,E,derived,derived,0.85
31,2022,e_combustion_share,E,derived,derived,0.85
31,2023,e_combustion_share,E,derived,derived,0.85
31,2024,e_combustion_share,E,derived,derived,0.85
31,2025,e_combustion_share,E,derived,derived,0.85
31,2026,e_combustion_share,E,estimated,estimated,0.6
31,2027,e_combustion_share,E,estimated,estimated,0.6
32,2020,e_combustion_share,E,derived,derived,0.85
32,2021,e_combustion_share,E,derived,derived,0.85
32,2022,e_combustion_share,E,derived,derived,0.85
32,2023,e_combustion_share,E,derived,derived,0.85
32,2024,e_combustion_share,E,derived,derived,0.85
32,2025,e_combustion_share,E,derived,derived,0.85
32,2026,e_combustion_share,E,estimated,estimated,0.6
32,2027,e_combustion_share,E,estimated,estimated,0.6
01,2020,v_drought_vulnerability,V,modelled,modelled,0.35
01,2021,v_drought_vulnerability,V,modelled,modelled,0.35
01,2022,v_drought_vulnerability,V,modelled,modelled,0.35
01,2023,v_drought_vulnerability,V,modelled,modelled,0.35
01,2024,v_drought_vulnerability,V,modelled,modelled,0.35
01,2025,v_drought_vulnerability,V,modelled,modelled,0.35
01,2026,v_drought_vulnerability,V,modelled,modelled,0.35
01,2027,v_drought_vulnerability,V,modelled,modelled,0.35
02,2020,v_drought_vulnerability,V,modelled,modelled,0.35
02,2021,v_drought_vulnerability,V,modelled,modelled,0.35
02,2022,v_drought_vulnerability,V,modelled,modelled,0.35
02,2023,v_drought_vulnerability,V,modelled,modelled,0.35
02,2024,v_drought_vulnerability,V,modelled,modelled,0.35
02,2025,v_drought_vulnerability,V,modelled,modelled,0.35
02,2026,v_drought_vulnerability,V,modelled,modelled,0.35
02,2027,v_drought_vulnerability,V,modelled,modelled,0.35
03,2020,v_drought_vulnerability,V,modelled,modelled,0.35
03,2021,v_drought_vulnerability,V,modelled,modelled,0.35
03,2022,v_drought_vulnerability,V,modelled,modelled,0.35
03,2023,v_drought_vulnerability,V,modelled,modelled,0.35
03,2024,v_drought_vulnerability,V,modelled,modelled,0.35
03,2025,v_drought_vulnerability,V,modelled,modelled,0.35
03,2026,v_drought_vulnerability,V,modelled,modelled,0.35
03,2027,v_drought_vulnerability,V,modelled,modelled,0.35
04,2020,v_drought_vulnerability,V,modelled,modelled,0.35
04,2021,v_drought_vulnerability,V,modelled,modelled,0.35
04,2022,v_drought_vulnerability,V,modelled,modelled,0.35
04,2023,v_drought_vulnerability,V,modelled,modelled,0.35
04,2024,v_drought_vulnerability,V,modelled,modelled,0.35
04,2025,v_drought_vulnerability,V,modelled,modelled,0.35
04,2026,v_drought_vulnerability,V,modelled,modelled,0.35
04,2027,v_drought_vulnerability,V,modelled,modelled,0.35
05,2020,v_drought_vulnerability,V,modelled,modelled,0.35
05,2021,v_drought_vulnerability,V,modelled,modelled,0.35
05,2022,v_drought_vulnerability,V,modelled,modelled,0.35
05,2023,v_drought_vulnerability,V,modelled,modelled,0.35
05,2024,v_drought_vulnerability,V,modelled,modelled,0.35
05,2025,v_drought_vulnerability,V,modelled,modelled,0.35
05,2026,v_drought_vulnerability,V,modelled,modelled,0.35
05,2027,v_drought_vulnerability,V,modelled,modelled,0.35
06,2020,v_drought_vulnerability,V,modelled,modelled,0.35
06,2021,v_drought_vulnerability,V,modelled,modelled,0.35
06,2022,v_drought_vulnerability,V,modelled,modelled,0.35
06,2023,v_drought_vulnerability,V,modelled,modelled,0.35
06,2024,v_drought_vulnerability,V,modelled,modelled,0.35
06,2025,v_drought_vulnerability,V,modelled,modelled,0.35
06,2026,v_drought_vulnerability,V,modelled,modelled,0.35
06,2027,v_drought_vulnerability,V,modelled,modelled,0.35
07,2020,v_drought_vulnerability,V,modelled,modelled,0.35
07,2021,v_drought_vulnerability,V,modelled,modelled,0.35
07,2022,v_drought_vulnerability,V,modelled,modelled,0.35
07,2023,v_drought_vulnerability,V,modelled,modelled,0.35
07,2024,v_drought_vulnerability,V,modelled,modelled,0.35
07,2025,v_drought_vulnerability,V,modelled,modelled,0.35
07,2026,v_drought_vulnerability,V,modelled,modelled,0.35
07,2027,v_drought_vulnerability,V,modelled,modelled,0.35
08,2020,v_drought_vulnerability,V,modelled,modelled,0.35
08,2021,v_drought_vulnerability,V,modelled,modelled,0.35
08,2022,v_drought_vulnerability,V,modelled,modelled,0.35
08,2023,v_drought_vulnerability,V,modelled,modelled,0.35
08,2024,v_drought_vulnerability,V,modelled,modelled,0.35
08,2025,v_drought_vulnerability,V,modelled,modelled,0.35
08,2026,v_drought_vulnerability,V,modelled,modelled,0.35
08,2027,v_drought_vulnerability,V,modelled,modelled,0.35
09,2020,v_drought_vulnerability,V,modelled,modelled,0.35
09,2021,v_drought_vulnerability,V,modelled,modelled,0.35
09,2022,v_drought_vulnerability,V,modelled,modelled,0.35
09,2023,v_drought_vulnerability,V,modelled,modelled,0.35
09,2024,v_drought_vulnerability,V,modelled,modelled,0.35
09,2025,v_drought_vulnerability,V,modelled,modelled,0.35
09,2026,v_drought_vulnerability,V,modelled,modelled,0.35
09,2027,v_drought_vulnerability,V,modelled,modelled,0.35
10,2020,v_drought_vulnerability,V,modelled,modelled,0.35
10,2021,v_drought_vulnerability,V,modelled,modelled,0.35
10,2022,v_drought_vulnerability,V,modelled,modelled,0.35
10,2023,v_drought_vulnerability,V,modelled,modelled,0.35
10,2024,v_drought_vulnerability,V,modelled,modelled,0.35
10,2025,v_drought_vulnerability,V,modelled,modelled,0.35
10,2026,v_drought_vulnerability,V,modelled,modelled,0.35
10,2027,v_drought_vulnerability,V,modelled,modelled,0.35
11,2020,v_drought_vulnerability,V,modelled,modelled,0.35
11,2021,v_drought_vulnerability,V,modelled,modelled,0.35
11,2022,v_drought_vulnerability,V,modelled,modelled,0.35
11,2023,v_drought_vulnerability,V,modelled,modelled,0.35
11,2024,v_drought_vulnerability,V,modelled,modelled,0.35
11,2025,v_drought_vulnerability,V,modelled,modelled,0.35
11,2026,v_drought_vulnerability,V,modelled,modelled,0.35
11,2027,v_drought_vulnerability,V,modelled,modelled,0.35
12,2020,v_drought_vulnerability,V,modelled,modelled,0.35
12,2021,v_drought_vulnerability,V,modelled,modelled,0.35
12,2022,v_drought_vulnerability,V,modelled,modelled,0.35
12,2023,v_drought_vulnerability,V,modelled,modelled,0.35
12,2024,v_drought_vulnerability,V,modelled,modelled,0.35
12,2025,v_drought_vulnerability,V,modelled,modelled,0.35
12,2026,v_drought_vulnerability,V,modelled,modelled,0.35
12,2027,v_drought_vulnerability,V,modelled,modelled,0.35
13,2020,v_drought_vulnerability,V,modelled,modelled,0.35
13,2021,v_drought_vulnerability,V,modelled,modelled,0.35
13,2022,v_drought_vulnerability,V,modelled,modelled,0.35
13,2023,v_drought_vulnerability,V,modelled,modelled,0.35
13,2024,v_drought_vulnerability,V,modelled,modelled,0.35
13,2025,v_drought_vulnerability,V,modelled,modelled,0.35
13,2026,v_drought_vulnerability,V,modelled,modelled,0.35
13,2027,v_drought_vulnerability,V,modelled,modelled,0.35
14,2020,v_drought_vulnerability,V,modelled,modelled,0.35
14,2021,v_drought_vulnerability,V,modelled,modelled,0.35
14,2022,v_drought_vulnerability,V,modelled,modelled,0.35
14,2023,v_drought_vulnerability,V,modelled,modelled,0.35
14,2024,v_drought_vulnerability,V,modelled,modelled,0.35
14,2025,v_drought_vulnerability,V,modelled,modelled,0.35
14,2026,v_drought_vulnerability,V,modelled,modelled,0.35
14,2027,v_drought_vulnerability,V,modelled,modelled,0.35
15,2020,v_drought_vulnerability,V,modelled,modelled,0.35
15,2021,v_drought_vulnerability,V,modelled,modelled,0.35
15,2022,v_drought_vulnerability,V,modelled,modelled,0.35
15,2023,v_drought_vulnerability,V,modelled,modelled,0.35
15,2024,v_drought_vulnerability,V,modelled,modelled,0.35
15,2025,v_drought_vulnerability,V,modelled,modelled,0.35
15,2026,v_drought_vulnerability,V,modelled,modelled,0.35
15,2027,v_drought_vulnerability,V,modelled,modelled,0.35
16,2020,v_drought_vulnerability,V,modelled,modelled,0.35
16,2021,v_drought_vulnerability,V,modelled,modelled,0.35
16,2022,v_drought_vulnerability,V,modelled,modelled,0.35
16,2023,v_drought_vulnerability,V,modelled,modelled,0.35
16,2024,v_drought_vulnerability,V,modelled,modelled,0.35
16,2025,v_drought_vulnerability,V,modelled,modelled,0.35
16,2026,v_drought_vulnerability,V,modelled,modelled,0.35
16,2027,v_drought_vulnerability,V,modelled,modelled,0.35
17,2020,v_drought_vulnerability,V,modelled,modelled,0.35
17,2021,v_drought_vulnerability,V,modelled,modelled,0.35
17,2022,v_drought_vulnerability,V,modelled,modelled,0.35
17,2023,v_drought_vulnerability,V,modelled,modelled,0.35
17,2024,v_drought_vulnerability,V,modelled,modelled,0.35
17,2025,v_drought_vulnerability,V,modelled,modelled,0.35
17,2026,v_drought_vulnerability,V,modelled,modelled,0.35
17,2027,v_drought_vulnerability,V,modelled,modelled,0.35
18,2020,v_drought_vulnerability,V,modelled,modelled,0.35
18,2021,v_drought_vulnerability,V,modelled,modelled,0.35
18,2022,v_drought_vulnerability,V,modelled,modelled,0.35
18,2023,v_drought_vulnerability,V,modelled,modelled,0.35
18,2024,v_drought_vulnerability,V,modelled,modelled,0.35
18,2025,v_drought_vulnerability,V,modelled,modelled,0.35
18,2026,v_drought_vulnerability,V,modelled,modelled,0.35
18,2027,v_drought_vulnerability,V,modelled,modelled,0.35
19,2020,v_drought_vulnerability,V,modelled,modelled,0.35
19,2021,v_drought_vulnerability,V,modelled,modelled,0.35
19,2022,v_drought_vulnerability,V,modelled,modelled,0.35
19,2023,v_drought_vulnerability,V,modelled,modelled,0.35
19,2024,v_drought_vulnerability,V,modelled,modelled,0.35
19,2025,v_drought_vulnerability,V,modelled,modelled,0.35
19,2026,v_drought_vulnerability,V,modelled,modelled,0.35
19,2027,v_drought_vulnerability,V,modelled,modelled,0.35
20,2020,v_drought_vulnerability,V,modelled,modelled,0.35
20,2021,v_drought_vulnerability,V,modelled,modelled,0.35
20,2022,v_drought_vulnerability,V,modelled,modelled,0.35
20,2023,v_drought_vulnerability,V,modelled,modelled,0.35
20,2024,v_drought_vulnerability,V,modelled,modelled,0.35
20,2025,v_drought_vulnerability,V,modelled,modelled,0.35
20,2026,v_drought_vulnerability,V,modelled,modelled,0.35
20,2027,v_drought_vulnerability,V,modelled,modelled,0.35
21,2020,v_drought_vulnerability,V,modelled,modelled,0.35
21,2021,v_drought_vulnerability,V,modelled,modelled,0.35
21,2022,v_drought_vulnerability,V,modelled,modelled,0.35
21,2023,v_drought_vulnerability,V,modelled,modelled,0.35
21,2024,v_drought_vulnerability,V,modelled,modelled,0.35
21,2025,v_drought_vulnerability,V,modelled,modelled,0.35
21,2026,v_drought_vulnerability,V,modelled,modelled,0.35
21,2027,v_drought_vulnerability,V,modelled,modelled,0.35
22,2020,v_drought_vulnerability,V,modelled,modelled,0.35
22,2021,v_drought_vulnerability,V,modelled,modelled,0.35
22,2022,v_drought_vulnerability,V,modelled,modelled,0.35
22,2023,v_drought_vulnerability,V,modelled,modelled,0.35
22,2024,v_drought_vulnerability,V,modelled,modelled,0.35
22,2025,v_drought_vulnerability,V,modelled,modelled,0.35
22,2026,v_drought_vulnerability,V,modelled,modelled,0.35
22,2027,v_drought_vulnerability,V,modelled,modelled,0.35
23,2020,v_drought_vulnerability,V,modelled,modelled,0.35
23,2021,v_drought_vulnerability,V,modelled,modelled,0.35
23,2022,v_drought_vulnerability,V,modelled,modelled,0.35
23,2023,v_drought_vulnerability,V,modelled,modelled,0.35
23,2024,v_drought_vulnerability,V,modelled,modelled,0.35
23,2025,v_drought_vulnerability,V,modelled,modelled,0.35
23,2026,v_drought_vulnerability,V,modelled,modelled,0.35
23,2027,v_drought_vulnerability,V,modelled,modelled,0.35
24,2020,v_drought_vulnerability,V,modelled,modelled,0.35
24,2021,v_drought_vulnerability,V,modelled,modelled,0.35
24,2022,v_drought_vulnerability,V,modelled,modelled,0.35
24,2023,v_drought_vulnerability,V,modelled,modelled,0.35
24,2024,v_drought_vulnerability,V,modelled,modelled,0.35
24,2025,v_drought_vulnerability,V,modelled,modelled,0.35
24,2026,v_drought_vulnerability,V,modelled,modelled,0.35
24,2027,v_drought_vulnerability,V,modelled,modelled,0.35
25,2020,v_drought_vulnerability,V,modelled,modelled,0.35
25,2021,v_drought_vulnerability,V,modelled,modelled,0.35
25,2022,v_drought_vulnerability,V,modelled,modelled,0.35
25,2023,v_drought_vulnerability,V,modelled,modelled,0.35
25,2024,v_drought_vulnerability,V,modelled,modelled,0.35
25,2025,v_drought_vulnerability,V,modelled,modelled,0.35
25,2026,v_drought_vulnerability,V,modelled,modelled,0.35
25,2027,v_drought_vulnerability,V,modelled,modelled,0.35
26,2020,v_drought_vulnerability,V,modelled,modelled,0.35
26,2021,v_drought_vulnerability,V,modelled,modelled,0.35
26,2022,v_drought_vulnerability,V,modelled,modelled,0.35
26,2023,v_drought_vulnerability,V,modelled,modelled,0.35
26,2024,v_drought_vulnerability,V,modelled,modelled,0.35
26,2025,v_drought_vulnerability,V,modelled,modelled,0.35
26,2026,v_drought_vulnerability,V,modelled,modelled,0.35
26,2027,v_drought_vulnerability,V,modelled,modelled,0.35
27,2020,v_drought_vulnerability,V,modelled,modelled,0.35
27,2021,v_drought_vulnerability,V,modelled,modelled,0.35
27,2022,v_drought_vulnerability,V,modelled,modelled,0.35
27,2023,v_drought_vulnerability,V,modelled,modelled,0.35
27,2024,v_drought_vulnerability,V,modelled,modelled,0.35
27,2025,v_drought_vulnerability,V,modelled,modelled,0.35
27,2026,v_drought_vulnerability,V,modelled,modelled,0.35
27,2027,v_drought_vulnerability,V,modelled,modelled,0.35
28,2020,v_drought_vulnerability,V,modelled,modelled,0.35
28,2021,v_drought_vulnerability,V,modelled,modelled,0.35
28,2022,v_drought_vulnerability,V,modelled,modelled,0.35
28,2023,v_drought_vulnerability,V,modelled,modelled,0.35
28,2024,v_drought_vulnerability,V,modelled,modelled,0.35
28,2025,v_drought_vulnerability,V,modelled,modelled,0.35
28,2026,v_drought_vulnerability,V,modelled,modelled,0.35
28,2027,v_drought_vulnerability,V,modelled,modelled,0.35
29,2020,v_drought_vulnerability,V,modelled,modelled,0.35
29,2021,v_drought_vulnerability,V,modelled,modelled,0.35
29,2022,v_drought_vulnerability,V,modelled,modelled,0.35
29,2023,v_drought_vulnerability,V,modelled,modelled,0.35
29,2024,v_drought_vulnerability,V,modelled,modelled,0.35
29,2025,v_drought_vulnerability,V,modelled,modelled,0.35
29,2026,v_drought_vulnerability,V,modelled,modelled,0.35
29,2027,v_drought_vulnerability,V,modelled,modelled,0.35
30,2020,v_drought_vulnerability,V,modelled,modelled,0.35
30,2021,v_drought_vulnerability,V,modelled,modelled,0.35
30,2022,v_drought_vulnerability,V,modelled,modelled,0.35
30,2023,v_drought_vulnerability,V,modelled,modelled,0.35
30,2024,v_drought_vulnerability,V,modelled,modelled,0.35
30,2025,v_drought_vulnerability,V,modelled,modelled,0.35
30,2026,v_drought_vulnerability,V,modelled,modelled,0.35
30,2027,v_drought_vulnerability,V,modelled,modelled,0.35
31,2020,v_drought_vulnerability,V,modelled,modelled,0.35
31,2021,v_drought_vulnerability,V,modelled,modelled,0.35
31,2022,v_drought_vulnerability,V,modelled,modelled,0.35
31,2023,v_drought_vulnerability,V,modelled,modelled,0.35
31,2024,v_drought_vulnerability,V,modelled,modelled,0.35
31,2025,v_drought_vulnerability,V,modelled,modelled,0.35
31,2026,v_drought_vulnerability,V,modelled,modelled,0.35
31,2027,v_drought_vulnerability,V,modelled,modelled,0.35
32,2020,v_drought_vulnerability,V,modelled,modelled,0.35
32,2021,v_drought_vulnerability,V,modelled,modelled,0.35
32,2022,v_drought_vulnerability,V,modelled,modelled,0.35
32,2023,v_drought_vulnerability,V,modelled,modelled,0.35
32,2024,v_drought_vulnerability,V,modelled,modelled,0.35
32,2025,v_drought_vulnerability,V,modelled,modelled,0.35
32,2026,v_drought_vulnerability,V,modelled,modelled,0.35
32,2027,v_drought_vulnerability,V,modelled,modelled,0.35
01,2020,v_marginalization,V,derived,derived,0.85
01,2021,v_marginalization,V,derived,derived,0.85
01,2022,v_marginalization,V,derived,derived,0.7225
01,2023,v_marginalization,V,derived,derived,0.595
01,2024,v_marginalization,V,derived,derived,0.4675
01,2025,v_marginalization,V,derived,derived,0.34
01,2026,v_marginalization,V,derived,derived,0.34
01,2027,v_marginalization,V,derived,derived,0.34
02,2020,v_marginalization,V,derived,derived,0.85
02,2021,v_marginalization,V,derived,derived,0.85
02,2022,v_marginalization,V,derived,derived,0.7225
02,2023,v_marginalization,V,derived,derived,0.595
02,2024,v_marginalization,V,derived,derived,0.4675
02,2025,v_marginalization,V,derived,derived,0.34
02,2026,v_marginalization,V,derived,derived,0.34
02,2027,v_marginalization,V,derived,derived,0.34
03,2020,v_marginalization,V,derived,derived,0.85
03,2021,v_marginalization,V,derived,derived,0.85
03,2022,v_marginalization,V,derived,derived,0.7225
03,2023,v_marginalization,V,derived,derived,0.595
03,2024,v_marginalization,V,derived,derived,0.4675
03,2025,v_marginalization,V,derived,derived,0.34
03,2026,v_marginalization,V,derived,derived,0.34
03,2027,v_marginalization,V,derived,derived,0.34
04,2020,v_marginalization,V,derived,derived,0.85
04,2021,v_marginalization,V,derived,derived,0.85
04,2022,v_marginalization,V,derived,derived,0.7225
04,2023,v_marginalization,V,derived,derived,0.595
04,2024,v_marginalization,V,derived,derived,0.4675
04,2025,v_marginalization,V,derived,derived,0.34
04,2026,v_marginalization,V,derived,derived,0.34
04,2027,v_marginalization,V,derived,derived,0.34
05,2020,v_marginalization,V,derived,derived,0.85
05,2021,v_marginalization,V,derived,derived,0.85
05,2022,v_marginalization,V,derived,derived,0.7225
05,2023,v_marginalization,V,derived,derived,0.595
05,2024,v_marginalization,V,derived,derived,0.4675
05,2025,v_marginalization,V,derived,derived,0.34
05,2026,v_marginalization,V,derived,derived,0.34
05,2027,v_marginalization,V,derived,derived,0.34
06,2020,v_marginalization,V,derived,derived,0.85
06,2021,v_marginalization,V,derived,derived,0.85
06,2022,v_marginalization,V,derived,derived,0.7225
06,2023,v_marginalization,V,derived,derived,0.595
06,2024,v_marginalization,V,derived,derived,0.4675
06,2025,v_marginalization,V,derived,derived,0.34
06,2026,v_marginalization,V,derived,derived,0.34
06,2027,v_marginalization,V,derived,derived,0.34
07,2020,v_marginalization,V,derived,derived,0.85
07,2021,v_marginalization,V,derived,derived,0.85
07,2022,v_marginalization,V,derived,derived,0.7225
07,2023,v_marginalization,V,derived,derived,0.595
07,2024,v_marginalization,V,derived,derived,0.4675
07,2025,v_marginalization,V,derived,derived,0.34
07,2026,v_marginalization,V,derived,derived,0.34
07,2027,v_marginalization,V,derived,derived,0.34
08,2020,v_marginalization,V,derived,derived,0.85
08,2021,v_marginalization,V,derived,derived,0.85
08,2022,v_marginalization,V,derived,derived,0.7225
08,2023,v_marginalization,V,derived,derived,0.595
08,2024,v_marginalization,V,derived,derived,0.4675
08,2025,v_marginalization,V,derived,derived,0.34
08,2026,v_marginalization,V,derived,derived,0.34
08,2027,v_marginalization,V,derived,derived,0.34
09,2020,v_marginalization,V,derived,derived,0.85
09,2021,v_marginalization,V,derived,derived,0.85
09,2022,v_marginalization,V,derived,derived,0.7225
09,2023,v_marginalization,V,derived,derived,0.595
09,2024,v_marginalization,V,derived,derived,0.4675
09,2025,v_marginalization,V,derived,derived,0.34
09,2026,v_marginalization,V,derived,derived,0.34
09,2027,v_marginalization,V,derived,derived,0.34
10,2020,v_marginalization,V,derived,derived,0.85
10,2021,v_marginalization,V,derived,derived,0.85
10,2022,v_marginalization,V,derived,derived,0.7225
10,2023,v_marginalization,V,derived,derived,0.595
10,2024,v_marginalization,V,derived,derived,0.4675
10,2025,v_marginalization,V,derived,derived,0.34
10,2026,v_marginalization,V,derived,derived,0.34
10,2027,v_marginalization,V,derived,derived,0.34
11,2020,v_marginalization,V,derived,derived,0.85
11,2021,v_marginalization,V,derived,derived,0.85
11,2022,v_marginalization,V,derived,derived,0.7225
11,2023,v_marginalization,V,derived,derived,0.595
11,2024,v_marginalization,V,derived,derived,0.4675
11,2025,v_marginalization,V,derived,derived,0.34
11,2026,v_marginalization,V,derived,derived,0.34
11,2027,v_marginalization,V,derived,derived,0.34
12,2020,v_marginalization,V,derived,derived,0.85
12,2021,v_marginalization,V,derived,derived,0.85
12,2022,v_marginalization,V,derived,derived,0.7225
12,2023,v_marginalization,V,derived,derived,0.595
12,2024,v_marginalization,V,derived,derived,0.4675
12,2025,v_marginalization,V,derived,derived,0.34
12,2026,v_marginalization,V,derived,derived,0.34
12,2027,v_marginalization,V,derived,derived,0.34
13,2020,v_marginalization,V,derived,derived,0.85
13,2021,v_marginalization,V,derived,derived,0.85
13,2022,v_marginalization,V,derived,derived,0.7225
13,2023,v_marginalization,V,derived,derived,0.595
13,2024,v_marginalization,V,derived,derived,0.4675
13,2025,v_marginalization,V,derived,derived,0.34
13,2026,v_marginalization,V,derived,derived,0.34
13,2027,v_marginalization,V,derived,derived,0.34
14,2020,v_marginalization,V,derived,derived,0.85
14,2021,v_marginalization,V,derived,derived,0.85
14,2022,v_marginalization,V,derived,derived,0.7225
14,2023,v_marginalization,V,derived,derived,0.595
14,2024,v_marginalization,V,derived,derived,0.4675
14,2025,v_marginalization,V,derived,derived,0.34
14,2026,v_marginalization,V,derived,derived,0.34
14,2027,v_marginalization,V,derived,derived,0.34
15,2020,v_marginalization,V,derived,derived,0.85
15,2021,v_marginalization,V,derived,derived,0.85
15,2022,v_marginalization,V,derived,derived,0.7225
15,2023,v_marginalization,V,derived,derived,0.595
15,2024,v_marginalization,V,derived,derived,0.4675
15,2025,v_marginalization,V,derived,derived,0.34
15,2026,v_marginalization,V,derived,derived,0.34
15,2027,v_marginalization,V,derived,derived,0.34
16,2020,v_marginalization,V,derived,derived,0.85
16,2021,v_marginalization,V,derived,derived,0.85
16,2022,v_marginalization,V,derived,derived,0.7225
16,2023,v_marginalization,V,derived,derived,0.595
16,2024,v_marginalization,V,derived,derived,0.4675
16,2025,v_marginalization,V,derived,derived,0.34
16,2026,v_marginalization,V,derived,derived,0.34
16,2027,v_marginalization,V,derived,derived,0.34
17,2020,v_marginalization,V,derived,derived,0.85
17,2021,v_marginalization,V,derived,derived,0.85
17,2022,v_marginalization,V,derived,derived,0.7225
17,2023,v_marginalization,V,derived,derived,0.595
17,2024,v_marginalization,V,derived,derived,0.4675
17,2025,v_marginalization,V,derived,derived,0.34
17,2026,v_marginalization,V,derived,derived,0.34
17,2027,v_marginalization,V,derived,derived,0.34
18,2020,v_marginalization,V,derived,derived,0.85
18,2021,v_marginalization,V,derived,derived,0.85
18,2022,v_marginalization,V,derived,derived,0.7225
18,2023,v_marginalization,V,derived,derived,0.595
18,2024,v_marginalization,V,derived,derived,0.4675
18,2025,v_marginalization,V,derived,derived,0.34
18,2026,v_marginalization,V,derived,derived,0.34
18,2027,v_marginalization,V,derived,derived,0.34
19,2020,v_marginalization,V,derived,derived,0.85
19,2021,v_marginalization,V,derived,derived,0.85
19,2022,v_marginalization,V,derived,derived,0.7225
19,2023,v_marginalization,V,derived,derived,0.595
19,2024,v_marginalization,V,derived,derived,0.4675
19,2025,v_marginalization,V,derived,derived,0.34
19,2026,v_marginalization,V,derived,derived,0.34
19,2027,v_marginalization,V,derived,derived,0.34
20,2020,v_marginalization,V,derived,derived,0.85
20,2021,v_marginalization,V,derived,derived,0.85
20,2022,v_marginalization,V,derived,derived,0.7225
20,2023,v_marginalization,V,derived,derived,0.595
20,2024,v_marginalization,V,derived,derived,0.4675
20,2025,v_marginalization,V,derived,derived,0.34
20,2026,v_marginalization,V,derived,derived,0.34
20,2027,v_marginalization,V,derived,derived,0.34
21,2020,v_marginalization,V,derived,derived,0.85
21,2021,v_marginalization,V,derived,derived,0.85
21,2022,v_marginalization,V,derived,derived,0.7225
21,2023,v_marginalization,V,derived,derived,0.595
21,2024,v_marginalization,V,derived,derived,0.4675
21,2025,v_marginalization,V,derived,derived,0.34
21,2026,v_marginalization,V,derived,derived,0.34
21,2027,v_marginalization,V,derived,derived,0.34
22,2020,v_marginalization,V,derived,derived,0.85
22,2021,v_marginalization,V,derived,derived,0.85
22,2022,v_marginalization,V,derived,derived,0.7225
22,2023,v_marginalization,V,derived,derived,0.595
22,2024,v_marginalization,V,derived,derived,0.4675
22,2025,v_marginalization,V,derived,derived,0.34
22,2026,v_marginalization,V,derived,derived,0.34
22,2027,v_marginalization,V,derived,derived,0.34
23,2020,v_marginalization,V,derived,derived,0.85
23,2021,v_marginalization,V,derived,derived,0.85
23,2022,v_marginalization,V,derived,derived,0.7225
23,2023,v_marginalization,V,derived,derived,0.595
23,2024,v_marginalization,V,derived,derived,0.4675
23,2025,v_marginalization,V,derived,derived,0.34
23,2026,v_marginalization,V,derived,derived,0.34
23,2027,v_marginalization,V,derived,derived,0.34
24,2020,v_marginalization,V,derived,derived,0.85
24,2021,v_marginalization,V,derived,derived,0.85
24,2022,v_marginalization,V,derived,derived,0.7225
24,2023,v_marginalization,V,derived,derived,0.595
24,2024,v_marginalization,V,derived,derived,0.4675
24,2025,v_marginalization,V,derived,derived,0.34
24,2026,v_marginalization,V,derived,derived,0.34
24,2027,v_marginalization,V,derived,derived,0.34
25,2020,v_marginalization,V,derived,derived,0.85
25,2021,v_marginalization,V,derived,derived,0.85
25,2022,v_marginalization,V,derived,derived,0.7225
25,2023,v_marginalization,V,derived,derived,0.595
25,2024,v_marginalization,V,derived,derived,0.4675
25,2025,v_marginalization,V,derived,derived,0.34
25,2026,v_marginalization,V,derived,derived,0.34
25,2027,v_marginalization,V,derived,derived,0.34
26,2020,v_marginalization,V,derived,derived,0.85
26,2021,v_marginalization,V,derived,derived,0.85
26,2022,v_marginalization,V,derived,derived,0.7225
26,2023,v_marginalization,V,derived,derived,0.595
26,2024,v_marginalization,V,derived,derived,0.4675
26,2025,v_marginalization,V,derived,derived,0.34
26,2026,v_marginalization,V,derived,derived,0.34
26,2027,v_marginalization,V,derived,derived,0.34
27,2020,v_marginalization,V,derived,derived,0.85
27,2021,v_marginalization,V,derived,derived,0.85
27,2022,v_marginalization,V,derived,derived,0.7225
27,2023,v_marginalization,V,derived,derived,0.595
27,2024,v_marginalization,V,derived,derived,0.4675
27,2025,v_marginalization,V,derived,derived,0.34
27,2026,v_marginalization,V,derived,derived,0.34
27,2027,v_marginalization,V,derived,derived,0.34
28,2020,v_marginalization,V,derived,derived,0.85
28,2021,v_marginalization,V,derived,derived,0.85
28,2022,v_marginalization,V,derived,derived,0.7225
28,2023,v_marginalization,V,derived,derived,0.595
28,2024,v_marginalization,V,derived,derived,0.4675
28,2025,v_marginalization,V,derived,derived,0.34
28,2026,v_marginalization,V,derived,derived,0.34
28,2027,v_marginalization,V,derived,derived,0.34
29,2020,v_marginalization,V,derived,derived,0.85
29,2021,v_marginalization,V,derived,derived,0.85
29,2022,v_marginalization,V,derived,derived,0.7225
29,2023,v_marginalization,V,derived,derived,0.595
29,2024,v_marginalization,V,derived,derived,0.4675
29,2025,v_marginalization,V,derived,derived,0.34
29,2026,v_marginalization,V,derived,derived,0.34
29,2027,v_marginalization,V,derived,derived,0.34
30,2020,v_marginalization,V,derived,derived,0.85
30,2021,v_marginalization,V,derived,derived,0.85
30,2022,v_marginalization,V,derived,derived,0.7225
30,2023,v_marginalization,V,derived,derived,0.595
30,2024,v_marginalization,V,derived,derived,0.4675
30,2025,v_marginalization,V,derived,derived,0.34
30,2026,v_marginalization,V,derived,derived,0.34
30,2027,v_marginalization,V,derived,derived,0.34
31,2020,v_marginalization,V,derived,derived,0.85
31,2021,v_marginalization,V,derived,derived,0.85
31,2022,v_marginalization,V,derived,derived,0.7225
31,2023,v_marginalization,V,derived,derived,0.595
31,2024,v_marginalization,V,derived,derived,0.4675
31,2025,v_marginalization,V,derived,derived,0.34
31,2026,v_marginalization,V,derived,derived,0.34
31,2027,v_marginalization,V,derived,derived,0.34
32,2020,v_marginalization,V,derived,derived,0.85
32,2021,v_marginalization,V,derived,derived,0.85
32,2022,v_marginalization,V,derived,derived,0.7225
32,2023,v_marginalization,V,derived,derived,0.595
32,2024,v_marginalization,V,derived,derived,0.4675
32,2025,v_marginalization,V,derived,derived,0.34
32,2026,v_marginalization,V,derived,derived,0.34
32,2027,v_marginalization,V,derived,derived,0.34
01,2020,v_pop_density,V,modelled,modelled,0.5
01,2021,v_pop_density,V,modelled,modelled,0.5
01,2022,v_pop_density,V,modelled,modelled,0.5
01,2023,v_pop_density,V,modelled,modelled,0.5
01,2024,v_pop_density,V,modelled,modelled,0.5
01,2025,v_pop_density,V,modelled,modelled,0.5
01,2026,v_pop_density,V,modelled,modelled,0.5
01,2027,v_pop_density,V,modelled,modelled,0.5
02,2020,v_pop_density,V,modelled,modelled,0.5
02,2021,v_pop_density,V,modelled,modelled,0.5
02,2022,v_pop_density,V,modelled,modelled,0.5
02,2023,v_pop_density,V,modelled,modelled,0.5
02,2024,v_pop_density,V,modelled,modelled,0.5
02,2025,v_pop_density,V,modelled,modelled,0.5
02,2026,v_pop_density,V,modelled,modelled,0.5
02,2027,v_pop_density,V,modelled,modelled,0.5
03,2020,v_pop_density,V,modelled,modelled,0.5
03,2021,v_pop_density,V,modelled,modelled,0.5
03,2022,v_pop_density,V,modelled,modelled,0.5
03,2023,v_pop_density,V,modelled,modelled,0.5
03,2024,v_pop_density,V,modelled,modelled,0.5
03,2025,v_pop_density,V,modelled,modelled,0.5
03,2026,v_pop_density,V,modelled,modelled,0.5
03,2027,v_pop_density,V,modelled,modelled,0.5
04,2020,v_pop_density,V,modelled,modelled,0.5
04,2021,v_pop_density,V,modelled,modelled,0.5
04,2022,v_pop_density,V,modelled,modelled,0.5
04,2023,v_pop_density,V,modelled,modelled,0.5
04,2024,v_pop_density,V,modelled,modelled,0.5
04,2025,v_pop_density,V,modelled,modelled,0.5
04,2026,v_pop_density,V,modelled,modelled,0.5
04,2027,v_pop_density,V,modelled,modelled,0.5
05,2020,v_pop_density,V,modelled,modelled,0.5
05,2021,v_pop_density,V,modelled,modelled,0.5
05,2022,v_pop_density,V,modelled,modelled,0.5
05,2023,v_pop_density,V,modelled,modelled,0.5
05,2024,v_pop_density,V,modelled,modelled,0.5
05,2025,v_pop_density,V,modelled,modelled,0.5
05,2026,v_pop_density,V,modelled,modelled,0.5
05,2027,v_pop_density,V,modelled,modelled,0.5
06,2020,v_pop_density,V,modelled,modelled,0.5
06,2021,v_pop_density,V,modelled,modelled,0.5
06,2022,v_pop_density,V,modelled,modelled,0.5
06,2023,v_pop_density,V,modelled,modelled,0.5
06,2024,v_pop_density,V,modelled,modelled,0.5
06,2025,v_pop_density,V,modelled,modelled,0.5
06,2026,v_pop_density,V,modelled,modelled,0.5
06,2027,v_pop_density,V,modelled,modelled,0.5
07,2020,v_pop_density,V,modelled,modelled,0.5
07,2021,v_pop_density,V,modelled,modelled,0.5
07,2022,v_pop_density,V,modelled,modelled,0.5
07,2023,v_pop_density,V,modelled,modelled,0.5
07,2024,v_pop_density,V,modelled,modelled,0.5
07,2025,v_pop_density,V,modelled,modelled,0.5
07,2026,v_pop_density,V,modelled,modelled,0.5
07,2027,v_pop_density,V,modelled,modelled,0.5
08,2020,v_pop_density,V,modelled,modelled,0.5
08,2021,v_pop_density,V,modelled,modelled,0.5
08,2022,v_pop_density,V,modelled,modelled,0.5
08,2023,v_pop_density,V,modelled,modelled,0.5
08,2024,v_pop_density,V,modelled,modelled,0.5
08,2025,v_pop_density,V,modelled,modelled,0.5
08,2026,v_pop_density,V,modelled,modelled,0.5
08,2027,v_pop_density,V,modelled,modelled,0.5
09,2020,v_pop_density,V,modelled,modelled,0.5
09,2021,v_pop_density,V,modelled,modelled,0.5
09,2022,v_pop_density,V,modelled,modelled,0.5
09,2023,v_pop_density,V,modelled,modelled,0.5
09,2024,v_pop_density,V,modelled,modelled,0.5
09,2025,v_pop_density,V,modelled,modelled,0.5
09,2026,v_pop_density,V,modelled,modelled,0.5
09,2027,v_pop_density,V,modelled,modelled,0.5
10,2020,v_pop_density,V,modelled,modelled,0.5
10,2021,v_pop_density,V,modelled,modelled,0.5
10,2022,v_pop_density,V,modelled,modelled,0.5
10,2023,v_pop_density,V,modelled,modelled,0.5
10,2024,v_pop_density,V,modelled,modelled,0.5
10,2025,v_pop_density,V,modelled,modelled,0.5
10,2026,v_pop_density,V,modelled,modelled,0.5
10,2027,v_pop_density,V,modelled,modelled,0.5
11,2020,v_pop_density,V,modelled,modelled,0.5
11,2021,v_pop_density,V,modelled,modelled,0.5
11,2022,v_pop_density,V,modelled,modelled,0.5
11,2023,v_pop_density,V,modelled,modelled,0.5
11,2024,v_pop_density,V,modelled,modelled,0.5
11,2025,v_pop_density,V,modelled,modelled,0.5
11,2026,v_pop_density,V,modelled,modelled,0.5
11,2027,v_pop_density,V,modelled,modelled,0.5
12,2020,v_pop_density,V,modelled,modelled,0.5
12,2021,v_pop_density,V,modelled,modelled,0.5
12,2022,v_pop_density,V,modelled,modelled,0.5
12,2023,v_pop_density,V,modelled,modelled,0.5
12,2024,v_pop_density,V,modelled,modelled,0.5
12,2025,v_pop_density,V,modelled,modelled,0.5
12,2026,v_pop_density,V,modelled,modelled,0.5
12,2027,v_pop_density,V,modelled,modelled,0.5
13,2020,v_pop_density,V,modelled,modelled,0.5
13,2021,v_pop_density,V,modelled,modelled,0.5
13,2022,v_pop_density,V,modelled,modelled,0.5
13,2023,v_pop_density,V,modelled,modelled,0.5
13,2024,v_pop_density,V,modelled,modelled,0.5
13,2025,v_pop_density,V,modelled,modelled,0.5
13,2026,v_pop_density,V,modelled,modelled,0.5
13,2027,v_pop_density,V,modelled,modelled,0.5
14,2020,v_pop_density,V,modelled,modelled,0.5
14,2021,v_pop_density,V,modelled,modelled,0.5
14,2022,v_pop_density,V,modelled,modelled,0.5
14,2023,v_pop_density,V,modelled,modelled,0.5
14,2024,v_pop_density,V,modelled,modelled,0.5
14,2025,v_pop_density,V,modelled,modelled,0.5
14,2026,v_pop_density,V,modelled,modelled,0.5
14,2027,v_pop_density,V,modelled,modelled,0.5
15,2020,v_pop_density,V,modelled,modelled,0.5
15,2021,v_pop_density,V,modelled,modelled,0.5
15,2022,v_pop_density,V,modelled,modelled,0.5
15,2023,v_pop_density,V,modelled,modelled,0.5
15,2024,v_pop_density,V,modelled,modelled,0.5
15,2025,v_pop_density,V,modelled,modelled,0.5
15,2026,v_pop_density,V,modelled,modelled,0.5
15,2027,v_pop_density,V,modelled,modelled,0.5
16,2020,v_pop_density,V,modelled,modelled,0.5
16,2021,v_pop_density,V,modelled,modelled,0.5
16,2022,v_pop_density,V,modelled,modelled,0.5
16,2023,v_pop_density,V,modelled,modelled,0.5
16,2024,v_pop_density,V,modelled,modelled,0.5
16,2025,v_pop_density,V,modelled,modelled,0.5
16,2026,v_pop_density,V,modelled,modelled,0.5
16,2027,v_pop_density,V,modelled,modelled,0.5
17,2020,v_pop_density,V,modelled,modelled,0.5
17,2021,v_pop_density,V,modelled,modelled,0.5
17,2022,v_pop_density,V,modelled,modelled,0.5
17,2023,v_pop_density,V,modelled,modelled,0.5
17,2024,v_pop_density,V,modelled,modelled,0.5
17,2025,v_pop_density,V,modelled,modelled,0.5
17,2026,v_pop_density,V,modelled,modelled,0.5
17,2027,v_pop_density,V,modelled,modelled,0.5
18,2020,v_pop_density,V,modelled,modelled,0.5
18,2021,v_pop_density,V,modelled,modelled,0.5
18,2022,v_pop_density,V,modelled,modelled,0.5
18,2023,v_pop_density,V,modelled,modelled,0.5
18,2024,v_pop_density,V,modelled,modelled,0.5
18,2025,v_pop_density,V,modelled,modelled,0.5
18,2026,v_pop_density,V,modelled,modelled,0.5
18,2027,v_pop_density,V,modelled,modelled,0.5
19,2020,v_pop_density,V,modelled,modelled,0.5
19,2021,v_pop_density,V,modelled,modelled,0.5
19,2022,v_pop_density,V,modelled,modelled,0.5
19,2023,v_pop_density,V,modelled,modelled,0.5
19,2024,v_pop_density,V,modelled,modelled,0.5
19,2025,v_pop_density,V,modelled,modelled,0.5
19,2026,v_pop_density,V,modelled,modelled,0.5
19,2027,v_pop_density,V,modelled,modelled,0.5
20,2020,v_pop_density,V,modelled,modelled,0.5
20,2021,v_pop_density,V,modelled,modelled,0.5
20,2022,v_pop_density,V,modelled,modelled,0.5
20,2023,v_pop_density,V,modelled,modelled,0.5
20,2024,v_pop_density,V,modelled,modelled,0.5
20,2025,v_pop_density,V,modelled,modelled,0.5
20,2026,v_pop_density,V,modelled,modelled,0.5
20,2027,v_pop_density,V,modelled,modelled,0.5
21,2020,v_pop_density,V,modelled,modelled,0.5
21,2021,v_pop_density,V,modelled,modelled,0.5
21,2022,v_pop_density,V,modelled,modelled,0.5
21,2023,v_pop_density,V,modelled,modelled,0.5
21,2024,v_pop_density,V,modelled,modelled,0.5
21,2025,v_pop_density,V,modelled,modelled,0.5
21,2026,v_pop_density,V,modelled,modelled,0.5
21,2027,v_pop_density,V,modelled,modelled,0.5
22,2020,v_pop_density,V,modelled,modelled,0.5
22,2021,v_pop_density,V,modelled,modelled,0.5
22,2022,v_pop_density,V,modelled,modelled,0.5
22,2023,v_pop_density,V,modelled,modelled,0.5
22,2024,v_pop_density,V,modelled,modelled,0.5
22,2025,v_pop_density,V,modelled,modelled,0.5
22,2026,v_pop_density,V,modelled,modelled,0.5
22,2027,v_pop_density,V,modelled,modelled,0.5
23,2020,v_pop_density,V,modelled,modelled,0.5
23,2021,v_pop_density,V,modelled,modelled,0.5
23,2022,v_pop_density,V,modelled,modelled,0.5
23,2023,v_pop_density,V,modelled,modelled,0.5
23,2024,v_pop_density,V,modelled,modelled,0.5
23,2025,v_pop_density,V,modelled,modelled,0.5
23,2026,v_pop_density,V,modelled,modelled,0.5
23,2027,v_pop_density,V,modelled,modelled,0.5
24,2020,v_pop_density,V,modelled,modelled,0.5
24,2021,v_pop_density,V,modelled,modelled,0.5
24,2022,v_pop_density,V,modelled,modelled,0.5
24,2023,v_pop_density,V,modelled,modelled,0.5
24,2024,v_pop_density,V,modelled,modelled,0.5
24,2025,v_pop_density,V,modelled,modelled,0.5
24,2026,v_pop_density,V,modelled,modelled,0.5
24,2027,v_pop_density,V,modelled,modelled,0.5
25,2020,v_pop_density,V,modelled,modelled,0.5
25,2021,v_pop_density,V,modelled,modelled,0.5
25,2022,v_pop_density,V,modelled,modelled,0.5
25,2023,v_pop_density,V,modelled,modelled,0.5
25,2024,v_pop_density,V,modelled,modelled,0.5
25,2025,v_pop_density,V,modelled,modelled,0.5
25,2026,v_pop_density,V,modelled,modelled,0.5
25,2027,v_pop_density,V,modelled,modelled,0.5
26,2020,v_pop_density,V,modelled,modelled,0.5
26,2021,v_pop_density,V,modelled,modelled,0.5
26,2022,v_pop_density,V,modelled,modelled,0.5
26,2023,v_pop_density,V,modelled,modelled,0.5
26,2024,v_pop_density,V,modelled,modelled,0.5
26,2025,v_pop_density,V,modelled,modelled,0.5
26,2026,v_pop_density,V,modelled,modelled,0.5
26,2027,v_pop_density,V,modelled,modelled,0.5
27,2020,v_pop_density,V,modelled,modelled,0.5
27,2021,v_pop_density,V,modelled,modelled,0.5
27,2022,v_pop_density,V,modelled,modelled,0.5
27,2023,v_pop_density,V,modelled,modelled,0.5
27,2024,v_pop_density,V,modelled,modelled,0.5
27,2025,v_pop_density,V,modelled,modelled,0.5
27,2026,v_pop_density,V,modelled,modelled,0.5
27,2027,v_pop_density,V,modelled,modelled,0.5
28,2020,v_pop_density,V,modelled,modelled,0.5
28,2021,v_pop_density,V,modelled,modelled,0.5
28,2022,v_pop_density,V,modelled,modelled,0.5
28,2023,v_pop_density,V,modelled,modelled,0.5
28,2024,v_pop_density,V,modelled,modelled,0.5
28,2025,v_pop_density,V,modelled,modelled,0.5
28,2026,v_pop_density,V,modelled,modelled,0.5
28,2027,v_pop_density,V,modelled,modelled,0.5
29,2020,v_pop_density,V,modelled,modelled,0.5
29,2021,v_pop_density,V,modelled,modelled,0.5
29,2022,v_pop_density,V,modelled,modelled,0.5
29,2023,v_pop_density,V,modelled,modelled,0.5
29,2024,v_pop_density,V,modelled,modelled,0.5
29,2025,v_pop_density,V,modelled,modelled,0.5
29,2026,v_pop_density,V,modelled,modelled,0.5
29,2027,v_pop_density,V,modelled,modelled,0.5
30,2020,v_pop_density,V,modelled,modelled,0.5
30,2021,v_pop_density,V,modelled,modelled,0.5
30,2022,v_pop_density,V,modelled,modelled,0.5
30,2023,v_pop_density,V,modelled,modelled,0.5
30,2024,v_pop_density,V,modelled,modelled,0.5
30,2025,v_pop_density,V,modelled,modelled,0.5
30,2026,v_pop_density,V,modelled,modelled,0.5
30,2027,v_pop_density,V,modelled,modelled,0.5
31,2020,v_pop_density,V,modelled,modelled,0.5
31,2021,v_pop_density,V,modelled,modelled,0.5
31,2022,v_pop_density,V,modelled,modelled,0.5
31,2023,v_pop_density,V,modelled,modelled,0.5
31,2024,v_pop_density,V,modelled,modelled,0.5
31,2025,v_pop_density,V,modelled,modelled,0.5
31,2026,v_pop_density,V,modelled,modelled,0.5
31,2027,v_pop_density,V,modelled,modelled,0.5
32,2020,v_pop_density,V,modelled,modelled,0.5
32,2021,v_pop_density,V,modelled,modelled,0.5
32,2022,v_pop_density,V,modelled,modelled,0.5
32,2023,v_pop_density,V,modelled,modelled,0.5
32,2024,v_pop_density,V,modelled,modelled,0.5
32,2025,v_pop_density,V,modelled,modelled,0.5
32,2026,v_pop_density,V,modelled,modelled,0.5
32,2027,v_pop_density,V,modelled,modelled,0.5
01,2020,w_aquifer_deficit_share,W,unknown,unknown,0.0
01,2021,w_aquifer_deficit_share,W,unknown,unknown,0.0
01,2022,w_aquifer_deficit_share,W,unknown,unknown,0.0
01,2023,w_aquifer_deficit_share,W,administrative,known,1.0
01,2024,w_aquifer_deficit_share,W,administrative,known,1.0
01,2025,w_aquifer_deficit_share,W,administrative,known,0.85
01,2026,w_aquifer_deficit_share,W,administrative,known,0.7
01,2027,w_aquifer_deficit_share,W,administrative,known,0.55
02,2020,w_aquifer_deficit_share,W,unknown,unknown,0.0
02,2021,w_aquifer_deficit_share,W,unknown,unknown,0.0
02,2022,w_aquifer_deficit_share,W,unknown,unknown,0.0
02,2023,w_aquifer_deficit_share,W,administrative,known,1.0
02,2024,w_aquifer_deficit_share,W,administrative,known,1.0
02,2025,w_aquifer_deficit_share,W,administrative,known,0.85
02,2026,w_aquifer_deficit_share,W,administrative,known,0.7
02,2027,w_aquifer_deficit_share,W,administrative,known,0.55
03,2020,w_aquifer_deficit_share,W,unknown,unknown,0.0
03,2021,w_aquifer_deficit_share,W,unknown,unknown,0.0
03,2022,w_aquifer_deficit_share,W,unknown,unknown,0.0
03,2023,w_aquifer_deficit_share,W,administrative,known,1.0
03,2024,w_aquifer_deficit_share,W,administrative,known,1.0
03,2025,w_aquifer_deficit_share,W,administrative,known,0.85
03,2026,w_aquifer_deficit_share,W,administrative,known,0.7
03,2027,w_aquifer_deficit_share,W,administrative,known,0.55
04,2020,w_aquifer_deficit_share,W,unknown,unknown,0.0
04,2021,w_aquifer_deficit_share,W,unknown,unknown,0.0
04,2022,w_aquifer_deficit_share,W,unknown,unknown,0.0
04,2023,w_aquifer_deficit_share,W,administrative,known,1.0
04,2024,w_aquifer_deficit_share,W,administrative,known,1.0
04,2025,w_aquifer_deficit_share,W,administrative,known,0.85
04,2026,w_aquifer_deficit_share,W,administrative,known,0.7
04,2027,w_aquifer_deficit_share,W,administrative,known,0.55
05,2020,w_aquifer_deficit_share,W,unknown,unknown,0.0
05,2021,w_aquifer_deficit_share,W,unknown,unknown,0.0
05,2022,w_aquifer_deficit_share,W,unknown,unknown,0.0
05,2023,w_aquifer_deficit_share,W,administrative,known,1.0
05,2024,w_aquifer_deficit_share,W,administrative,known,1.0
05,2025,w_aquifer_deficit_share,W,administrative,known,0.85
05,2026,w_aquifer_deficit_share,W,administrative,known,0.7
05,2027,w_aquifer_deficit_share,W,administrative,known,0.55
06,2020,w_aquifer_deficit_share,W,unknown,unknown,0.0
06,2021,w_aquifer_deficit_share,W,unknown,unknown,0.0
06,2022,w_aquifer_deficit_share,W,unknown,unknown,0.0
06,2023,w_aquifer_deficit_share,W,administrative,known,1.0
06,2024,w_aquifer_deficit_share,W,administrative,known,1.0
06,2025,w_aquifer_deficit_share,W,administrative,known,0.85
06,2026,w_aquifer_deficit_share,W,administrative,known,0.7
06,2027,w_aquifer_deficit_share,W,administrative,known,0.55
07,2020,w_aquifer_deficit_share,W,unknown,unknown,0.0
07,2021,w_aquifer_deficit_share,W,unknown,unknown,0.0
07,2022,w_aquifer_deficit_share,W,unknown,unknown,0.0
07,2023,w_aquifer_deficit_share,W,administrative,known,1.0
07,2024,w_aquifer_deficit_share,W,administrative,known,1.0
07,2025,w_aquifer_deficit_share,W,administrative,known,0.85
07,2026,w_aquifer_deficit_share,W,administrative,known,0.7
07,2027,w_aquifer_deficit_share,W,administrative,known,0.55
08,2020,w_aquifer_deficit_share,W,unknown,unknown,0.0
08,2021,w_aquifer_deficit_share,W,unknown,unknown,0.0
08,2022,w_aquifer_deficit_share,W,unknown,unknown,0.0
08,2023,w_aquifer_deficit_share,W,administrative,known,1.0
08,2024,w_aquifer_deficit_share,W,administrative,known,1.0
08,2025,w_aquifer_deficit_share,W,administrative,known,0.85
08,2026,w_aquifer_deficit_share,W,administrative,known,0.7
08,2027,w_aquifer_deficit_share,W,administrative,known,0.55
09,2020,w_aquifer_deficit_share,W,unknown,unknown,0.0
09,2021,w_aquifer_deficit_share,W,unknown,unknown,0.0
09,2022,w_aquifer_deficit_share,W,unknown,unknown,0.0
09,2023,w_aquifer_deficit_share,W,administrative,known,1.0
09,2024,w_aquifer_deficit_share,W,administrative,known,1.0
09,2025,w_aquifer_deficit_share,W,administrative,known,0.85
09,2026,w_aquifer_deficit_share,W,administrative,known,0.7
09,2027,w_aquifer_deficit_share,W,administrative,known,0.55
10,2020,w_aquifer_deficit_share,W,unknown,unknown,0.0
10,2021,w_aquifer_deficit_share,W,unknown,unknown,0.0
10,2022,w_aquifer_deficit_share,W,unknown,unknown,0.0
10,2023,w_aquifer_deficit_share,W,administrative,known,1.0
10,2024,w_aquifer_deficit_share,W,administrative,known,1.0
10,2025,w_aquifer_deficit_share,W,administrative,known,0.85
10,2026,w_aquifer_deficit_share,W,administrative,known,0.7
10,2027,w_aquifer_deficit_share,W,administrative,known,0.55
11,2020,w_aquifer_deficit_share,W,unknown,unknown,0.0
11,2021,w_aquifer_deficit_share,W,unknown,unknown,0.0
11,2022,w_aquifer_deficit_share,W,unknown,unknown,0.0
11,2023,w_aquifer_deficit_share,W,administrative,known,1.0
11,2024,w_aquifer_deficit_share,W,administrative,known,1.0
11,2025,w_aquifer_deficit_share,W,administrative,known,0.85
11,2026,w_aquifer_deficit_share,W,administrative,known,0.7
11,2027,w_aquifer_deficit_share,W,administrative,known,0.55
12,2020,w_aquifer_deficit_share,W,unknown,unknown,0.0
12,2021,w_aquifer_deficit_share,W,unknown,unknown,0.0
12,2022,w_aquifer_deficit_share,W,unknown,unknown,0.0
12,2023,w_aquifer_deficit_share,W,administrative,known,1.0
12,2024,w_aquifer_deficit_share,W,administrative,known,1.0
12,2025,w_aquifer_deficit_share,W,administrative,known,0.85
12,2026,w_aquifer_deficit_share,W,administrative,known,0.7
12,2027,w_aquifer_deficit_share,W,administrative,known,0.55
13,2020,w_aquifer_deficit_share,W,unknown,unknown,0.0
13,2021,w_aquifer_deficit_share,W,unknown,unknown,0.0
13,2022,w_aquifer_deficit_share,W,unknown,unknown,0.0
13,2023,w_aquifer_deficit_share,W,administrative,known,1.0
13,2024,w_aquifer_deficit_share,W,administrative,known,1.0
13,2025,w_aquifer_deficit_share,W,administrative,known,0.85
13,2026,w_aquifer_deficit_share,W,administrative,known,0.7
13,2027,w_aquifer_deficit_share,W,administrative,known,0.55
14,2020,w_aquifer_deficit_share,W,unknown,unknown,0.0
14,2021,w_aquifer_deficit_share,W,unknown,unknown,0.0
14,2022,w_aquifer_deficit_share,W,unknown,unknown,0.0
14,2023,w_aquifer_deficit_share,W,administrative,known,1.0
14,2024,w_aquifer_deficit_share,W,administrative,known,1.0
14,2025,w_aquifer_deficit_share,W,administrative,known,0.85
14,2026,w_aquifer_deficit_share,W,administrative,known,0.7
14,2027,w_aquifer_deficit_share,W,administrative,known,0.55
15,2020,w_aquifer_deficit_share,W,unknown,unknown,0.0
15,2021,w_aquifer_deficit_share,W,unknown,unknown,0.0
15,2022,w_aquifer_deficit_share,W,unknown,unknown,0.0
15,2023,w_aquifer_deficit_share,W,administrative,known,1.0
15,2024,w_aquifer_deficit_share,W,administrative,known,1.0
15,2025,w_aquifer_deficit_share,W,administrative,known,0.85
15,2026,w_aquifer_deficit_share,W,administrative,known,0.7
15,2027,w_aquifer_deficit_share,W,administrative,known,0.55
16,2020,w_aquifer_deficit_share,W,unknown,unknown,0.0
16,2021,w_aquifer_deficit_share,W,unknown,unknown,0.0
16,2022,w_aquifer_deficit_share,W,unknown,unknown,0.0
16,2023,w_aquifer_deficit_share,W,administrative,known,1.0
16,2024,w_aquifer_deficit_share,W,administrative,known,1.0
16,2025,w_aquifer_deficit_share,W,administrative,known,0.85
16,2026,w_aquifer_deficit_share,W,administrative,known,0.7
16,2027,w_aquifer_deficit_share,W,administrative,known,0.55
17,2020,w_aquifer_deficit_share,W,unknown,unknown,0.0
17,2021,w_aquifer_deficit_share,W,unknown,unknown,0.0
17,2022,w_aquifer_deficit_share,W,unknown,unknown,0.0
17,2023,w_aquifer_deficit_share,W,administrative,known,1.0
17,2024,w_aquifer_deficit_share,W,administrative,known,1.0
17,2025,w_aquifer_deficit_share,W,administrative,known,0.85
17,2026,w_aquifer_deficit_share,W,administrative,known,0.7
17,2027,w_aquifer_deficit_share,W,administrative,known,0.55
18,2020,w_aquifer_deficit_share,W,unknown,unknown,0.0
18,2021,w_aquifer_deficit_share,W,unknown,unknown,0.0
18,2022,w_aquifer_deficit_share,W,unknown,unknown,0.0
18,2023,w_aquifer_deficit_share,W,administrative,known,1.0
18,2024,w_aquifer_deficit_share,W,administrative,known,1.0
18,2025,w_aquifer_deficit_share,W,administrative,known,0.85
18,2026,w_aquifer_deficit_share,W,administrative,known,0.7
18,2027,w_aquifer_deficit_share,W,administrative,known,0.55
19,2020,w_aquifer_deficit_share,W,unknown,unknown,0.0
19,2021,w_aquifer_deficit_share,W,unknown,unknown,0.0
19,2022,w_aquifer_deficit_share,W,unknown,unknown,0.0
19,2023,w_aquifer_deficit_share,W,administrative,known,1.0
19,2024,w_aquifer_deficit_share,W,administrative,known,1.0
19,2025,w_aquifer_deficit_share,W,administrative,known,0.85
19,2026,w_aquifer_deficit_share,W,administrative,known,0.7
19,2027,w_aquifer_deficit_share,W,administrative,known,0.55
20,2020,w_aquifer_deficit_share,W,unknown,unknown,0.0
20,2021,w_aquifer_deficit_share,W,unknown,unknown,0.0
20,2022,w_aquifer_deficit_share,W,unknown,unknown,0.0
20,2023,w_aquifer_deficit_share,W,administrative,known,1.0
20,2024,w_aquifer_deficit_share,W,administrative,known,1.0
20,2025,w_aquifer_deficit_share,W,administrative,known,0.85
20,2026,w_aquifer_deficit_share,W,administrative,known,0.7
20,2027,w_aquifer_deficit_share,W,administrative,known,0.55
21,2020,w_aquifer_deficit_share,W,unknown,unknown,0.0
21,2021,w_aquifer_deficit_share,W,unknown,unknown,0.0
21,2022,w_aquifer_deficit_share,W,unknown,unknown,0.0
21,2023,w_aquifer_deficit_share,W,administrative,known,1.0
21,2024,w_aquifer_deficit_share,W,administrative,known,1.0
21,2025,w_aquifer_deficit_share,W,administrative,known,0.85
21,2026,w_aquifer_deficit_share,W,administrative,known,0.7
21,2027,w_aquifer_deficit_share,W,administrative,known,0.55
22,2020,w_aquifer_deficit_share,W,unknown,unknown,0.0
22,2021,w_aquifer_deficit_share,W,unknown,unknown,0.0
22,2022,w_aquifer_deficit_share,W,unknown,unknown,0.0
22,2023,w_aquifer_deficit_share,W,administrative,known,1.0
22,2024,w_aquifer_deficit_share,W,administrative,known,1.0
22,2025,w_aquifer_deficit_share,W,administrative,known,0.85
22,2026,w_aquifer_deficit_share,W,administrative,known,0.7
22,2027,w_aquifer_deficit_share,W,administrative,known,0.55
23,2020,w_aquifer_deficit_share,W,unknown,unknown,0.0
23,2021,w_aquifer_deficit_share,W,unknown,unknown,0.0
23,2022,w_aquifer_deficit_share,W,unknown,unknown,0.0
23,2023,w_aquifer_deficit_share,W,administrative,known,1.0
23,2024,w_aquifer_deficit_share,W,administrative,known,1.0
23,2025,w_aquifer_deficit_share,W,administrative,known,0.85
23,2026,w_aquifer_deficit_share,W,administrative,known,0.7
23,2027,w_aquifer_deficit_share,W,administrative,known,0.55
24,2020,w_aquifer_deficit_share,W,unknown,unknown,0.0
24,2021,w_aquifer_deficit_share,W,unknown,unknown,0.0
24,2022,w_aquifer_deficit_share,W,unknown,unknown,0.0
24,2023,w_aquifer_deficit_share,W,administrative,known,1.0
24,2024,w_aquifer_deficit_share,W,administrative,known,1.0
24,2025,w_aquifer_deficit_share,W,administrative,known,0.85
24,2026,w_aquifer_deficit_share,W,administrative,known,0.7
24,2027,w_aquifer_deficit_share,W,administrative,known,0.55
25,2020,w_aquifer_deficit_share,W,unknown,unknown,0.0
25,2021,w_aquifer_deficit_share,W,unknown,unknown,0.0
25,2022,w_aquifer_deficit_share,W,unknown,unknown,0.0
25,2023,w_aquifer_deficit_share,W,administrative,known,1.0
25,2024,w_aquifer_deficit_share,W,administrative,known,1.0
25,2025,w_aquifer_deficit_share,W,administrative,known,0.85
25,2026,w_aquifer_deficit_share,W,administrative,known,0.7
25,2027,w_aquifer_deficit_share,W,administrative,known,0.55
26,2020,w_aquifer_deficit_share,W,unknown,unknown,0.0
26,2021,w_aquifer_deficit_share,W,unknown,unknown,0.0
26,2022,w_aquifer_deficit_share,W,unknown,unknown,0.0
26,2023,w_aquifer_deficit_share,W,administrative,known,1.0
26,2024,w_aquifer_deficit_share,W,administrative,known,1.0
26,2025,w_aquifer_deficit_share,W,administrative,known,0.85
26,2026,w_aquifer_deficit_share,W,administrative,known,0.7
26,2027,w_aquifer_deficit_share,W,administrative,known,0.55
27,2020,w_aquifer_deficit_share,W,unknown,unknown,0.0
27,2021,w_aquifer_deficit_share,W,unknown,unknown,0.0
27,2022,w_aquifer_deficit_share,W,unknown,unknown,0.0
27,2023,w_aquifer_deficit_share,W,administrative,known,1.0
27,2024,w_aquifer_deficit_share,W,administrative,known,1.0
27,2025,w_aquifer_deficit_share,W,administrative,known,0.85
27,2026,w_aquifer_deficit_share,W,administrative,known,0.7
27,2027,w_aquifer_deficit_share,W,administrative,known,0.55
28,2020,w_aquifer_deficit_share,W,unknown,unknown,0.0
28,2021,w_aquifer_deficit_share,W,unknown,unknown,0.0
28,2022,w_aquifer_deficit_share,W,unknown,unknown,0.0
28,2023,w_aquifer_deficit_share,W,administrative,known,1.0
28,2024,w_aquifer_deficit_share,W,administrative,known,1.0
28,2025,w_aquifer_deficit_share,W,administrative,known,0.85
28,2026,w_aquifer_deficit_share,W,administrative,known,0.7
28,2027,w_aquifer_deficit_share,W,administrative,known,0.55
29,2020,w_aquifer_deficit_share,W,unknown,unknown,0.0
29,2021,w_aquifer_deficit_share,W,unknown,unknown,0.0
29,2022,w_aquifer_deficit_share,W,unknown,unknown,0.0
29,2023,w_aquifer_deficit_share,W,administrative,known,1.0
29,2024,w_aquifer_deficit_share,W,administrative,known,1.0
29,2025,w_aquifer_deficit_share,W,administrative,known,0.85
29,2026,w_aquifer_deficit_share,W,administrative,known,0.7
29,2027,w_aquifer_deficit_share,W,administrative,known,0.55
30,2020,w_aquifer_deficit_share,W,unknown,unknown,0.0
30,2021,w_aquifer_deficit_share,W,unknown,unknown,0.0
30,2022,w_aquifer_deficit_share,W,unknown,unknown,0.0
30,2023,w_aquifer_deficit_share,W,administrative,known,1.0
30,2024,w_aquifer_deficit_share,W,administrative,known,1.0
30,2025,w_aquifer_deficit_share,W,administrative,known,0.85
30,2026,w_aquifer_deficit_share,W,administrative,known,0.7
30,2027,w_aquifer_deficit_share,W,administrative,known,0.55
31,2020,w_aquifer_deficit_share,W,unknown,unknown,0.0
31,2021,w_aquifer_deficit_share,W,unknown,unknown,0.0
31,2022,w_aquifer_deficit_share,W,unknown,unknown,0.0
31,2023,w_aquifer_deficit_share,W,administrative,known,1.0
31,2024,w_aquifer_deficit_share,W,administrative,known,1.0
31,2025,w_aquifer_deficit_share,W,administrative,known,0.85
31,2026,w_aquifer_deficit_share,W,administrative,known,0.7
31,2027,w_aquifer_deficit_share,W,administrative,known,0.55
32,2020,w_aquifer_deficit_share,W,unknown,unknown,0.0
32,2021,w_aquifer_deficit_share,W,unknown,unknown,0.0
32,2022,w_aquifer_deficit_share,W,unknown,unknown,0.0
32,2023,w_aquifer_deficit_share,W,administrative,known,1.0
32,2024,w_aquifer_deficit_share,W,administrative,known,1.0
32,2025,w_aquifer_deficit_share,W,administrative,known,0.85
32,2026,w_aquifer_deficit_share,W,administrative,known,0.7
32,2027,w_aquifer_deficit_share,W,administrative,known,0.55
01,2020,w_drought_intensity,W,derived,derived,0.85
01,2021,w_drought_intensity,W,derived,derived,0.85
01,2022,w_drought_intensity,W,derived,derived,0.85
01,2023,w_drought_intensity,W,derived,derived,0.85
01,2024,w_drought_intensity,W,derived,derived,0.85
01,2025,w_drought_intensity,W,derived,derived,0.85
01,2026,w_drought_intensity,W,derived,derived,0.6375
01,2027,w_drought_intensity,W,unknown,unknown,0.0
02,2020,w_drought_intensity,W,derived,derived,0.85
02,2021,w_drought_intensity,W,derived,derived,0.85
02,2022,w_drought_intensity,W,derived,derived,0.85
02,2023,w_drought_intensity,W,derived,derived,0.85
02,2024,w_drought_intensity,W,derived,derived,0.85
02,2025,w_drought_intensity,W,derived,derived,0.85
02,2026,w_drought_intensity,W,derived,derived,0.6375
02,2027,w_drought_intensity,W,unknown,unknown,0.0
03,2020,w_drought_intensity,W,derived,derived,0.85
03,2021,w_drought_intensity,W,derived,derived,0.85
03,2022,w_drought_intensity,W,derived,derived,0.85
03,2023,w_drought_intensity,W,derived,derived,0.85
03,2024,w_drought_intensity,W,derived,derived,0.85
03,2025,w_drought_intensity,W,derived,derived,0.85
03,2026,w_drought_intensity,W,derived,derived,0.6375
03,2027,w_drought_intensity,W,unknown,unknown,0.0
04,2020,w_drought_intensity,W,derived,derived,0.85
04,2021,w_drought_intensity,W,derived,derived,0.85
04,2022,w_drought_intensity,W,derived,derived,0.85
04,2023,w_drought_intensity,W,derived,derived,0.85
04,2024,w_drought_intensity,W,derived,derived,0.85
04,2025,w_drought_intensity,W,derived,derived,0.85
04,2026,w_drought_intensity,W,derived,derived,0.6375
04,2027,w_drought_intensity,W,unknown,unknown,0.0
05,2020,w_drought_intensity,W,derived,derived,0.85
05,2021,w_drought_intensity,W,derived,derived,0.85
05,2022,w_drought_intensity,W,derived,derived,0.85
05,2023,w_drought_intensity,W,derived,derived,0.85
05,2024,w_drought_intensity,W,derived,derived,0.85
05,2025,w_drought_intensity,W,derived,derived,0.85
05,2026,w_drought_intensity,W,derived,derived,0.6375
05,2027,w_drought_intensity,W,unknown,unknown,0.0
06,2020,w_drought_intensity,W,derived,derived,0.85
06,2021,w_drought_intensity,W,derived,derived,0.85
06,2022,w_drought_intensity,W,derived,derived,0.85
06,2023,w_drought_intensity,W,derived,derived,0.85
06,2024,w_drought_intensity,W,derived,derived,0.85
06,2025,w_drought_intensity,W,derived,derived,0.85
06,2026,w_drought_intensity,W,derived,derived,0.6375
06,2027,w_drought_intensity,W,unknown,unknown,0.0
07,2020,w_drought_intensity,W,derived,derived,0.85
07,2021,w_drought_intensity,W,derived,derived,0.85
07,2022,w_drought_intensity,W,derived,derived,0.85
07,2023,w_drought_intensity,W,derived,derived,0.85
07,2024,w_drought_intensity,W,derived,derived,0.85
07,2025,w_drought_intensity,W,derived,derived,0.85
07,2026,w_drought_intensity,W,derived,derived,0.6375
07,2027,w_drought_intensity,W,unknown,unknown,0.0
08,2020,w_drought_intensity,W,derived,derived,0.85
08,2021,w_drought_intensity,W,derived,derived,0.85
08,2022,w_drought_intensity,W,derived,derived,0.85
08,2023,w_drought_intensity,W,derived,derived,0.85
08,2024,w_drought_intensity,W,derived,derived,0.85
08,2025,w_drought_intensity,W,derived,derived,0.85
08,2026,w_drought_intensity,W,derived,derived,0.6375
08,2027,w_drought_intensity,W,unknown,unknown,0.0
09,2020,w_drought_intensity,W,derived,derived,0.85
09,2021,w_drought_intensity,W,derived,derived,0.85
09,2022,w_drought_intensity,W,derived,derived,0.85
09,2023,w_drought_intensity,W,derived,derived,0.85
09,2024,w_drought_intensity,W,derived,derived,0.85
09,2025,w_drought_intensity,W,derived,derived,0.85
09,2026,w_drought_intensity,W,derived,derived,0.6375
09,2027,w_drought_intensity,W,unknown,unknown,0.0
10,2020,w_drought_intensity,W,derived,derived,0.85
10,2021,w_drought_intensity,W,derived,derived,0.85
10,2022,w_drought_intensity,W,derived,derived,0.85
10,2023,w_drought_intensity,W,derived,derived,0.85
10,2024,w_drought_intensity,W,derived,derived,0.85
10,2025,w_drought_intensity,W,derived,derived,0.85
10,2026,w_drought_intensity,W,derived,derived,0.6375
10,2027,w_drought_intensity,W,unknown,unknown,0.0
11,2020,w_drought_intensity,W,derived,derived,0.85
11,2021,w_drought_intensity,W,derived,derived,0.85
11,2022,w_drought_intensity,W,derived,derived,0.85
11,2023,w_drought_intensity,W,derived,derived,0.85
11,2024,w_drought_intensity,W,derived,derived,0.85
11,2025,w_drought_intensity,W,derived,derived,0.85
11,2026,w_drought_intensity,W,derived,derived,0.6375
11,2027,w_drought_intensity,W,unknown,unknown,0.0
12,2020,w_drought_intensity,W,derived,derived,0.85
12,2021,w_drought_intensity,W,derived,derived,0.85
12,2022,w_drought_intensity,W,derived,derived,0.85
12,2023,w_drought_intensity,W,derived,derived,0.85
12,2024,w_drought_intensity,W,derived,derived,0.85
12,2025,w_drought_intensity,W,derived,derived,0.85
12,2026,w_drought_intensity,W,derived,derived,0.6375
12,2027,w_drought_intensity,W,unknown,unknown,0.0
13,2020,w_drought_intensity,W,derived,derived,0.85
13,2021,w_drought_intensity,W,derived,derived,0.85
13,2022,w_drought_intensity,W,derived,derived,0.85
13,2023,w_drought_intensity,W,derived,derived,0.85
13,2024,w_drought_intensity,W,derived,derived,0.85
13,2025,w_drought_intensity,W,derived,derived,0.85
13,2026,w_drought_intensity,W,derived,derived,0.6375
13,2027,w_drought_intensity,W,unknown,unknown,0.0
14,2020,w_drought_intensity,W,derived,derived,0.85
14,2021,w_drought_intensity,W,derived,derived,0.85
14,2022,w_drought_intensity,W,derived,derived,0.85
14,2023,w_drought_intensity,W,derived,derived,0.85
14,2024,w_drought_intensity,W,derived,derived,0.85
14,2025,w_drought_intensity,W,derived,derived,0.85
14,2026,w_drought_intensity,W,derived,derived,0.6375
14,2027,w_drought_intensity,W,unknown,unknown,0.0
15,2020,w_drought_intensity,W,derived,derived,0.85
15,2021,w_drought_intensity,W,derived,derived,0.85
15,2022,w_drought_intensity,W,derived,derived,0.85
15,2023,w_drought_intensity,W,derived,derived,0.85
15,2024,w_drought_intensity,W,derived,derived,0.85
15,2025,w_drought_intensity,W,derived,derived,0.85
15,2026,w_drought_intensity,W,derived,derived,0.6375
15,2027,w_drought_intensity,W,unknown,unknown,0.0
16,2020,w_drought_intensity,W,derived,derived,0.85
16,2021,w_drought_intensity,W,derived,derived,0.85
16,2022,w_drought_intensity,W,derived,derived,0.85
16,2023,w_drought_intensity,W,derived,derived,0.85
16,2024,w_drought_intensity,W,derived,derived,0.85
16,2025,w_drought_intensity,W,derived,derived,0.85
16,2026,w_drought_intensity,W,derived,derived,0.6375
16,2027,w_drought_intensity,W,unknown,unknown,0.0
17,2020,w_drought_intensity,W,derived,derived,0.85
17,2021,w_drought_intensity,W,derived,derived,0.85
17,2022,w_drought_intensity,W,derived,derived,0.85
17,2023,w_drought_intensity,W,derived,derived,0.85
17,2024,w_drought_intensity,W,derived,derived,0.85
17,2025,w_drought_intensity,W,derived,derived,0.85
17,2026,w_drought_intensity,W,derived,derived,0.6375
17,2027,w_drought_intensity,W,unknown,unknown,0.0
18,2020,w_drought_intensity,W,derived,derived,0.85
18,2021,w_drought_intensity,W,derived,derived,0.85
18,2022,w_drought_intensity,W,derived,derived,0.85
18,2023,w_drought_intensity,W,derived,derived,0.85
18,2024,w_drought_intensity,W,derived,derived,0.85
18,2025,w_drought_intensity,W,derived,derived,0.85
18,2026,w_drought_intensity,W,derived,derived,0.6375
18,2027,w_drought_intensity,W,unknown,unknown,0.0
19,2020,w_drought_intensity,W,derived,derived,0.85
19,2021,w_drought_intensity,W,derived,derived,0.85
19,2022,w_drought_intensity,W,derived,derived,0.85
19,2023,w_drought_intensity,W,derived,derived,0.85
19,2024,w_drought_intensity,W,derived,derived,0.85
19,2025,w_drought_intensity,W,derived,derived,0.85
19,2026,w_drought_intensity,W,derived,derived,0.6375
19,2027,w_drought_intensity,W,unknown,unknown,0.0
20,2020,w_drought_intensity,W,derived,derived,0.85
20,2021,w_drought_intensity,W,derived,derived,0.85
20,2022,w_drought_intensity,W,derived,derived,0.85
20,2023,w_drought_intensity,W,derived,derived,0.85
20,2024,w_drought_intensity,W,derived,derived,0.85
20,2025,w_drought_intensity,W,derived,derived,0.85
20,2026,w_drought_intensity,W,derived,derived,0.6375
20,2027,w_drought_intensity,W,unknown,unknown,0.0
21,2020,w_drought_intensity,W,derived,derived,0.85
21,2021,w_drought_intensity,W,derived,derived,0.85
21,2022,w_drought_intensity,W,derived,derived,0.85
21,2023,w_drought_intensity,W,derived,derived,0.85
21,2024,w_drought_intensity,W,derived,derived,0.85
21,2025,w_drought_intensity,W,derived,derived,0.85
21,2026,w_drought_intensity,W,derived,derived,0.6375
21,2027,w_drought_intensity,W,unknown,unknown,0.0
22,2020,w_drought_intensity,W,derived,derived,0.85
22,2021,w_drought_intensity,W,derived,derived,0.85
22,2022,w_drought_intensity,W,derived,derived,0.85
22,2023,w_drought_intensity,W,derived,derived,0.85
22,2024,w_drought_intensity,W,derived,derived,0.85
22,2025,w_drought_intensity,W,derived,derived,0.85
22,2026,w_drought_intensity,W,derived,derived,0.6375
22,2027,w_drought_intensity,W,unknown,unknown,0.0
23,2020,w_drought_intensity,W,derived,derived,0.85
23,2021,w_drought_intensity,W,derived,derived,0.85
23,2022,w_drought_intensity,W,derived,derived,0.85
23,2023,w_drought_intensity,W,derived,derived,0.85
23,2024,w_drought_intensity,W,derived,derived,0.85
23,2025,w_drought_intensity,W,derived,derived,0.85
23,2026,w_drought_intensity,W,derived,derived,0.6375
23,2027,w_drought_intensity,W,unknown,unknown,0.0
24,2020,w_drought_intensity,W,derived,derived,0.85
24,2021,w_drought_intensity,W,derived,derived,0.85
24,2022,w_drought_intensity,W,derived,derived,0.85
24,2023,w_drought_intensity,W,derived,derived,0.85
24,2024,w_drought_intensity,W,derived,derived,0.85
24,2025,w_drought_intensity,W,derived,derived,0.85
24,2026,w_drought_intensity,W,derived,derived,0.6375
24,2027,w_drought_intensity,W,unknown,unknown,0.0
25,2020,w_drought_intensity,W,derived,derived,0.85
25,2021,w_drought_intensity,W,derived,derived,0.85
25,2022,w_drought_intensity,W,derived,derived,0.85
25,2023,w_drought_intensity,W,derived,derived,0.85
25,2024,w_drought_intensity,W,derived,derived,0.85
25,2025,w_drought_intensity,W,derived,derived,0.85
25,2026,w_drought_intensity,W,derived,derived,0.6375
25,2027,w_drought_intensity,W,unknown,unknown,0.0
26,2020,w_drought_intensity,W,derived,derived,0.85
26,2021,w_drought_intensity,W,derived,derived,0.85
26,2022,w_drought_intensity,W,derived,derived,0.85
26,2023,w_drought_intensity,W,derived,derived,0.85
26,2024,w_drought_intensity,W,derived,derived,0.85
26,2025,w_drought_intensity,W,derived,derived,0.85
26,2026,w_drought_intensity,W,derived,derived,0.6375
26,2027,w_drought_intensity,W,unknown,unknown,0.0
27,2020,w_drought_intensity,W,derived,derived,0.85
27,2021,w_drought_intensity,W,derived,derived,0.85
27,2022,w_drought_intensity,W,derived,derived,0.85
27,2023,w_drought_intensity,W,derived,derived,0.85
27,2024,w_drought_intensity,W,derived,derived,0.85
27,2025,w_drought_intensity,W,derived,derived,0.85
27,2026,w_drought_intensity,W,derived,derived,0.6375
27,2027,w_drought_intensity,W,unknown,unknown,0.0
28,2020,w_drought_intensity,W,derived,derived,0.85
28,2021,w_drought_intensity,W,derived,derived,0.85
28,2022,w_drought_intensity,W,derived,derived,0.85
28,2023,w_drought_intensity,W,derived,derived,0.85
28,2024,w_drought_intensity,W,derived,derived,0.85
28,2025,w_drought_intensity,W,derived,derived,0.85
28,2026,w_drought_intensity,W,derived,derived,0.6375
28,2027,w_drought_intensity,W,unknown,unknown,0.0
29,2020,w_drought_intensity,W,derived,derived,0.85
29,2021,w_drought_intensity,W,derived,derived,0.85
29,2022,w_drought_intensity,W,derived,derived,0.85
29,2023,w_drought_intensity,W,derived,derived,0.85
29,2024,w_drought_intensity,W,derived,derived,0.85
29,2025,w_drought_intensity,W,derived,derived,0.85
29,2026,w_drought_intensity,W,derived,derived,0.6375
29,2027,w_drought_intensity,W,unknown,unknown,0.0
30,2020,w_drought_intensity,W,derived,derived,0.85
30,2021,w_drought_intensity,W,derived,derived,0.85
30,2022,w_drought_intensity,W,derived,derived,0.85
30,2023,w_drought_intensity,W,derived,derived,0.85
30,2024,w_drought_intensity,W,derived,derived,0.85
30,2025,w_drought_intensity,W,derived,derived,0.85
30,2026,w_drought_intensity,W,derived,derived,0.6375
30,2027,w_drought_intensity,W,unknown,unknown,0.0
31,2020,w_drought_intensity,W,derived,derived,0.85
31,2021,w_drought_intensity,W,derived,derived,0.85
31,2022,w_drought_intensity,W,derived,derived,0.85
31,2023,w_drought_intensity,W,derived,derived,0.85
31,2024,w_drought_intensity,W,derived,derived,0.85
31,2025,w_drought_intensity,W,derived,derived,0.85
31,2026,w_drought_intensity,W,derived,derived,0.6375
31,2027,w_drought_intensity,W,unknown,unknown,0.0
32,2020,w_drought_intensity,W,derived,derived,0.85
32,2021,w_drought_intensity,W,derived,derived,0.85
32,2022,w_drought_intensity,W,derived,derived,0.85
32,2023,w_drought_intensity,W,derived,derived,0.85
32,2024,w_drought_intensity,W,derived,derived,0.85
32,2025,w_drought_intensity,W,derived,derived,0.85
32,2026,w_drought_intensity,W,derived,derived,0.6375
32,2027,w_drought_intensity,W,unknown,unknown,0.0
