obs_id,territory_id,territory_level,territory_name,year,variable_id,value,unit,epistemic_status,source_id,method_id,ci_low,ci_high,reference_date,vintage_year,release_flag,qa_flags
ee153689a04c,01,state,Aguascalientes,2020,c_pop_growth_5y,8.2848,% over 5 years,modelled,S02,c_pop_growth_5y,,,,2020.0,public,
4ec4e249bc2c,01,state,Aguascalientes,2021,c_pop_growth_5y,7.6958,% over 5 years,modelled,S02,c_pop_growth_5y,,,,2021.0,public,
0c95182305bb,01,state,Aguascalientes,2022,c_pop_growth_5y,7.2775,% over 5 years,modelled,S02,c_pop_growth_5y,,,,2022.0,public,
3f41bae88f78,01,state,Aguascalientes,2023,c_pop_growth_5y,6.924,% over 5 years,modelled,S02,c_pop_growth_5y,,,,2023.0,public,
649f5056ca27,01,state,Aguascalientes,2024,c_pop_growth_5y,6.5338,% over 5 years,modelled,S02,c_pop_growth_5y,,,,2024.0,public,
a1a55df2d491,01,state,Aguascalientes,2025,c_pop_growth_5y,6.3918,% over 5 years,modelled,S02,c_pop_growth_5y,,,,2025.0,public,
96945b6563c2,01,state,Aguascalientes,2026,c_pop_growth_5y,6.4451,% over 5 years,modelled,S02,c_pop_growth_5y,,,,2026.0,public,
e94f77ece78c,01,state,Aguascalientes,2027,c_pop_growth_5y,6.323,% over 5 years,modelled,S02,c_pop_growth_5y,,,,2027.0,public,
ad60c46a87cf,02,state,Baja California,2020,c_pop_growth_5y,12.6963,% over 5 years,modelled,S02,c_pop_growth_5y,,,,2020.0,public,
a29cca7a9d9b,02,state,Baja California,2021,c_pop_growth_5y,11.4397,% over 5 years,modelled,S02,c_pop_growth_5y,,,,2021.0,public,
0aee1eb5e175,02,state,Baja California,2022,c_pop_growth_5y,10.2312,% over 5 years,modelled,S02,c_pop_growth_5y,,,,2022.0,public,
b4e4b90a2fb1,02,state,Baja California,2023,c_pop_growth_5y,9.1463,% over 5 years,modelled,S02,c_pop_growth_5y,,,,2023.0,public,
4906db99bb12,02,state,Baja California,2024,c_pop_growth_5y,8.0726,% over 5 years,modelled,S02,c_pop_growth_5y,,,,2024.0,public,
215b1c345ff0,02,state,Baja California,2025,c_pop_growth_5y,7.633,% over 5 years,modelled,S02,c_pop_growth_5y,,,,2025.0,public,
c0d8f57c7749,02,state,Baja California,2026,c_pop_growth_5y,7.6958,% over 5 years,modelled,S02,c_pop_growth_5y,,,,2026.0,public,
f3061e9885d1,02,state,Baja California,2027,c_pop_growth_5y,7.5105,% over 5 years,modelled,S02,c_pop_growth_5y,,,,2027.0,public,
beffd6baec2e,03,state,Baja California Sur,2020,c_pop_growth_5y,11.5953,% over 5 years,modelled,S02,c_pop_growth_5y,,,,2020.0,public,
cbc1225f3524,03,state,Baja California Sur,2021,c_pop_growth_5y,11.3822,% over 5 years,modelled,S02,c_pop_growth_5y,,,,2021.0,public,
11ca8c174059,03,state,Baja California Sur,2022,c_pop_growth_5y,11.2432,% over 5 years,modelled,S02,c_pop_growth_5y,,,,2022.0,public,
b7813986e16d,03,state,Baja California Sur,2023,c_pop_growth_5y,11.1927,% over 5 years,modelled,S02,c_pop_growth_5y,,,,2023.0,public,
a0574a4bd0b4,03,state,Baja California Sur,2024,c_pop_growth_5y,11.0675,% over 5 years,modelled,S02,c_pop_growth_5y,,,,2024.0,public,
5e565588b43c,03,state,Baja California Sur,2025,c_pop_growth_5y,10.9133,% over 5 years,modelled,S02,c_pop_growth_5y,,,,2025.0,public,
232dca4c152e,03,state,Baja California Sur,2026,c_pop_growth_5y,10.8077,% over 5 years,modelled,S02,c_pop_growth_5y,,,,2026.0,public,
08348ac9737a,03,state,Baja California Sur,2027,c_pop_growth_5y,10.5835,% over 5 years,modelled,S02,c_pop_growth_5y,,,,2027.0,public,
d40914ae2485,04,state,Campeche,2020,c_pop_growth_5y,2.4103,% over 5 years,modelled,S02,c_pop_growth_5y,,,,2020.0,public,
03e20731e730,04,state,Campeche,2021,c_pop_growth_5y,1.9802,% over 5 years,modelled,S02,c_pop_growth_5y,,,,2021.0,public,
28b3f1f93c41,04,state,Campeche,2022,c_pop_growth_5y,1.8808,% over 5 years,modelled,S02,c_pop_growth_5y,,,,2022.0,public,
9b361137bb3f,04,state,Campeche,2023,c_pop_growth_5y,1.9276,% over 5 years,modelled,S02,c_pop_growth_5y,,,,2023.0,public,
085dd1d9ff6f,04,state,Campeche,2024,c_pop_growth_5y,1.9728,% over 5 years,modelled,S02,c_pop_growth_5y,,,,2024.0,public,
c330708f09c8,04,state,Campeche,2025,c_pop_growth_5y,2.0644,% over 5 years,modelled,S02,c_pop_growth_5y,,,,2025.0,public,
c6429fa8f2b2,04,state,Campeche,2026,c_pop_growth_5y,2.1589,% over 5 years,modelled,S02,c_pop_growth_5y,,,,2026.0,public,
81a2fd6e8cd2,04,state,Campeche,2027,c_pop_growth_5y,2.0737,% over 5 years,modelled,S02,c_pop_growth_5y,,,,2027.0,public,
7af738fbb60c,05,state,Coahuila,2020,c_pop_growth_5y,5.959,% over 5 years,modelled,S02,c_pop_growth_5y,,,,2020.0,public,
ffd2dae82afa,05,state,Coahuila,2021,c_pop_growth_5y,5.8586,% over 5 years,modelled,S02,c_pop_growth_5y,,,,2021.0,public,
28558e3927c9,05,state,Coahuila,2022,c_pop_growth_5y,5.952,% over 5 years,modelled,S02,c_pop_growth_5y,,,,2022.0,public,
26cea2dd5aa0,05,state,Coahuila,2023,c_pop_growth_5y,6.098,% over 5 years,modelled,S02,c_pop_growth_5y,,,,2023.0,public,
7b083f194666,05,state,Coahuila,2024,c_pop_growth_5y,6.2143,% over 5 years,modelled,S02,c_pop_growth_5y,,,,2024.0,public,
cc52f5326958,05,state,Coahuila,2025,c_pop_growth_5y,6.3537,% over 5 years,modelled,S02,c_pop_growth_5y,,,,2025.0,public,
49fcd0eb1703,05,state,Coahuila,2026,c_pop_growth_5y,6.4196,% over 5 years,modelled,S02,c_pop_growth_5y,,,,2026.0,public,
72dac1680486,05,state,Coahuila,2027,c_pop_growth_5y,6.2817,% over 5 years,modelled,S02,c_pop_growth_5y,,,,2027.0,public,
dd3e6d6e6275,06,state,Colima,2020,c_pop_growth_5y,2.9158,% over 5 years,modelled,S02,c_pop_growth_5y,,,,2020.0,public,
d7ac59d50e44,06,state,Colima,2021,c_pop_growth_5y,2.7138,% over 5 years,modelled,S02,c_pop_growth_5y,,,,2021.0,public,
920d6e66ea85,06,state,Colima,2022,c_pop_growth_5y,2.7009,% over 5 years,modelled,S02,c_pop_growth_5y,,,,2022.0,public,
6979d8c18791,06,state,Colima,2023,c_pop_growth_5y,2.8045,% over 5 years,modelled,S02,c_pop_growth_5y,,,,2023.0,public,
9341383f96e6,06,state,Colima,2024,c_pop_growth_5y,2.8682,% over 5 years,modelled,S02,c_pop_growth_5y,,,,2024.0,public,
2c6b625b9260,06,state,Colima,2025,c_pop_growth_5y,2.9503,% over 5 years,modelled,S02,c_pop_growth_5y,,,,2025.0,public,
51fd65133420,06,state,Colima,2026,c_pop_growth_5y,3.1034,% over 5 years,modelled,S02,c_pop_growth_5y,,,,2026.0,public,
473f391b8b18,06,state,Colima,2027,c_pop_growth_5y,3.1141,% over 5 years,modelled,S02,c_pop_growth_5y,,,,2027.0,public,
8d534c5d395a,07,state,Chiapas,2020,c_pop_growth_5y,6.1075,% over 5 years,modelled,S02,c_pop_growth_5y,,,,2020.0,public,
4008558fe8fe,07,state,Chiapas,2021,c_pop_growth_5y,6.0912,% over 5 years,modelled,S02,c_pop_growth_5y,,,,2021.0,public,
97b37b524493,07,state,Chiapas,2022,c_pop_growth_5y,6.2608,% over 5 years,modelled,S02,c_pop_growth_5y,,,,2022.0,public,
f2201818a711,07,state,Chiapas,2023,c_pop_growth_5y,6.5092,% over 5 years,modelled,S02,c_pop_growth_5y,,,,2023.0,public,
b3bfe50b3ce2,07,state,Chiapas,2024,c_pop_growth_5y,6.7274,% over 5 years,modelled,S02,c_pop_growth_5y,,,,2024.0,public,
90500a56f034,07,state,Chiapas,2025,c_pop_growth_5y,6.8701,% over 5 years,modelled,S02,c_pop_growth_5y,,,,2025.0,public,
c862ac2e3788,07,state,Chiapas,2026,c_pop_growth_5y,6.9123,% over 5 years,modelled,S02,c_pop_growth_5y,,,,2026.0,public,
0a553155237f,07,state,Chiapas,2027,c_pop_growth_5y,6.7874,% over 5 years,modelled,S02,c_pop_growth_5y,,,,2027.0,public,
9960f51f6540,08,state,Chihuahua,2020,c_pop_growth_5y,5.2763,% over 5 years,modelled,S02,c_pop_growth_5y,,,,2020.0,public,
548910d1ac70,08,state,Chihuahua,2021,c_pop_growth_5y,5.3064,% over 5 years,modelled,S02,c_pop_growth_5y,,,,2021.0,public,
f3e5ddc5115c,08,state,Chihuahua,2022,c_pop_growth_5y,5.4837,% over 5 years,modelled,S02,c_pop_growth_5y,,,,2022.0,public,
09eb5f4c85bf,08,state,Chihuahua,2023,c_pop_growth_5y,5.6894,% over 5 years,modelled,S02,c_pop_growth_5y,,,,2023.0,public,
a5790818a385,08,state,Chihuahua,2024,c_pop_growth_5y,5.8594,% over 5 years,modelled,S02,c_pop_growth_5y,,,,2024.0,public,
6c4a4c5f3053,08,state,Chihuahua,2025,c_pop_growth_5y,6.0458,% over 5 years,modelled,S02,c_pop_growth_5y,,,,2025.0,public,
f7a035bb97c6,08,state,Chihuahua,2026,c_pop_growth_5y,6.1117,% over 5 years,modelled,S02,c_pop_growth_5y,,,,2026.0,public,
c2f816dfda04,08,state,Chihuahua,2027,c_pop_growth_5y,5.9152,% over 5 years,modelled,S02,c_pop_growth_5y,,,,2027.0,public,
bae044869a7b,09,state,Ciudad de México,2020,c_pop_growth_5y,1.9707,% over 5 years,modelled,S02,c_pop_growth_5y,,,,2020.0,public,
9b6b1ae3d57b,09,state,Ciudad de México,2021,c_pop_growth_5y,0.8243,% over 5 years,modelled,S02,c_pop_growth_5y,,,,2021.0,public,
877fd5ddf9b5,09,state,Ciudad de México,2022,c_pop_growth_5y,-0.0986,% over 5 years,modelled,S02,c_pop_growth_5y,,,,2022.0,public,
3e6529e58960,09,state,Ciudad de México,2023,c_pop_growth_5y,-0.8028,% over 5 years,modelled,S02,c_pop_growth_5y,,,,2023.0,public,
66674eb81807,09,state,Ciudad de México,2024,c_pop_growth_5y,-1.4883,% over 5 years,modelled,S02,c_pop_growth_5y,,,,2024.0,public,
059dc9b4344a,09,state,Ciudad de México,2025,c_pop_growth_5y,-1.5959,% over 5 years,modelled,S02,c_pop_growth_5y,,,,2025.0,public,
fee30e22fc09,09,state,Ciudad de México,2026,c_pop_growth_5y,-1.2152,% over 5 years,modelled,S02,c_pop_growth_5y,,,,2026.0,public,
70a2b37b980f,09,state,Ciudad de México,2027,c_pop_growth_5y,-1.1357,% over 5 years,modelled,S02,c_pop_growth_5y,,,,2027.0,public,
7323fcd61369,10,state,Durango,2020,c_pop_growth_5y,3.7155,% over 5 years,modelled,S02,c_pop_growth_5y,,,,2020.0,public,
d93934dd81b4,10,state,Durango,2021,c_pop_growth_5y,3.5135,% over 5 years,modelled,S02,c_pop_growth_5y,,,,2021.0,public,
ddf9dcea2885,10,state,Durango,2022,c_pop_growth_5y,3.5218,% over 5 years,modelled,S02,c_pop_growth_5y,,,,2022.0,public,
cf4b4ff90ca7,10,state,Durango,2023,c_pop_growth_5y,3.5965,% over 5 years,modelled,S02,c_pop_growth_5y,,,,2023.0,public,
075c447ba7b2,10,state,Durango,2024,c_pop_growth_5y,3.6531,% over 5 years,modelled,S02,c_pop_growth_5y,,,,2024.0,public,
d3e664f0ee86,10,state,Durango,2025,c_pop_growth_5y,3.7119,% over 5 years,modelled,S02,c_pop_growth_5y,,,,2025.0,public,
21e8b46bc12f,10,state,Durango,2026,c_pop_growth_5y,3.7053,% over 5 years,modelled,S02,c_pop_growth_5y,,,,2026.0,public,
a99a20c5ce4f,10,state,Durango,2027,c_pop_growth_5y,3.534,% over 5 years,modelled,S02,c_pop_growth_5y,,,,2027.0,public,
48492580a423,11,state,Guanajuato,2020,c_pop_growth_5y,4.6901,% over 5 years,modelled,S02,c_pop_growth_5y,,,,2020.0,public,
d5850becdca2,11,state,Guanajuato,2021,c_pop_growth_5y,4.4088,% over 5 years,modelled,S02,c_pop_growth_5y,,,,2021.0,public,
9c1be2b013b7,11,state,Guanajuato,2022,c_pop_growth_5y,4.2955,% over 5 years,modelled,S02,c_pop_growth_5y,,,,2022.0,public,
2441ae85231e,11,state,Guanajuato,2023,c_pop_growth_5y,4.3146,% over 5 years,modelled,S02,c_pop_growth_5y,,,,2023.0,public,
a7f166833fb9,11,state,Guanajuato,2024,c_pop_growth_5y,4.2962,% over 5 years,modelled,S02,c_pop_growth_5y,,,,2024.0,public,
6bdc9eb98dda,11,state,Guanajuato,2025,c_pop_growth_5y,4.339,% over 5 years,modelled,S02,c_pop_growth_5y,,,,2025.0,public,
a59efeab13bb,11,state,Guanajuato,2026,c_pop_growth_5y,4.4664,% over 5 years,modelled,S02,c_pop_growth_5y,,,,2026.0,public,
843a6e4de649,11,state,Guanajuato,2027,c_pop_growth_5y,4.4029,% over 5 years,modelled,S02,c_pop_growth_5y,,,,2027.0,public,
bb47bad43173,12,state,Guerrero,2020,c_pop_growth_5y,-0.5741,% over 5 years,modelled,S02,c_pop_growth_5y,,,,2020.0,public,
d40eeb5b3a11,12,state,Guerrero,2021,c_pop_growth_5y,-0.6272,% over 5 years,modelled,S02,c_pop_growth_5y,,,,2021.0,public,
f57ce894ade8,12,state,Guerrero,2022,c_pop_growth_5y,-0.4581,% over 5 years,modelled,S02,c_pop_growth_5y,,,,2022.0,public,
6121f554b4ff,12,state,Guerrero,2023,c_pop_growth_5y,-0.1932,% over 5 years,modelled,S02,c_pop_growth_5y,,,,2023.0,public,
db3377167090,12,state,Guerrero,2024,c_pop_growth_5y,0.0613,% over 5 years,modelled,S02,c_pop_growth_5y,,,,2024.0,public,
b3d09c3ad1b8,12,state,Guerrero,2025,c_pop_growth_5y,0.2078,% over 5 years,modelled,S02,c_pop_growth_5y,,,,2025.0,public,
1a48973176e9,12,state,Guerrero,2026,c_pop_growth_5y,0.2213,% over 5 years,modelled,S02,c_pop_growth_5y,,,,2026.0,public,
aa6215a7d91f,12,state,Guerrero,2027,c_pop_growth_5y,0.0959,% over 5 years,modelled,S02,c_pop_growth_5y,,,,2027.0,public,
e10a79334a67,13,state,Hidalgo,2020,c_pop_growth_5y,6.7906,% over 5 years,modelled,S02,c_pop_growth_5y,,,,2020.0,public,
cfe67eef5ddb,13,state,Hidalgo,2021,c_pop_growth_5y,6.2726,% over 5 years,modelled,S02,c_pop_growth_5y,,,,2021.0,public,
d3e6c7d29004,13,state,Hidalgo,2022,c_pop_growth_5y,5.9147,% over 5 years,modelled,S02,c_pop_growth_5y,,,,2022.0,public,
46d7ad1847d9,13,state,Hidalgo,2023,c_pop_growth_5y,5.7066,% over 5 years,modelled,S02,c_pop_growth_5y,,,,2023.0,public,
405cfe77f521,13,state,Hidalgo,2024,c_pop_growth_5y,5.4689,% over 5 years,modelled,S02,c_pop_growth_5y,,,,2024.0,public,
26333b8c7a87,13,state,Hidalgo,2025,c_pop_growth_5y,5.4212,% over 5 years,modelled,S02,c_pop_growth_5y,,,,2025.0,public,
593c4eff89cf,13,state,Hidalgo,2026,c_pop_growth_5y,5.5768,% over 5 years,modelled,S02,c_pop_growth_5y,,,,2026.0,public,
cf790febfb09,13,state,Hidalgo,2027,c_pop_growth_5y,5.5347,% over 5 years,modelled,S02,c_pop_growth_5y,,,,2027.0,public,
a93df2e56a82,14,state,Jalisco,2020,c_pop_growth_5y,5.8139,% over 5 years,modelled,S02,c_pop_growth_5y,,,,2020.0,public,
3702b7e6f648,14,state,Jalisco,2021,c_pop_growth_5y,5.3931,% over 5 years,modelled,S02,c_pop_growth_5y,,,,2021.0,public,
855c633109d0,14,state,Jalisco,2022,c_pop_growth_5y,5.0913,% over 5 years,modelled,S02,c_pop_growth_5y,,,,2022.0,public,
726d04da44dd,14,state,Jalisco,2023,c_pop_growth_5y,4.9234,% over 5 years,modelled,S02,c_pop_growth_5y,,,,2023.0,public,
f60d870057af,14,state,Jalisco,2024,c_pop_growth_5y,4.7193,% over 5 years,modelled,S02,c_pop_growth_5y,,,,2024.0,public,
4b6a64cc4b9b,14,state,Jalisco,2025,c_pop_growth_5y,4.6507,% over 5 years,modelled,S02,c_pop_growth_5y,,,,2025.0,public,
798c2f9f8ed7,14,state,Jalisco,2026,c_pop_growth_5y,4.7656,% over 5 years,modelled,S02,c_pop_growth_5y,,,,2026.0,public,
39907f2af4f4,14,state,Jalisco,2027,c_pop_growth_5y,4.727,% over 5 years,modelled,S02,c_pop_growth_5y,,,,2027.0,public,
34ea4221b250,15,state,Estado de México,2020,c_pop_growth_5y,3.8685,% over 5 years,modelled,S02,c_pop_growth_5y,,,,2020.0,public,
f7c336050506,15,state,Estado de México,2021,c_pop_growth_5y,3.3079,% over 5 years,modelled,S02,c_pop_growth_5y,,,,2021.0,public,
6199505fc43a,15,state,Estado de México,2022,c_pop_growth_5y,3.0206,% over 5 years,modelled,S02,c_pop_growth_5y,,,,2022.0,public,
69593d5c1778,15,state,Estado de México,2023,c_pop_growth_5y,2.9136,% over 5 years,modelled,S02,c_pop_growth_5y,,,,2023.0,public,
65733929c39b,15,state,Estado de México,2024,c_pop_growth_5y,2.7681,% over 5 years,modelled,S02,c_pop_growth_5y,,,,2024.0,public,
607353e847fa,15,state,Estado de México,2025,c_pop_growth_5y,2.8218,% over 5 years,modelled,S02,c_pop_growth_5y,,,,2025.0,public,
203e9385e0af,15,state,Estado de México,2026,c_pop_growth_5y,3.0731,% over 5 years,modelled,S02,c_pop_growth_5y,,,,2026.0,public,
b719ff1f7f4b,15,state,Estado de México,2027,c_pop_growth_5y,3.0751,% over 5 years,modelled,S02,c_pop_growth_5y,,,,2027.0,public,
88e8443461eb,16,state,Michoacán,2020,c_pop_growth_5y,3.123,% over 5 years,modelled,S02,c_pop_growth_5y,,,,2020.0,public,
e95f8d1fe571,16,state,Michoacán,2021,c_pop_growth_5y,3.1756,% over 5 years,modelled,S02,c_pop_growth_5y,,,,2021.0,public,
823ac5d9fcf2,16,state,Michoacán,2022,c_pop_growth_5y,3.4036,% over 5 years,modelled,S02,c_pop_growth_5y,,,,2022.0,public,
09d7d5b1ce4b,16,state,Michoacán,2023,c_pop_growth_5y,3.7996,% over 5 years,modelled,S02,c_pop_growth_5y,,,,2023.0,public,
915c7bfc1e09,16,state,Michoacán,2024,c_pop_growth_5y,4.1744,% over 5 years,modelled,S02,c_pop_growth_5y,,,,2024.0,public,
4bb0868f915d,16,state,Michoacán,2025,c_pop_growth_5y,4.4462,% over 5 years,modelled,S02,c_pop_growth_5y,,,,2025.0,public,
2d281478f472,16,state,Michoacán,2026,c_pop_growth_5y,4.6639,% over 5 years,modelled,S02,c_pop_growth_5y,,,,2026.0,public,
698b9a301f60,16,state,Michoacán,2027,c_pop_growth_5y,4.6941,% over 5 years,modelled,S02,c_pop_growth_5y,,,,2027.0,public,
f6fe702c5149,17,state,Morelos,2020,c_pop_growth_5y,3.1507,% over 5 years,modelled,S02,c_pop_growth_5y,,,,2020.0,public,
a89bd2c4d88c,17,state,Morelos,2021,c_pop_growth_5y,2.6996,% over 5 years,modelled,S02,c_pop_growth_5y,,,,2021.0,public,
c17c94685c08,17,state,Morelos,2022,c_pop_growth_5y,2.5037,% over 5 years,modelled,S02,c_pop_growth_5y,,,,2022.0,public,
463990231650,17,state,Morelos,2023,c_pop_growth_5y,2.5476,% over 5 years,modelled,S02,c_pop_growth_5y,,,,2023.0,public,
2b9537de11f2,17,state,Morelos,2024,c_pop_growth_5y,2.5582,% over 5 years,modelled,S02,c_pop_growth_5y,,,,2024.0,public,
f9dff3894290,17,state,Morelos,2025,c_pop_growth_5y,2.6638,% over 5 years,modelled,S02,c_pop_growth_5y,,,,2025.0,public,
3843f05f94b7,17,state,Morelos,2026,c_pop_growth_5y,2.9477,% over 5 years,modelled,S02,c_pop_growth_5y,,,,2026.0,public,
115f89dec10b,17,state,Morelos,2027,c_pop_growth_5y,3.0206,% over 5 years,modelled,S02,c_pop_growth_5y,,,,2027.0,public,
b167d5e3eb43,18,state,Nayarit,2020,c_pop_growth_5y,4.495,% over 5 years,modelled,S02,c_pop_growth_5y,,,,2020.0,public,
f83de0f93194,18,state,Nayarit,2021,c_pop_growth_5y,4.5582,% over 5 years,modelled,S02,c_pop_growth_5y,,,,2021.0,public,
7b5e17c9b09e,18,state,Nayarit,2022,c_pop_growth_5y,4.8332,% over 5 years,modelled,S02,c_pop_growth_5y,,,,2022.0,public,
d6c264922af6,18,state,Nayarit,2023,c_pop_growth_5y,5.2084,% over 5 years,modelled,S02,c_pop_growth_5y,,,,2023.0,public,
8a51e4454aa4,18,state,Nayarit,2024,c_pop_growth_5y,5.522,% over 5 years,modelled,S02,c_pop_growth_5y,,,,2024.0,public,
21da5c6c3529,18,state,Nayarit,2025,c_pop_growth_5y,5.7151,% over 5 years,modelled,S02,c_pop_growth_5y,,,,2025.0,public,
7c3637c6cee9,18,state,Nayarit,2026,c_pop_growth_5y,5.8159,% over 5 years,modelled,S02,c_pop_growth_5y,,,,2026.0,public,
86af53330a2a,18,state,Nayarit,2027,c_pop_growth_5y,5.742,% over 5 years,modelled,S02,c_pop_growth_5y,,,,2027.0,public,
7db1cfa3b8e1,19,state,Nuevo León,2020,c_pop_growth_5y,12.1482,% over 5 years,modelled,S02,c_pop_growth_5y,,,,2020.0,public,
afebb4fff02f,19,state,Nuevo León,2021,c_pop_growth_5y,11.2022,% over 5 years,modelled,S02,c_pop_growth_5y,,,,2021.0,public,
f741b6f299c8,19,state,Nuevo León,2022,c_pop_growth_5y,10.3539,% over 5 years,modelled,S02,c_pop_growth_5y,,,,2022.0,public,
60f5c5554deb,19,state,Nuevo León,2023,c_pop_growth_5y,9.6337,% over 5 years,modelled,S02,c_pop_growth_5y,,,,2023.0,public,
5c7f80e79310,19,state,Nuevo León,2024,c_pop_growth_5y,8.9047,% over 5 years,modelled,S02,c_pop_growth_5y,,,,2024.0,public,
86f3f177adc1,19,state,Nuevo León,2025,c_pop_growth_5y,8.5871,% over 5 years,modelled,S02,c_pop_growth_5y,,,,2025.0,public,
53079c447cd6,19,state,Nuevo León,2026,c_pop_growth_5y,8.6594,% over 5 years,modelled,S02,c_pop_growth_5y,,,,2026.0,public,
a5153535760c,19,state,Nuevo León,2027,c_pop_growth_5y,8.5553,% over 5 years,modelled,S02,c_pop_growth_5y,,,,2027.0,public,
49a35b3b0198,20,state,Oaxaca,2020,c_pop_growth_5y,3.3786,% over 5 years,modelled,S02,c_pop_growth_5y,,,,2020.0,public,
bfe2b5586d3f,20,state,Oaxaca,2021,c_pop_growth_5y,3.0757,% over 5 years,modelled,S02,c_pop_growth_5y,,,,2021.0,public,
dada7ab08ac2,20,state,Oaxaca,2022,c_pop_growth_5y,2.9513,% over 5 years,modelled,S02,c_pop_growth_5y,,,,2022.0,public,
72f09ecbe11c,20,state,Oaxaca,2023,c_pop_growth_5y,3.0212,% over 5 years,modelled,S02,c_pop_growth_5y,,,,2023.0,public,
de3dc36630ce,20,state,Oaxaca,2024,c_pop_growth_5y,3.0695,% over 5 years,modelled,S02,c_pop_growth_5y,,,,2024.0,public,
e0c13ea2fd9b,20,state,Oaxaca,2025,c_pop_growth_5y,3.2093,% over 5 years,modelled,S02,c_pop_growth_5y,,,,2025.0,public,
68d2fff5587e,20,state,Oaxaca,2026,c_pop_growth_5y,3.4979,% over 5 years,modelled,S02,c_pop_growth_5y,,,,2026.0,public,
e68ecedba8d3,20,state,Oaxaca,2027,c_pop_growth_5y,3.5996,% over 5 years,modelled,S02,c_pop_growth_5y,,,,2027.0,public,
3a01a4b1087b,21,state,Puebla,2020,c_pop_growth_5y,5.8625,% over 5 years,modelled,S02,c_pop_growth_5y,,,,2020.0,public,
8c68a69f158e,21,state,Puebla,2021,c_pop_growth_5y,5.4728,% over 5 years,modelled,S02,c_pop_growth_5y,,,,2021.0,public,
e0b4b8f86211,21,state,Puebla,2022,c_pop_growth_5y,5.2878,% over 5 years,modelled,S02,c_pop_growth_5y,,,,2022.0,public,
75233fff0a9a,21,state,Puebla,2023,c_pop_growth_5y,5.3177,% over 5 years,modelled,S02,c_pop_growth_5y,,,,2023.0,public,
bb327850e4e8,21,state,Puebla,2024,c_pop_growth_5y,5.308,% over 5 years,modelled,S02,c_pop_growth_5y,,,,2024.0,public,
59fdf536da04,21,state,Puebla,2025,c_pop_growth_5y,5.4421,% over 5 years,modelled,S02,c_pop_growth_5y,,,,2025.0,public,
ef869abc36d9,21,state,Puebla,2026,c_pop_growth_5y,5.7776,% over 5 years,modelled,S02,c_pop_growth_5y,,,,2026.0,public,
0391a2d34ae2,21,state,Puebla,2027,c_pop_growth_5y,5.881,% over 5 years,modelled,S02,c_pop_growth_5y,,,,2027.0,public,
41943e648c7c,22,state,Querétaro,2020,c_pop_growth_5y,14.8652,% over 5 years,modelled,S02,c_pop_growth_5y,,,,2020.0,public,
1bb3caa20131,22,state,Querétaro,2021,c_pop_growth_5y,13.5448,% over 5 years,modelled,S02,c_pop_growth_5y,,,,2021.0,public,
cef1a425e892,22,state,Querétaro,2022,c_pop_growth_5y,12.2945,% over 5 years,modelled,S02,c_pop_growth_5y,,,,2022.0,public,
96d547291462,22,state,Querétaro,2023,c_pop_growth_5y,11.2624,% over 5 years,modelled,S02,c_pop_growth_5y,,,,2023.0,public,
4d9d89d2b653,22,state,Querétaro,2024,c_pop_growth_5y,10.2363,% over 5 years,modelled,S02,c_pop_growth_5y,,,,2024.0,public,
cc27a5db8c40,22,state,Querétaro,2025,c_pop_growth_5y,9.695,% over 5 years,modelled,S02,c_pop_growth_5y,,,,2025.0,public,
1c81b0c0de1b,22,state,Querétaro,2026,c_pop_growth_5y,9.6762,% over 5 years,modelled,S02,c_pop_growth_5y,,,,2026.0,public,
22a3592727e6,22,state,Querétaro,2027,c_pop_growth_5y,9.4942,% over 5 years,modelled,S02,c_pop_growth_5y,,,,2027.0,public,
60bc1f560297,23,state,Quintana Roo,2020,c_pop_growth_5y,22.0665,% over 5 years,modelled,S02,c_pop_growth_5y,,,,2020.0,public,
9d2a32baf32d,23,state,Quintana Roo,2021,c_pop_growth_5y,19.3802,% over 5 years,modelled,S02,c_pop_growth_5y,,,,2021.0,public,
8e62b0d3a205,23,state,Quintana Roo,2022,c_pop_growth_5y,16.7292,% over 5 years,modelled,S02,c_pop_growth_5y,,,,2022.0,public,
427dc5239e95,23,state,Quintana Roo,2023,c_pop_growth_5y,14.2921,% over 5 years,modelled,S02,c_pop_growth_5y,,,,2023.0,public,
a3e5ee044cc7,23,state,Quintana Roo,2024,c_pop_growth_5y,11.9286,% over 5 years,modelled,S02,c_pop_growth_5y,,,,2024.0,public,
b2eb7089284a,23,state,Quintana Roo,2025,c_pop_growth_5y,10.715,% over 5 years,modelled,S02,c_pop_growth_5y,,,,2025.0,public,
c30274418499,23,state,Quintana Roo,2026,c_pop_growth_5y,10.5524,% over 5 years,modelled,S02,c_pop_growth_5y,,,,2026.0,public,
3930d5483a69,23,state,Quintana Roo,2027,c_pop_growth_5y,10.2334,% over 5 years,modelled,S02,c_pop_growth_5y,,,,2027.0,public,
e66ce001177f,24,state,San Luis Potosí,2020,c_pop_growth_5y,3.2352,% over 5 years,modelled,S02,c_pop_growth_5y,,,,2020.0,public,
24aad4f7718a,24,state,San Luis Potosí,2021,c_pop_growth_5y,3.0376,% over 5 years,modelled,S02,c_pop_growth_5y,,,,2021.0,public,
5ab6039ef37c,24,state,San Luis Potosí,2022,c_pop_growth_5y,3.0891,% over 5 years,modelled,S02,c_pop_growth_5y,,,,2022.0,public,
7cecc153f959,24,state,San Luis Potosí,2023,c_pop_growth_5y,3.3079,% over 5 years,modelled,S02,c_pop_growth_5y,,,,2023.0,public,
98f77a25d870,24,state,San Luis Potosí,2024,c_pop_growth_5y,3.5054,% over 5 years,modelled,S02,c_pop_growth_5y,,,,2024.0,public,
415c27a718c4,24,state,San Luis Potosí,2025,c_pop_growth_5y,3.7636,% over 5 years,modelled,S02,c_pop_growth_5y,,,,2025.0,public,
9fe7f86331a3,24,state,San Luis Potosí,2026,c_pop_growth_5y,4.0494,% over 5 years,modelled,S02,c_pop_growth_5y,,,,2026.0,public,
35263c38dc90,24,state,San Luis Potosí,2027,c_pop_growth_5y,4.0834,% over 5 years,modelled,S02,c_pop_growth_5y,,,,2027.0,public,
501a5f6ce4b5,25,state,Sinaloa,2020,c_pop_growth_5y,1.9936,% over 5 years,modelled,S02,c_pop_growth_5y,,,,2020.0,public,
fbd6a6824d71,25,state,Sinaloa,2021,c_pop_growth_5y,2.1166,% over 5 years,modelled,S02,c_pop_growth_5y,,,,2021.0,public,
c6ecb17c352d,25,state,Sinaloa,2022,c_pop_growth_5y,2.4673,% over 5 years,modelled,S02,c_pop_growth_5y,,,,2022.0,public,
907a84779e39,25,state,Sinaloa,2023,c_pop_growth_5y,2.8692,% over 5 years,modelled,S02,c_pop_growth_5y,,,,2023.0,public,
78cfa6b1b3e2,25,state,Sinaloa,2024,c_pop_growth_5y,3.2377,% over 5 years,modelled,S02,c_pop_growth_5y,,,,2024.0,public,
6a82f3cf95a5,25,state,Sinaloa,2025,c_pop_growth_5y,3.4968,% over 5 years,modelled,S02,c_pop_growth_5y,,,,2025.0,public,
a628a8fc309a,25,state,Sinaloa,2026,c_pop_growth_5y,3.5879,% over 5 years,modelled,S02,c_pop_growth_5y,,,,2026.0,public,
7f552960b04a,25,state,Sinaloa,2027,c_pop_growth_5y,3.4935,% over 5 years,modelled,S02,c_pop_growth_5y,,,,2027.0,public,
bb99eacaf07c,26,state,Sonora,2020,c_pop_growth_5y,3.5535,% over 5 years,modelled,S02,c_pop_growth_5y,,,,2020.0,public,
cbc63689fb49,26,state,Sonora,2021,c_pop_growth_5y,3.5379,% over 5 years,modelled,S02,c_pop_growth_5y,,,,2021.0,public,
6f5e8e936253,26,state,Sonora,2022,c_pop_growth_5y,3.7695,% over 5 years,modelled,S02,c_pop_growth_5y,,,,2022.0,public,
0337cc671262,26,state,Sonora,2023,c_pop_growth_5y,4.0851,% over 5 years,modelled,S02,c_pop_growth_5y,,,,2023.0,public,
cb9b91b5add4,26,state,Sonora,2024,c_pop_growth_5y,4.361,% over 5 years,modelled,S02,c_pop_growth_5y,,,,2024.0,public,
9574076a6405,26,state,Sonora,2025,c_pop_growth_5y,4.6124,% over 5 years,modelled,S02,c_pop_growth_5y,,,,2025.0,public,
641d73d75ef6,26,state,Sonora,2026,c_pop_growth_5y,4.7774,% over 5 years,modelled,S02,c_pop_growth_5y,,,,2026.0,public,
f0f31b7108d3,26,state,Sonora,2027,c_pop_growth_5y,4.7145,% over 5 years,modelled,S02,c_pop_growth_5y,,,,2027.0,public,
9248318da0a5,27,state,Tabasco,2020,c_pop_growth_5y,-0.0016,% over 5 years,modelled,S02,c_pop_growth_5y,,,,2020.0,public,
646e87970621,27,state,Tabasco,2021,c_pop_growth_5y,-0.1338,% over 5 years,modelled,S02,c_pop_growth_5y,,,,2021.0,public,
d679fe39e176,27,state,Tabasco,2022,c_pop_growth_5y,0.0864,% over 5 years,modelled,S02,c_pop_growth_5y,,,,2022.0,public,
21bf2b05b6ec,27,state,Tabasco,2023,c_pop_growth_5y,0.428,% over 5 years,modelled,S02,c_pop_growth_5y,,,,2023.0,public,
be1ba3738477,27,state,Tabasco,2024,c_pop_growth_5y,0.7935,% over 5 years,modelled,S02,c_pop_growth_5y,,,,2024.0,public,
d43aca398760,27,state,Tabasco,2025,c_pop_growth_5y,1.1092,% over 5 years,modelled,S02,c_pop_growth_5y,,,,2025.0,public,
1b40d356e02d,27,state,Tabasco,2026,c_pop_growth_5y,1.2661,% over 5 years,modelled,S02,c_pop_growth_5y,,,,2026.0,public,
dbfe59c3c89c,27,state,Tabasco,2027,c_pop_growth_5y,1.2196,% over 5 years,modelled,S02,c_pop_growth_5y,,,,2027.0,public,
93a6e33ae1cf,28,state,Tamaulipas,2020,c_pop_growth_5y,2.7374,% over 5 years,modelled,S02,c_pop_growth_5y,,,,2020.0,public,
a17c0a913b5a,28,state,Tamaulipas,2021,c_pop_growth_5y,2.9076,% over 5 years,modelled,S02,c_pop_growth_5y,,,,2021.0,public,
358ba02af3c8,28,state,Tamaulipas,2022,c_pop_growth_5y,3.2503,% over 5 years,modelled,S02,c_pop_growth_5y,,,,2022.0,public,
bcb31ae236cb,28,state,Tamaulipas,2023,c_pop_growth_5y,3.6337,% over 5 years,modelled,S02,c_pop_growth_5y,,,,2023.0,public,
2611d39ace15,28,state,Tamaulipas,2024,c_pop_growth_5y,3.9895,% over 5 years,modelled,S02,c_pop_growth_5y,,,,2024.0,public,
b7919e924b28,28,state,Tamaulipas,2025,c_pop_growth_5y,4.2394,% over 5 years,modelled,S02,c_pop_growth_5y,,,,2025.0,public,
7974bd3bf18d,28,state,Tamaulipas,2026,c_pop_growth_5y,4.2943,% over 5 years,modelled,S02,c_pop_growth_5y,,,,2026.0,public,
0031f16b6abf,28,state,Tamaulipas,2027,c_pop_growth_5y,4.1539,% over 5 years,modelled,S02,c_pop_growth_5y,,,,2027.0,public,
c17231605648,29,state,Tlaxcala,2020,c_pop_growth_5y,4.9333,% over 5 years,modelled,S02,c_pop_growth_5y,,,,2020.0,public,
8589fea2303c,29,state,Tlaxcala,2021,c_pop_growth_5y,4.6548,% over 5 years,modelled,S02,c_pop_growth_5y,,,,2021.0,public,
5325d896b836,29,state,Tlaxcala,2022,c_pop_growth_5y,4.7394,% over 5 years,modelled,S02,c_pop_growth_5y,,,,2022.0,public,
4e5da7ce70e1,29,state,Tlaxcala,2023,c_pop_growth_5y,5.0463,% over 5 years,modelled,S02,c_pop_growth_5y,,,,2023.0,public,
ba47954b73c2,29,state,Tlaxcala,2024,c_pop_growth_5y,5.3232,% over 5 years,modelled,S02,c_pop_growth_5y,,,,2024.0,public,
dd4e74f9f1f0,29,state,Tlaxcala,2025,c_pop_growth_5y,5.6769,% over 5 years,modelled,S02,c_pop_growth_5y,,,,2025.0,public,
cdaea604e1bd,29,state,Tlaxcala,2026,c_pop_growth_5y,6.0755,% over 5 years,modelled,S02,c_pop_growth_5y,,,,2026.0,public,
47e5b7af8e5b,29,state,Tlaxcala,2027,c_pop_growth_5y,6.1519,% over 5 years,modelled,S02,c_pop_growth_5y,,,,2027.0,public,
cac3cb49f563,30,state,Veracruz,2020,c_pop_growth_5y,-0.8328,% over 5 years,modelled,S02,c_pop_growth_5y,,,,2020.0,public,
dd1c0771633c,30,state,Veracruz,2021,c_pop_growth_5y,-1.073,% over 5 years,modelled,S02,c_pop_growth_5y,,,,2021.0,public,
ad8660f4e6d2,30,state,Veracruz,2022,c_pop_growth_5y,-1.0424,% over 5 years,modelled,S02,c_pop_growth_5y,,,,2022.0,public,
cd5de7cb7ef7,30,state,Veracruz,2023,c_pop_growth_5y,-0.8803,% over 5 years,modelled,S02,c_pop_growth_5y,,,,2023.0,public,
137db7ed24cd,30,state,Veracruz,2024,c_pop_growth_5y,-0.7371,% over 5 years,modelled,S02,c_pop_growth_5y,,,,2024.0,public,
8094e60879be,30,state,Veracruz,2025,c_pop_growth_5y,-0.5877,% over 5 years,modelled,S02,c_pop_growth_5y,,,,2025.0,public,
9d3516b05d11,30,state,Veracruz,2026,c_pop_growth_5y,-0.4219,% over 5 years,modelled,S02,c_pop_growth_5y,,,,2026.0,public,
7992569a5e5e,30,state,Veracruz,2027,c_pop_growth_5y,-0.4167,% over 5 years,modelled,S02,c_pop_growth_5y,,,,2027.0,public,
619d9c1d955a,31,state,Yucatán,2020,c_pop_growth_5y,9.6977,% over 5 years,modelled,S02,c_pop_growth_5y,,,,2020.0,public,
1bda4e32fc66,31,state,Yucatán,2021,c_pop_growth_5y,8.8772,% over 5 years,modelled,S02,c_pop_growth_5y,,,,2021.0,public,
1b94a7bdfe30,31,state,Yucatán,2022,c_pop_growth_5y,8.104,% over 5 years,modelled,S02,c_pop_growth_5y,,,,2022.0,public,
6636018d1677,31,state,Yucatán,2023,c_pop_growth_5y,7.4303,% over 5 years,modelled,S02,c_pop_growth_5y,,,,2023.0,public,
628c53bcb035,31,state,Yucatán,2024,c_pop_growth_5y,6.7282,% over 5 years,modelled,S02,c_pop_growth_5y,,,,2024.0,public,
2b198a62755e,31,state,Yucatán,2025,c_pop_growth_5y,6.3618,% over 5 years,modelled,S02,c_pop_growth_5y,,,,2025.0,public,
9142acb639c1,31,state,Yucatán,2026,c_pop_growth_5y,6.3466,% over 5 years,modelled,S02,c_pop_growth_5y,,,,2026.0,public,
77610c7f104e,31,state,Yucatán,2027,c_pop_growth_5y,6.2067,% over 5 years,modelled,S02,c_pop_growth_5y,,,,2027.0,public,
09149f1e2ec4,32,state,Zacatecas,2020,c_pop_growth_5y,2.1029,% over 5 years,modelled,S02,c_pop_growth_5y,,,,2020.0,public,
9133ef39f12f,32,state,Zacatecas,2021,c_pop_growth_5y,2.1472,% over 5 years,modelled,S02,c_pop_growth_5y,,,,2021.0,public,
967d27283d2c,32,state,Zacatecas,2022,c_pop_growth_5y,2.5079,% over 5 years,modelled,S02,c_pop_growth_5y,,,,2022.0,public,
2ebf21506ce2,32,state,Zacatecas,2023,c_pop_growth_5y,3.038,% over 5 years,modelled,S02,c_pop_growth_5y,,,,2023.0,public,
5fb8e42125bb,32,state,Zacatecas,2024,c_pop_growth_5y,3.5537,% over 5 years,modelled,S02,c_pop_growth_5y,,,,2024.0,public,
27f50a9f9c2d,32,state,Zacatecas,2025,c_pop_growth_5y,4.001,% over 5 years,modelled,S02,c_pop_growth_5y,,,,2025.0,public,
259e06fcab2b,32,state,Zacatecas,2026,c_pop_growth_5y,4.3189,% over 5 years,modelled,S02,c_pop_growth_5y,,,,2026.0,public,
5ed6521e4f03,32,state,Zacatecas,2027,c_pop_growth_5y,4.345,% over 5 years,modelled,S02,c_pop_growth_5y,,,,2027.0,public,
9f0be59a0bc2,01,state,Aguascalientes,2020,c_population,1456050.0,people,modelled,S02,c_population,,,,2020.0,public,
a669c3604987,01,state,Aguascalientes,2021,c_population,1472645.0,people,modelled,S02,c_population,,,,2021.0,public,
a65290f75a8d,01,state,Aguascalientes,2022,c_population,1491126.0,people,modelled,S02,c_population,,,,2022.0,public,
9717b0929a24,01,state,Aguascalientes,2023,c_population,1510839.0,people,modelled,S02,c_population,,,,2023.0,public,
1dc76007fdf1,01,state,Aguascalientes,2024,c_population,1530185.0,people,modelled,S02,c_population,,,,2024.0,public,
719ae6be0fa4,01,state,Aguascalientes,2025,c_population,1549118.0,people,modelled,S02,c_population,,,,2025.0,public,
ce89cc4af10f,01,state,Aguascalientes,2026,c_population,1567559.0,people,modelled,S02,c_population,,,,2026.0,public,
97c17cac0a64,01,state,Aguascalientes,2027,c_population,1585410.0,people,modelled,S02,c_population,,,,2027.0,public,
a0255d05a38e,02,state,Baja California,2020,c_population,3838619.0,people,modelled,S02,c_population,,,,2020.0,public,
939a0e27d9e9,02,state,Baja California,2021,c_population,3889925.0,people,modelled,S02,c_population,,,,2021.0,public,
35449593d809,02,state,Baja California,2022,c_population,3948201.0,people,modelled,S02,c_population,,,,2022.0,public,
1554ae97cb34,02,state,Baja California,2023,c_population,4010510.0,people,modelled,S02,c_population,,,,2023.0,public,
d05f0d17d220,02,state,Baja California,2024,c_population,4071872.0,people,modelled,S02,c_population,,,,2024.0,public,
0b436e74431c,02,state,Baja California,2025,c_population,4131619.0,people,modelled,S02,c_population,,,,2025.0,public,
70eee272186d,02,state,Baja California,2026,c_population,4189285.0,people,modelled,S02,c_population,,,,2026.0,public,
e2c453d298b1,02,state,Baja California,2027,c_population,4244732.0,people,modelled,S02,c_population,,,,2027.0,public,
74964e58a39d,03,state,Baja California Sur,2020,c_population,815098.0,people,modelled,S02,c_population,,,,2020.0,public,
4d539cc4457c,03,state,Baja California Sur,2021,c_population,831832.0,people,modelled,S02,c_population,,,,2021.0,public,
9287f4a02098,03,state,Baja California Sur,2022,c_population,849224.0,people,modelled,S02,c_population,,,,2022.0,public,
4545edf623fa,03,state,Baja California Sur,2023,c_population,867766.0,people,modelled,S02,c_population,,,,2023.0,public,
b2313221294d,03,state,Baja California Sur,2024,c_population,886050.0,people,modelled,S02,c_population,,,,2024.0,public,
5f097e683834,03,state,Baja California Sur,2025,c_population,904052.0,people,modelled,S02,c_population,,,,2025.0,public,
56c79f5fd25f,03,state,Baja California Sur,2026,c_population,921734.0,people,modelled,S02,c_population,,,,2026.0,public,
690bd1aa965d,03,state,Baja California Sur,2027,c_population,939102.0,people,modelled,S02,c_population,,,,2027.0,public,
afffbb50e04f,04,state,Campeche,2020,c_population,939179.0,people,modelled,S02,c_population,,,,2020.0,public,
c5e233a6e732,04,state,Campeche,2021,c_population,941684.0,people,modelled,S02,c_population,,,,2021.0,public,
f9a32a022116,04,state,Campeche,2022,c_population,945445.0,people,modelled,S02,c_population,,,,2022.0,public,
3941185716e2,04,state,Campeche,2023,c_population,950291.0,people,modelled,S02,c_population,,,,2023.0,public,
8a4b181e2642,04,state,Campeche,2024,c_population,954659.0,people,modelled,S02,c_population,,,,2024.0,public,
292ff80364e8,04,state,Campeche,2025,c_population,958567.0,people,modelled,S02,c_population,,,,2025.0,public,
ecf97d88b668,04,state,Campeche,2026,c_population,962014.0,people,modelled,S02,c_population,,,,2026.0,public,
362e37d9b6a6,04,state,Campeche,2027,c_population,965051.0,people,modelled,S02,c_population,,,,2027.0,public,
eeb401562ff4,05,state,Coahuila,2020,c_population,3197122.0,people,modelled,S02,c_population,,,,2020.0,public,
a9820fc4a8a3,05,state,Coahuila,2021,c_population,3232850.0,people,modelled,S02,c_population,,,,2021.0,public,
20dbfb1a7035,05,state,Coahuila,2022,c_population,3273658.0,people,modelled,S02,c_population,,,,2022.0,public,
9f17804a23ff,05,state,Coahuila,2023,c_population,3316738.0,people,modelled,S02,c_population,,,,2023.0,public,
c881704b8a5b,05,state,Coahuila,2024,c_population,3358991.0,people,modelled,S02,c_population,,,,2024.0,public,
e444d7042c13,05,state,Coahuila,2025,c_population,3400257.0,people,modelled,S02,c_population,,,,2025.0,public,
5f65e964cf76,05,state,Coahuila,2026,c_population,3440385.0,people,modelled,S02,c_population,,,,2026.0,public,
1a3f8cb9c50c,05,state,Coahuila,2027,c_population,3479300.0,people,modelled,S02,c_population,,,,2027.0,public,
5f2ca084ec45,06,state,Colima,2020,c_population,745122.0,people,modelled,S02,c_population,,,,2020.0,public,
d47e31b0459c,06,state,Colima,2021,c_population,748315.0,people,modelled,S02,c_population,,,,2021.0,public,
d653f2c21bcb,06,state,Colima,2022,c_population,752247.0,people,modelled,S02,c_population,,,,2022.0,public,
3fd1b148919b,06,state,Colima,2023,c_population,757405.0,people,modelled,S02,c_population,,,,2023.0,public,
600cb7223e6f,06,state,Colima,2024,c_population,762387.0,people,modelled,S02,c_population,,,,2024.0,public,
9b507507775f,06,state,Colima,2025,c_population,767105.0,people,modelled,S02,c_population,,,,2025.0,public,
7ed4a332b14d,06,state,Colima,2026,c_population,771538.0,people,modelled,S02,c_population,,,,2026.0,public,
8fb45735956b,06,state,Colima,2027,c_population,775673.0,people,modelled,S02,c_population,,,,2027.0,public,
0fb659d66687,07,state,Chiapas,2020,c_population,5715260.0,people,modelled,S02,c_population,,,,2020.0,public,
5a97c6c3daee,07,state,Chiapas,2021,c_population,5785553.0,people,modelled,S02,c_population,,,,2021.0,public,
e9b793d6fa84,07,state,Chiapas,2022,c_population,5862882.0,people,modelled,S02,c_population,,,,2022.0,public,
c5ebad4e42ab,07,state,Chiapas,2023,c_population,5946352.0,people,modelled,S02,c_population,,,,2023.0,public,
68b7a3186c99,07,state,Chiapas,2024,c_population,6028154.0,people,modelled,S02,c_population,,,,2024.0,public,
d21fcc10399f,07,state,Chiapas,2025,c_population,6107903.0,people,modelled,S02,c_population,,,,2025.0,public,
002e628cc248,07,state,Chiapas,2026,c_population,6185469.0,people,modelled,S02,c_population,,,,2026.0,public,
60d412831ecc,07,state,Chiapas,2027,c_population,6260822.0,people,modelled,S02,c_population,,,,2027.0,public,
fc1c3b823910,08,state,Chihuahua,2020,c_population,3812627.0,people,modelled,S02,c_population,,,,2020.0,public,
86f2f31a312c,08,state,Chihuahua,2021,c_population,3851891.0,people,modelled,S02,c_population,,,,2021.0,public,
62e1e4b4056a,08,state,Chihuahua,2022,c_population,3898274.0,people,modelled,S02,c_population,,,,2022.0,public,
e7382a96be69,08,state,Chihuahua,2023,c_population,3947936.0,people,modelled,S02,c_population,,,,2023.0,public,
4e7b444230a9,08,state,Chihuahua,2024,c_population,3996504.0,people,modelled,S02,c_population,,,,2024.0,public,
b8c4f57d23c8,08,state,Chihuahua,2025,c_population,4043130.0,people,modelled,S02,c_population,,,,2025.0,public,
9fa65989e7e3,08,state,Chihuahua,2026,c_population,4087306.0,people,modelled,S02,c_population,,,,2026.0,public,
802dd4640b42,08,state,Chihuahua,2027,c_population,4128864.0,people,modelled,S02,c_population,,,,2027.0,public,
65d0f4eef715,09,state,Ciudad de México,2020,c_population,9332593.0,people,modelled,S02,c_population,,,,2020.0,public,
4cd8e736e83b,09,state,Ciudad de México,2021,c_population,9272649.0,people,modelled,S02,c_population,,,,2021.0,public,
c3c8b3238aec,09,state,Ciudad de México,2022,c_population,9237644.0,people,modelled,S02,c_population,,,,2022.0,public,
b197f221cd77,09,state,Ciudad de México,2023,c_population,9221637.0,people,modelled,S02,c_population,,,,2023.0,public,
48f9b9ee5dd6,09,state,Ciudad de México,2024,c_population,9204018.0,people,modelled,S02,c_population,,,,2024.0,public,
f96d1a0ceb80,09,state,Ciudad de México,2025,c_population,9183658.0,people,modelled,S02,c_population,,,,2025.0,public,
c35dc757a486,09,state,Ciudad de México,2026,c_population,9159966.0,people,modelled,S02,c_population,,,,2026.0,public,
c0fc2998e43a,09,state,Ciudad de México,2027,c_population,9132734.0,people,modelled,S02,c_population,,,,2027.0,public,
eccaf10e2c56,10,state,Durango,2020,c_population,1858155.0,people,modelled,S02,c_population,,,,2020.0,public,
c75674fc5e3b,10,state,Durango,2021,c_population,1870186.0,people,modelled,S02,c_population,,,,2021.0,public,
e6592382b15e,10,state,Durango,2022,c_population,1884286.0,people,modelled,S02,c_population,,,,2022.0,public,
10caba0a47d4,10,state,Durango,2023,c_population,1899457.0,people,modelled,S02,c_population,,,,2023.0,public,
a8032fe91684,10,state,Durango,2024,c_population,1913774.0,people,modelled,S02,c_population,,,,2024.0,public,
2a1fbab06d87,10,state,Durango,2025,c_population,1927128.0,people,modelled,S02,c_population,,,,2025.0,public,
05e15c039e2d,10,state,Durango,2026,c_population,1939482.0,people,modelled,S02,c_population,,,,2026.0,public,
2a68f27fca38,10,state,Durango,2027,c_population,1950877.0,people,modelled,S02,c_population,,,,2027.0,public,
7c34855a6b7a,11,state,Guanajuato,2020,c_population,6265796.0,people,modelled,S02,c_population,,,,2020.0,public,
6dfa32d19df1,11,state,Guanajuato,2021,c_population,6308964.0,people,modelled,S02,c_population,,,,2021.0,public,
81eb8e50f2a6,11,state,Guanajuato,2022,c_population,6360814.0,people,modelled,S02,c_population,,,,2022.0,public,
2065528e8145,11,state,Guanajuato,2023,c_population,6422483.0,people,modelled,S02,c_population,,,,2023.0,public,
e0c5da2d4b73,11,state,Guanajuato,2024,c_population,6481538.0,people,modelled,S02,c_population,,,,2024.0,public,
c35b95132475,11,state,Guanajuato,2025,c_population,6537669.0,people,modelled,S02,c_population,,,,2025.0,public,
48b90a07abcd,11,state,Guanajuato,2026,c_population,6590749.0,people,modelled,S02,c_population,,,,2026.0,public,
4762cf89262d,11,state,Guanajuato,2027,c_population,6640874.0,people,modelled,S02,c_population,,,,2027.0,public,
aa1a1b25a1a8,12,state,Guerrero,2020,c_population,3599955.0,people,modelled,S02,c_population,,,,2020.0,public,
cb6a068d7abb,12,state,Guerrero,2021,c_population,3598332.0,people,modelled,S02,c_population,,,,2021.0,public,
9d922be54651,12,state,Guerrero,2022,c_population,3599951.0,people,modelled,S02,c_population,,,,2022.0,public,
0356348c0e5b,12,state,Guerrero,2023,c_population,3604215.0,people,modelled,S02,c_population,,,,2023.0,public,
a97fea030a02,12,state,Guerrero,2024,c_population,3606733.0,people,modelled,S02,c_population,,,,2024.0,public,
cf197eb84e41,12,state,Guerrero,2025,c_population,3607434.0,people,modelled,S02,c_population,,,,2025.0,public,
14b553a7bdfc,12,state,Guerrero,2026,c_population,3606296.0,people,modelled,S02,c_population,,,,2026.0,public,
3cbb8348b756,12,state,Guerrero,2027,c_population,3603402.0,people,modelled,S02,c_population,,,,2027.0,public,
b8f3dd0ca5a8,13,state,Hidalgo,2020,c_population,3130166.0,people,modelled,S02,c_population,,,,2020.0,public,
7ab660c182f9,13,state,Hidalgo,2021,c_population,3157947.0,people,modelled,S02,c_population,,,,2021.0,public,
1d36522cad7d,13,state,Hidalgo,2022,c_population,3190331.0,people,modelled,S02,c_population,,,,2022.0,public,
a1481b590313,13,state,Hidalgo,2023,c_population,3227801.0,people,modelled,S02,c_population,,,,2023.0,public,
30619be6f140,13,state,Hidalgo,2024,c_population,3264395.0,people,modelled,S02,c_population,,,,2024.0,public,
df717529e39a,13,state,Hidalgo,2025,c_population,3299857.0,people,modelled,S02,c_population,,,,2025.0,public,
e653284b01be,13,state,Hidalgo,2026,c_population,3334060.0,people,modelled,S02,c_population,,,,2026.0,public,
2558607729ee,13,state,Hidalgo,2027,c_population,3366905.0,people,modelled,S02,c_population,,,,2027.0,public,
1d03dbb90c73,14,state,Jalisco,2020,c_population,8507662.0,people,modelled,S02,c_population,,,,2020.0,public,
69462ad68452,14,state,Jalisco,2021,c_population,8573447.0,people,modelled,S02,c_population,,,,2021.0,public,
1d475b95279c,14,state,Jalisco,2022,c_population,8647986.0,people,modelled,S02,c_population,,,,2022.0,public,
6de5e3321862,14,state,Jalisco,2023,c_population,8735511.0,people,modelled,S02,c_population,,,,2023.0,public,
ea6b1a524b04,14,state,Jalisco,2024,c_population,8820915.0,people,modelled,S02,c_population,,,,2024.0,public,
7f71b60068ef,14,state,Jalisco,2025,c_population,8903326.0,people,modelled,S02,c_population,,,,2025.0,public,
2777c6e50ae7,14,state,Jalisco,2026,c_population,8982027.0,people,modelled,S02,c_population,,,,2026.0,public,
029034dbb45f,14,state,Jalisco,2027,c_population,9056773.0,people,modelled,S02,c_population,,,,2027.0,public,
8fd588215ea1,15,state,Estado de México,2020,c_population,17236788.0,people,modelled,S02,c_population,,,,2020.0,public,
9ac0da11a378,15,state,Estado de México,2021,c_population,17291050.0,people,modelled,S02,c_population,,,,2021.0,public,
df18f2150027,15,state,Estado de México,2022,c_population,17379644.0,people,modelled,S02,c_population,,,,2022.0,public,
fecade3bebce,15,state,Estado de México,2023,c_population,17501220.0,people,modelled,S02,c_population,,,,2023.0,public,
a825bff61a63,15,state,Estado de México,2024,c_population,17616018.0,people,modelled,S02,c_population,,,,2024.0,public,
59137ed8290f,15,state,Estado de México,2025,c_population,17723173.0,people,modelled,S02,c_population,,,,2025.0,public,
0ef04b889cf1,15,state,Estado de México,2026,c_population,17822420.0,people,modelled,S02,c_population,,,,2026.0,public,
be8a0708d713,15,state,Estado de México,2027,c_population,17914087.0,people,modelled,S02,c_population,,,,2027.0,public,
69faaaac7e9d,16,state,Michoacán,2020,c_population,4830267.0,people,modelled,S02,c_population,,,,2020.0,public,
e736e1fef18c,16,state,Michoacán,2021,c_population,4862597.0,people,modelled,S02,c_population,,,,2021.0,public,
15ed52a0691e,16,state,Michoacán,2022,c_population,4901506.0,people,modelled,S02,c_population,,,,2022.0,public,
6a0cff37d566,16,state,Michoacán,2023,c_population,4950601.0,people,modelled,S02,c_population,,,,2023.0,public,
6df5d139be69,16,state,Michoacán,2024,c_population,4998654.0,people,modelled,S02,c_population,,,,2024.0,public,
2223de59bc82,16,state,Michoacán,2025,c_population,5045030.0,people,modelled,S02,c_population,,,,2025.0,public,
f9266d834dea,16,state,Michoacán,2026,c_population,5089383.0,people,modelled,S02,c_population,,,,2026.0,public,
719d7e305112,16,state,Michoacán,2027,c_population,5131590.0,people,modelled,S02,c_population,,,,2027.0,public,
302fa1a870e1,17,state,Morelos,2020,c_population,2002754.0,people,modelled,S02,c_population,,,,2020.0,public,
e1251366294f,17,state,Morelos,2021,c_population,2008274.0,people,modelled,S02,c_population,,,,2021.0,public,
000e68a7dac7,17,state,Morelos,2022,c_population,2017078.0,people,modelled,S02,c_population,,,,2022.0,public,
83101259c3a0,17,state,Morelos,2023,c_population,2030857.0,people,modelled,S02,c_population,,,,2023.0,public,
ad1e861491d7,17,state,Morelos,2024,c_population,2043884.0,people,modelled,S02,c_population,,,,2024.0,public,
b118942a4f62,17,state,Morelos,2025,c_population,2056103.0,people,modelled,S02,c_population,,,,2025.0,public,
a1b967113242,17,state,Morelos,2026,c_population,2067472.0,people,modelled,S02,c_population,,,,2026.0,public,
70933556da1c,17,state,Morelos,2027,c_population,2078005.0,people,modelled,S02,c_population,,,,2027.0,public,
4b88a74d45e2,18,state,Nayarit,2020,c_population,1252690.0,people,modelled,S02,c_population,,,,2020.0,public,
721d92ca482f,18,state,Nayarit,2021,c_population,1264932.0,people,modelled,S02,c_population,,,,2021.0,public,
859615acd084,18,state,Nayarit,2022,c_population,1278605.0,people,modelled,S02,c_population,,,,2022.0,public,
ceb355a49b4a,18,state,Nayarit,2023,c_population,1294124.0,people,modelled,S02,c_population,,,,2023.0,public,
35870eda1aaa,18,state,Nayarit,2024,c_population,1309432.0,people,modelled,S02,c_population,,,,2024.0,public,
7d66611fdb25,18,state,Nayarit,2025,c_population,1324282.0,people,modelled,S02,c_population,,,,2025.0,public,
10e0ea3069cf,18,state,Nayarit,2026,c_population,1338499.0,people,modelled,S02,c_population,,,,2026.0,public,
66b063522245,18,state,Nayarit,2027,c_population,1352022.0,people,modelled,S02,c_population,,,,2027.0,public,
a69b921b54ec,19,state,Nuevo León,2020,c_population,5905971.0,people,modelled,S02,c_population,,,,2020.0,public,
064b77debfd2,19,state,Nuevo León,2021,c_population,5996906.0,people,modelled,S02,c_population,,,,2021.0,public,
1145d503f14d,19,state,Nuevo León,2022,c_population,6095498.0,people,modelled,S02,c_population,,,,2022.0,public,
6afa0f8feed2,19,state,Nuevo León,2023,c_population,6202153.0,people,modelled,S02,c_population,,,,2023.0,public,
725f26b52c22,19,state,Nuevo León,2024,c_population,6308199.0,people,modelled,S02,c_population,,,,2024.0,public,
2229389029ff,19,state,Nuevo León,2025,c_population,6413123.0,people,modelled,S02,c_population,,,,2025.0,public,
318d2e874e2f,19,state,Nuevo León,2026,c_population,6516202.0,people,modelled,S02,c_population,,,,2026.0,public,
e3566d375407,19,state,Nuevo León,2027,c_population,6616988.0,people,modelled,S02,c_population,,,,2027.0,public,
8c62d573dec5,20,state,Oaxaca,2020,c_population,4204445.0,people,modelled,S02,c_population,,,,2020.0,public,
4d9756be9151,20,state,Oaxaca,2021,c_population,4221338.0,people,modelled,S02,c_population,,,,2021.0,public,
9f4b174f1575,20,state,Oaxaca,2022,c_population,4244538.0,people,modelled,S02,c_population,,,,2022.0,public,
4a3980806a00,20,state,Oaxaca,2023,c_population,4276769.0,people,modelled,S02,c_population,,,,2023.0,public,
e2b69f686673,20,state,Oaxaca,2024,c_population,4308543.0,people,modelled,S02,c_population,,,,2024.0,public,
acad021d43e1,20,state,Oaxaca,2025,c_population,4339377.0,people,modelled,S02,c_population,,,,2025.0,public,
3e597e295d32,20,state,Oaxaca,2026,c_population,4368997.0,people,modelled,S02,c_population,,,,2026.0,public,
2cfc5f05e8bd,20,state,Oaxaca,2027,c_population,4397325.0,people,modelled,S02,c_population,,,,2027.0,public,
ccf2586731bc,21,state,Puebla,2020,c_population,6705217.0,people,modelled,S02,c_population,,,,2020.0,public,
689d8628c524,21,state,Puebla,2021,c_population,6758650.0,people,modelled,S02,c_population,,,,2021.0,public,
de87440ade5f,21,state,Puebla,2022,c_population,6824785.0,people,modelled,S02,c_population,,,,2022.0,public,
dbbfbda94f9e,21,state,Puebla,2023,c_population,6907421.0,people,modelled,S02,c_population,,,,2023.0,public,
f548ccf20caf,21,state,Puebla,2024,c_population,6989402.0,people,modelled,S02,c_population,,,,2024.0,public,
fc6f68e6391f,21,state,Puebla,2025,c_population,7070124.0,people,modelled,S02,c_population,,,,2025.0,public,
b6e302f55566,21,state,Puebla,2026,c_population,7149139.0,people,modelled,S02,c_population,,,,2026.0,public,
5bc9256e7fb3,21,state,Puebla,2027,c_population,7226154.0,people,modelled,S02,c_population,,,,2027.0,public,
31cbef55e3a5,22,state,Querétaro,2020,c_population,2419819.0,people,modelled,S02,c_population,,,,2020.0,public,
cdb64e575507,22,state,Querétaro,2021,c_population,2462684.0,people,modelled,S02,c_population,,,,2021.0,public,
4d0a1f75bc61,22,state,Querétaro,2022,c_population,2508214.0,people,modelled,S02,c_population,,,,2022.0,public,
758774bb5dcc,22,state,Querétaro,2023,c_population,2557915.0,people,modelled,S02,c_population,,,,2023.0,public,
36b2b006af91,22,state,Querétaro,2024,c_population,2606698.0,people,modelled,S02,c_population,,,,2024.0,public,
b68f3c8c82a8,22,state,Querétaro,2025,c_population,2654421.0,people,modelled,S02,c_population,,,,2025.0,public,
a65580f04d07,22,state,Querétaro,2026,c_population,2700978.0,people,modelled,S02,c_population,,,,2026.0,public,
8aa5ae39e638,22,state,Querétaro,2027,c_population,2746349.0,people,modelled,S02,c_population,,,,2027.0,public,
3d6ecb32bce2,23,state,Quintana Roo,2020,c_population,1898241.0,people,modelled,S02,c_population,,,,2020.0,public,
1e6e57c59e88,23,state,Quintana Roo,2021,c_population,1936713.0,people,modelled,S02,c_population,,,,2021.0,public,
3f3bc79bc410,23,state,Quintana Roo,2022,c_population,1977161.0,people,modelled,S02,c_population,,,,2022.0,public,
8171776ed8be,23,state,Quintana Roo,2023,c_population,2019606.0,people,modelled,S02,c_population,,,,2023.0,public,
c5b05ac022d4,23,state,Quintana Roo,2024,c_population,2061131.0,people,modelled,S02,c_population,,,,2024.0,public,
5b8225e8f165,23,state,Quintana Roo,2025,c_population,2101638.0,people,modelled,S02,c_population,,,,2025.0,public,
770408615725,23,state,Quintana Roo,2026,c_population,2141082.0,people,modelled,S02,c_population,,,,2026.0,public,
7f95d1d53eda,23,state,Quintana Roo,2027,c_population,2179491.0,people,modelled,S02,c_population,,,,2027.0,public,
fdf476aa72e3,24,state,San Luis Potosí,2020,c_population,2871697.0,people,modelled,S02,c_population,,,,2020.0,public,
79de37e5302a,24,state,San Luis Potosí,2021,c_population,2885794.0,people,modelled,S02,c_population,,,,2021.0,public,
cd0a537ca5a7,24,state,San Luis Potosí,2022,c_population,2905759.0,people,modelled,S02,c_population,,,,2022.0,public,
8a2873d6e9ff,24,state,San Luis Potosí,2023,c_population,2931052.0,people,modelled,S02,c_population,,,,2023.0,public,
64f086e167af,24,state,San Luis Potosí,2024,c_population,2955841.0,people,modelled,S02,c_population,,,,2024.0,public,
270515d2ad8f,24,state,San Luis Potosí,2025,c_population,2979775.0,people,modelled,S02,c_population,,,,2025.0,public,
f74574f4fefb,24,state,San Luis Potosí,2026,c_population,3002651.0,people,modelled,S02,c_population,,,,2026.0,public,
9346af2bde06,24,state,San Luis Potosí,2027,c_population,3024414.0,people,modelled,S02,c_population,,,,2027.0,public,
e5078017538e,25,state,Sinaloa,2020,c_population,3079773.0,people,modelled,S02,c_population,,,,2020.0,public,
2704af0afa8d,25,state,Sinaloa,2021,c_population,3096923.0,people,modelled,S02,c_population,,,,2021.0,public,
18760ec6d7e7,25,state,Sinaloa,2022,c_population,3118470.0,people,modelled,S02,c_population,,,,2022.0,public,
95745749b384,25,state,Sinaloa,2023,c_population,3142699.0,people,modelled,S02,c_population,,,,2023.0,public,
7c8dc0575a6f,25,state,Sinaloa,2024,c_population,3165686.0,people,modelled,S02,c_population,,,,2024.0,public,
96c859884435,25,state,Sinaloa,2025,c_population,3187466.0,people,modelled,S02,c_population,,,,2025.0,public,
dc3ac6793d40,25,state,Sinaloa,2026,c_population,3208039.0,people,modelled,S02,c_population,,,,2026.0,public,
26278f6b41e0,25,state,Sinaloa,2027,c_population,3227413.0,people,modelled,S02,c_population,,,,2027.0,public,
90148c41b5ec,26,state,Sonora,2020,c_population,3002286.0,people,modelled,S02,c_population,,,,2020.0,public,
65195955784e,26,state,Sonora,2021,c_population,3024147.0,people,modelled,S02,c_population,,,,2021.0,public,
dc58d4257b33,26,state,Sonora,2022,c_population,3051188.0,people,modelled,S02,c_population,,,,2022.0,public,
2ef9992ef654,26,state,Sonora,2023,c_population,3081734.0,people,modelled,S02,c_population,,,,2023.0,public,
39ba023af100,26,state,Sonora,2024,c_population,3111704.0,people,modelled,S02,c_population,,,,2024.0,public,
7ee1ce5a9eef,26,state,Sonora,2025,c_population,3140762.0,people,modelled,S02,c_population,,,,2025.0,public,
4c8ba1f8004c,26,state,Sonora,2026,c_population,3168624.0,people,modelled,S02,c_population,,,,2026.0,public,
7abf7444434c,26,state,Sonora,2027,c_population,3195036.0,people,modelled,S02,c_population,,,,2027.0,public,
9065cb61e6ef,27,state,Tabasco,2020,c_population,2440449.0,people,modelled,S02,c_population,,,,2020.0,public,
3f9e28cc7719,27,state,Tabasco,2021,c_population,2441753.0,people,modelled,S02,c_population,,,,2021.0,public,
f73edce28474,27,state,Tabasco,2022,c_population,2447193.0,people,modelled,S02,c_population,,,,2022.0,public,
828315f3ff92,27,state,Tabasco,2023,c_population,2454787.0,people,modelled,S02,c_population,,,,2023.0,public,
359311234a67,27,state,Tabasco,2024,c_population,2461555.0,people,modelled,S02,c_population,,,,2024.0,public,
35f422e1184b,27,state,Tabasco,2025,c_population,2467519.0,people,modelled,S02,c_population,,,,2025.0,public,
ac1ad31783d7,27,state,Tabasco,2026,c_population,2472668.0,people,modelled,S02,c_population,,,,2026.0,public,
317ac7f0ecde,27,state,Tabasco,2027,c_population,2477039.0,people,modelled,S02,c_population,,,,2027.0,public,
989b1f5b2484,28,state,Tamaulipas,2020,c_population,3595971.0,people,modelled,S02,c_population,,,,2020.0,public,
3efe509319ad,28,state,Tamaulipas,2021,c_population,3621934.0,people,modelled,S02,c_population,,,,2021.0,public,
ead6502679f4,28,state,Tamaulipas,2022,c_population,3652671.0,people,modelled,S02,c_population,,,,2022.0,public,
5408a2996554,28,state,Tamaulipas,2023,c_population,3685588.0,people,modelled,S02,c_population,,,,2023.0,public,
c52a502480b0,28,state,Tamaulipas,2024,c_population,3717618.0,people,modelled,S02,c_population,,,,2024.0,public,
0697fc50d4e4,28,state,Tamaulipas,2025,c_population,3748419.0,people,modelled,S02,c_population,,,,2025.0,public,
4399cc8d24f0,28,state,Tamaulipas,2026,c_population,3777472.0,people,modelled,S02,c_population,,,,2026.0,public,
a9ca4060b990,28,state,Tamaulipas,2027,c_population,3804401.0,people,modelled,S02,c_population,,,,2027.0,public,
8394a7364925,29,state,Tlaxcala,2020,c_population,1369950.0,people,modelled,S02,c_population,,,,2020.0,public,
31559da48fc8,29,state,Tlaxcala,2021,c_population,1380635.0,people,modelled,S02,c_population,,,,2021.0,public,
0ec378667763,29,state,Tlaxcala,2022,c_population,1395020.0,people,modelled,S02,c_population,,,,2022.0,public,
2bb15fb8cb20,29,state,Tlaxcala,2023,c_population,1412895.0,people,modelled,S02,c_population,,,,2023.0,public,
be66020b829e,29,state,Tlaxcala,2024,c_population,1430497.0,people,modelled,S02,c_population,,,,2024.0,public,
44f29a07b9cc,29,state,Tlaxcala,2025,c_population,1447721.0,people,modelled,S02,c_population,,,,2025.0,public,
b86016e2bf27,29,state,Tlaxcala,2026,c_population,1464515.0,people,modelled,S02,c_population,,,,2026.0,public,
83a3fcec4f30,29,state,Tlaxcala,2027,c_population,1480840.0,people,modelled,S02,c_population,,,,2027.0,public,
fab757c129f7,30,state,Veracruz,2020,c_population,8169287.0,people,modelled,S02,c_population,,,,2020.0,public,
33989e6b4fad,30,state,Veracruz,2021,c_population,8146184.0,people,modelled,S02,c_population,,,,2021.0,public,
b8bb26ccbf8b,30,state,Veracruz,2022,c_population,8133233.0,people,modelled,S02,c_population,,,,2022.0,public,
c16b290fd964,30,state,Veracruz,2023,c_population,8131584.0,people,modelled,S02,c_population,,,,2023.0,public,
3a8a1f2145df,30,state,Veracruz,2024,c_population,8127727.0,people,modelled,S02,c_population,,,,2024.0,public,
2c4d8de130e0,30,state,Veracruz,2025,c_population,8121275.0,people,modelled,S02,c_population,,,,2025.0,public,
31d08d725c96,30,state,Veracruz,2026,c_population,8111813.0,people,modelled,S02,c_population,,,,2026.0,public,
919fa70a808b,30,state,Veracruz,2027,c_population,8099339.0,people,modelled,S02,c_population,,,,2027.0,public,
15f64c43189b,31,state,Yucatán,2020,c_population,2363123.0,people,modelled,S02,c_population,,,,2020.0,public,
c0f73a29fd26,31,state,Yucatán,2021,c_population,2390802.0,people,modelled,S02,c_population,,,,2021.0,public,
22d2b9dc3ba1,31,state,Yucatán,2022,c_population,2420401.0,people,modelled,S02,c_population,,,,2022.0,public,
c27f4cf543c2,31,state,Yucatán,2023,c_population,2452378.0,people,modelled,S02,c_population,,,,2023.0,public,
323b7d338a80,31,state,Yucatán,2024,c_population,2483400.0,people,modelled,S02,c_population,,,,2024.0,public,
7d4378c65f6c,31,state,Yucatán,2025,c_population,2513461.0,people,modelled,S02,c_population,,,,2025.0,public,
532ffbe5ba3a,31,state,Yucatán,2026,c_population,2542536.0,people,modelled,S02,c_population,,,,2026.0,public,
9212f36bb44a,31,state,Yucatán,2027,c_population,2570628.0,people,modelled,S02,c_population,,,,2027.0,public,
8eb81424d31c,32,state,Zacatecas,2020,c_population,1647038.0,people,modelled,S02,c_population,,,,2020.0,public,
93774dffa6b3,32,state,Zacatecas,2021,c_population,1655403.0,people,modelled,S02,c_population,,,,2021.0,public,
bd049626dc0b,32,state,Zacatecas,2022,c_population,1667567.0,people,modelled,S02,c_population,,,,2022.0,public,
919733cf45bc,32,state,Zacatecas,2023,c_population,1683013.0,people,modelled,S02,c_population,,,,2023.0,public,
e53d4a5b742d,32,state,Zacatecas,2024,c_population,1698252.0,people,modelled,S02,c_population,,,,2024.0,public,
4d83f97d3aec,32,state,Zacatecas,2025,c_population,1712936.0,people,modelled,S02,c_population,,,,2025.0,public,
0b66627f775a,32,state,Zacatecas,2026,c_population,1726898.0,people,modelled,S02,c_population,,,,2026.0,public,
072a5fb6c11e,32,state,Zacatecas,2027,c_population,1740022.0,people,modelled,S02,c_population,,,,2027.0,public,
6c239cddd646,01,state,Aguascalientes,2020,d_cloud_regions,0.0,regions,documentary,S20,d_cloud_regions,,,2020-12-31,2020.0,public,REGISTER_ABSENCE
4ea623df0a5c,01,state,Aguascalientes,2021,d_cloud_regions,0.0,regions,documentary,S20,d_cloud_regions,,,2021-12-31,2021.0,public,REGISTER_ABSENCE
2c4883378118,01,state,Aguascalientes,2022,d_cloud_regions,0.0,regions,documentary,S20,d_cloud_regions,,,2022-12-31,2022.0,public,REGISTER_ABSENCE
5e2bbc7233f4,01,state,Aguascalientes,2023,d_cloud_regions,0.0,regions,documentary,S20,d_cloud_regions,,,2023-12-31,2023.0,public,REGISTER_ABSENCE
24702baead96,01,state,Aguascalientes,2024,d_cloud_regions,0.0,regions,documentary,S20,d_cloud_regions,,,2024-12-31,2024.0,public,REGISTER_ABSENCE
f782fc90b16a,01,state,Aguascalientes,2025,d_cloud_regions,0.0,regions,documentary,S20,d_cloud_regions,,,2025-12-31,2025.0,public,REGISTER_ABSENCE
b2d32bb82284,01,state,Aguascalientes,2026,d_cloud_regions,0.0,regions,documentary,S20,d_cloud_regions,,,2026-10-04,2026.0,public,REGISTER_ABSENCE|AS_OF=2026-10-04
24335ce5300f,01,state,Aguascalientes,2027,d_cloud_regions,,regions,unknown,S20,d_cloud_regions,,,,,public,FUTURE_YEAR_NOT_OBSERVABLE
c5d9d7f5c72a,02,state,Baja California,2020,d_cloud_regions,0.0,regions,documentary,S20,d_cloud_regions,,,2020-12-31,2020.0,public,REGISTER_ABSENCE
c548f776ab5a,02,state,Baja California,2021,d_cloud_regions,0.0,regions,documentary,S20,d_cloud_regions,,,2021-12-31,2021.0,public,REGISTER_ABSENCE
4d73606da014,02,state,Baja California,2022,d_cloud_regions,0.0,regions,documentary,S20,d_cloud_regions,,,2022-12-31,2022.0,public,REGISTER_ABSENCE
0b166871c236,02,state,Baja California,2023,d_cloud_regions,0.0,regions,documentary,S20,d_cloud_regions,,,2023-12-31,2023.0,public,REGISTER_ABSENCE
248afa352e59,02,state,Baja California,2024,d_cloud_regions,0.0,regions,documentary,S20,d_cloud_regions,,,2024-12-31,2024.0,public,REGISTER_ABSENCE
b45c18e353fb,02,state,Baja California,2025,d_cloud_regions,0.0,regions,documentary,S20,d_cloud_regions,,,2025-12-31,2025.0,public,REGISTER_ABSENCE
4843cd10af60,02,state,Baja California,2026,d_cloud_regions,0.0,regions,documentary,S20,d_cloud_regions,,,2026-10-04,2026.0,public,REGISTER_ABSENCE|AS_OF=2026-10-04
591354fc1244,02,state,Baja California,2027,d_cloud_regions,,regions,unknown,S20,d_cloud_regions,,,,,public,FUTURE_YEAR_NOT_OBSERVABLE
ccaec0adfe46,03,state,Baja California Sur,2020,d_cloud_regions,0.0,regions,documentary,S20,d_cloud_regions,,,2020-12-31,2020.0,public,REGISTER_ABSENCE
9d811c29b20e,03,state,Baja California Sur,2021,d_cloud_regions,0.0,regions,documentary,S20,d_cloud_regions,,,2021-12-31,2021.0,public,REGISTER_ABSENCE
1465e0b68a7f,03,state,Baja California Sur,2022,d_cloud_regions,0.0,regions,documentary,S20,d_cloud_regions,,,2022-12-31,2022.0,public,REGISTER_ABSENCE
1f1a0ebb8a4d,03,state,Baja California Sur,2023,d_cloud_regions,0.0,regions,documentary,S20,d_cloud_regions,,,2023-12-31,2023.0,public,REGISTER_ABSENCE
061dddc42afa,03,state,Baja California Sur,2024,d_cloud_regions,0.0,regions,documentary,S20,d_cloud_regions,,,2024-12-31,2024.0,public,REGISTER_ABSENCE
85b056aa1156,03,state,Baja California Sur,2025,d_cloud_regions,0.0,regions,documentary,S20,d_cloud_regions,,,2025-12-31,2025.0,public,REGISTER_ABSENCE
187861810bb9,03,state,Baja California Sur,2026,d_cloud_regions,0.0,regions,documentary,S20,d_cloud_regions,,,2026-10-04,2026.0,public,REGISTER_ABSENCE|AS_OF=2026-10-04
473afe4f0bca,03,state,Baja California Sur,2027,d_cloud_regions,,regions,unknown,S20,d_cloud_regions,,,,,public,FUTURE_YEAR_NOT_OBSERVABLE
b28987169aa5,04,state,Campeche,2020,d_cloud_regions,0.0,regions,documentary,S20,d_cloud_regions,,,2020-12-31,2020.0,public,REGISTER_ABSENCE
e293d99b214b,04,state,Campeche,2021,d_cloud_regions,0.0,regions,documentary,S20,d_cloud_regions,,,2021-12-31,2021.0,public,REGISTER_ABSENCE
190fe6392ea2,04,state,Campeche,2022,d_cloud_regions,0.0,regions,documentary,S20,d_cloud_regions,,,2022-12-31,2022.0,public,REGISTER_ABSENCE
64514712fa70,04,state,Campeche,2023,d_cloud_regions,0.0,regions,documentary,S20,d_cloud_regions,,,2023-12-31,2023.0,public,REGISTER_ABSENCE
316cb81eaca5,04,state,Campeche,2024,d_cloud_regions,0.0,regions,documentary,S20,d_cloud_regions,,,2024-12-31,2024.0,public,REGISTER_ABSENCE
167bd80dffe3,04,state,Campeche,2025,d_cloud_regions,0.0,regions,documentary,S20,d_cloud_regions,,,2025-12-31,2025.0,public,REGISTER_ABSENCE
3d5c55d989d8,04,state,Campeche,2026,d_cloud_regions,0.0,regions,documentary,S20,d_cloud_regions,,,2026-10-04,2026.0,public,REGISTER_ABSENCE|AS_OF=2026-10-04
621653d8c3ea,04,state,Campeche,2027,d_cloud_regions,,regions,unknown,S20,d_cloud_regions,,,,,public,FUTURE_YEAR_NOT_OBSERVABLE
37b20548a37c,05,state,Coahuila,2020,d_cloud_regions,0.0,regions,documentary,S20,d_cloud_regions,,,2020-12-31,2020.0,public,REGISTER_ABSENCE
bfdfe8482143,05,state,Coahuila,2021,d_cloud_regions,0.0,regions,documentary,S20,d_cloud_regions,,,2021-12-31,2021.0,public,REGISTER_ABSENCE
d66c32e398e5,05,state,Coahuila,2022,d_cloud_regions,0.0,regions,documentary,S20,d_cloud_regions,,,2022-12-31,2022.0,public,REGISTER_ABSENCE
bd43979814ce,05,state,Coahuila,2023,d_cloud_regions,0.0,regions,documentary,S20,d_cloud_regions,,,2023-12-31,2023.0,public,REGISTER_ABSENCE
c4eb62876ebb,05,state,Coahuila,2024,d_cloud_regions,0.0,regions,documentary,S20,d_cloud_regions,,,2024-12-31,2024.0,public,REGISTER_ABSENCE
642a41c272df,05,state,Coahuila,2025,d_cloud_regions,0.0,regions,documentary,S20,d_cloud_regions,,,2025-12-31,2025.0,public,REGISTER_ABSENCE
a91fd981a780,05,state,Coahuila,2026,d_cloud_regions,0.0,regions,documentary,S20,d_cloud_regions,,,2026-10-04,2026.0,public,REGISTER_ABSENCE|AS_OF=2026-10-04
695c3f9b8d6e,05,state,Coahuila,2027,d_cloud_regions,,regions,unknown,S20,d_cloud_regions,,,,,public,FUTURE_YEAR_NOT_OBSERVABLE
ba0810d0ea7d,06,state,Colima,2020,d_cloud_regions,0.0,regions,documentary,S20,d_cloud_regions,,,2020-12-31,2020.0,public,REGISTER_ABSENCE
ce75e1c0aeb1,06,state,Colima,2021,d_cloud_regions,0.0,regions,documentary,S20,d_cloud_regions,,,2021-12-31,2021.0,public,REGISTER_ABSENCE
9652015dbcc8,06,state,Colima,2022,d_cloud_regions,0.0,regions,documentary,S20,d_cloud_regions,,,2022-12-31,2022.0,public,REGISTER_ABSENCE
bd07447ebb14,06,state,Colima,2023,d_cloud_regions,0.0,regions,documentary,S20,d_cloud_regions,,,2023-12-31,2023.0,public,REGISTER_ABSENCE
d908938a83ac,06,state,Colima,2024,d_cloud_regions,0.0,regions,documentary,S20,d_cloud_regions,,,2024-12-31,2024.0,public,REGISTER_ABSENCE
907425b2cd09,06,state,Colima,2025,d_cloud_regions,0.0,regions,documentary,S20,d_cloud_regions,,,2025-12-31,2025.0,public,REGISTER_ABSENCE
ae28076bfa60,06,state,Colima,2026,d_cloud_regions,0.0,regions,documentary,S20,d_cloud_regions,,,2026-10-04,2026.0,public,REGISTER_ABSENCE|AS_OF=2026-10-04
0e9c1119b7a8,06,state,Colima,2027,d_cloud_regions,,regions,unknown,S20,d_cloud_regions,,,,,public,FUTURE_YEAR_NOT_OBSERVABLE
8768f1bef593,07,state,Chiapas,2020,d_cloud_regions,0.0,regions,documentary,S20,d_cloud_regions,,,2020-12-31,2020.0,public,REGISTER_ABSENCE
797868e68ab5,07,state,Chiapas,2021,d_cloud_regions,0.0,regions,documentary,S20,d_cloud_regions,,,2021-12-31,2021.0,public,REGISTER_ABSENCE
d1af7c3dd622,07,state,Chiapas,2022,d_cloud_regions,0.0,regions,documentary,S20,d_cloud_regions,,,2022-12-31,2022.0,public,REGISTER_ABSENCE
db17fcead375,07,state,Chiapas,2023,d_cloud_regions,0.0,regions,documentary,S20,d_cloud_regions,,,2023-12-31,2023.0,public,REGISTER_ABSENCE
58c8c5b64d9a,07,state,Chiapas,2024,d_cloud_regions,0.0,regions,documentary,S20,d_cloud_regions,,,2024-12-31,2024.0,public,REGISTER_ABSENCE
8344a026b53e,07,state,Chiapas,2025,d_cloud_regions,0.0,regions,documentary,S20,d_cloud_regions,,,2025-12-31,2025.0,public,REGISTER_ABSENCE
8a847dbf5e87,07,state,Chiapas,2026,d_cloud_regions,0.0,regions,documentary,S20,d_cloud_regions,,,2026-10-04,2026.0,public,REGISTER_ABSENCE|AS_OF=2026-10-04
ee7d29240f9f,07,state,Chiapas,2027,d_cloud_regions,,regions,unknown,S20,d_cloud_regions,,,,,public,FUTURE_YEAR_NOT_OBSERVABLE
c69fffe8e210,08,state,Chihuahua,2020,d_cloud_regions,0.0,regions,documentary,S20,d_cloud_regions,,,2020-12-31,2020.0,public,REGISTER_ABSENCE
9a907e1e835d,08,state,Chihuahua,2021,d_cloud_regions,0.0,regions,documentary,S20,d_cloud_regions,,,2021-12-31,2021.0,public,REGISTER_ABSENCE
a8837750112d,08,state,Chihuahua,2022,d_cloud_regions,0.0,regions,documentary,S20,d_cloud_regions,,,2022-12-31,2022.0,public,REGISTER_ABSENCE
f18ce2ff05f1,08,state,Chihuahua,2023,d_cloud_regions,0.0,regions,documentary,S20,d_cloud_regions,,,2023-12-31,2023.0,public,REGISTER_ABSENCE
d6a76b067b0a,08,state,Chihuahua,2024,d_cloud_regions,0.0,regions,documentary,S20,d_cloud_regions,,,2024-12-31,2024.0,public,REGISTER_ABSENCE
74b278e4410f,08,state,Chihuahua,2025,d_cloud_regions,0.0,regions,documentary,S20,d_cloud_regions,,,2025-12-31,2025.0,public,REGISTER_ABSENCE
8b55818a8486,08,state,Chihuahua,2026,d_cloud_regions,0.0,regions,documentary,S20,d_cloud_regions,,,2026-10-04,2026.0,public,REGISTER_ABSENCE|AS_OF=2026-10-04
bd428cfa1895,08,state,Chihuahua,2027,d_cloud_regions,,regions,unknown,S20,d_cloud_regions,,,,,public,FUTURE_YEAR_NOT_OBSERVABLE
d97017c55f33,09,state,Ciudad de México,2020,d_cloud_regions,0.0,regions,documentary,S20,d_cloud_regions,,,2020-12-31,2020.0,public,REGISTER_ABSENCE
ced847260394,09,state,Ciudad de México,2021,d_cloud_regions,0.0,regions,documentary,S20,d_cloud_regions,,,2021-12-31,2021.0,public,REGISTER_ABSENCE
f59ba73681b4,09,state,Ciudad de México,2022,d_cloud_regions,0.0,regions,documentary,S20,d_cloud_regions,,,2022-12-31,2022.0,public,REGISTER_ABSENCE
a17dbb3af581,09,state,Ciudad de México,2023,d_cloud_regions,0.0,regions,documentary,S20,d_cloud_regions,,,2023-12-31,2023.0,public,REGISTER_ABSENCE
797167cc3ff2,09,state,Ciudad de México,2024,d_cloud_regions,0.0,regions,documentary,S20,d_cloud_regions,,,2024-12-31,2024.0,public,REGISTER_ABSENCE
74c7ee901119,09,state,Ciudad de México,2025,d_cloud_regions,0.0,regions,documentary,S20,d_cloud_regions,,,2025-12-31,2025.0,public,REGISTER_ABSENCE
dcad2393fe4d,09,state,Ciudad de México,2026,d_cloud_regions,0.0,regions,documentary,S20,d_cloud_regions,,,2026-10-04,2026.0,public,REGISTER_ABSENCE|AS_OF=2026-10-04
4fc193f4bb51,09,state,Ciudad de México,2027,d_cloud_regions,,regions,unknown,S20,d_cloud_regions,,,,,public,FUTURE_YEAR_NOT_OBSERVABLE
08235955c7eb,10,state,Durango,2020,d_cloud_regions,0.0,regions,documentary,S20,d_cloud_regions,,,2020-12-31,2020.0,public,REGISTER_ABSENCE
b67ad4ece5fa,10,state,Durango,2021,d_cloud_regions,0.0,regions,documentary,S20,d_cloud_regions,,,2021-12-31,2021.0,public,REGISTER_ABSENCE
b15d3711a5f2,10,state,Durango,2022,d_cloud_regions,0.0,regions,documentary,S20,d_cloud_regions,,,2022-12-31,2022.0,public,REGISTER_ABSENCE
431aa3c72bda,10,state,Durango,2023,d_cloud_regions,0.0,regions,documentary,S20,d_cloud_regions,,,2023-12-31,2023.0,public,REGISTER_ABSENCE
fa86d87d46c0,10,state,Durango,2024,d_cloud_regions,0.0,regions,documentary,S20,d_cloud_regions,,,2024-12-31,2024.0,public,REGISTER_ABSENCE
25e48b5c9003,10,state,Durango,2025,d_cloud_regions,0.0,regions,documentary,S20,d_cloud_regions,,,2025-12-31,2025.0,public,REGISTER_ABSENCE
91d2202d40a8,10,state,Durango,2026,d_cloud_regions,0.0,regions,documentary,S20,d_cloud_regions,,,2026-10-04,2026.0,public,REGISTER_ABSENCE|AS_OF=2026-10-04
d3dbe4ae6762,10,state,Durango,2027,d_cloud_regions,,regions,unknown,S20,d_cloud_regions,,,,,public,FUTURE_YEAR_NOT_OBSERVABLE
01669c715692,11,state,Guanajuato,2020,d_cloud_regions,0.0,regions,documentary,S20,d_cloud_regions,,,2020-12-31,2020.0,public,REGISTER_ABSENCE
ade704637cea,11,state,Guanajuato,2021,d_cloud_regions,0.0,regions,documentary,S20,d_cloud_regions,,,2021-12-31,2021.0,public,REGISTER_ABSENCE
a69e1255f98c,11,state,Guanajuato,2022,d_cloud_regions,0.0,regions,documentary,S20,d_cloud_regions,,,2022-12-31,2022.0,public,REGISTER_ABSENCE
f168703b2afc,11,state,Guanajuato,2023,d_cloud_regions,0.0,regions,documentary,S20,d_cloud_regions,,,2023-12-31,2023.0,public,REGISTER_ABSENCE
2b046269db5e,11,state,Guanajuato,2024,d_cloud_regions,0.0,regions,documentary,S20,d_cloud_regions,,,2024-12-31,2024.0,public,REGISTER_ABSENCE
181ee5644ec5,11,state,Guanajuato,2025,d_cloud_regions,0.0,regions,documentary,S20,d_cloud_regions,,,2025-12-31,2025.0,public,REGISTER_ABSENCE
0383e1f1fdb1,11,state,Guanajuato,2026,d_cloud_regions,0.0,regions,documentary,S20,d_cloud_regions,,,2026-10-04,2026.0,public,REGISTER_ABSENCE|AS_OF=2026-10-04
e3c4609b3d3d,11,state,Guanajuato,2027,d_cloud_regions,,regions,unknown,S20,d_cloud_regions,,,,,public,FUTURE_YEAR_NOT_OBSERVABLE
8dd2cb3ddc3a,12,state,Guerrero,2020,d_cloud_regions,0.0,regions,documentary,S20,d_cloud_regions,,,2020-12-31,2020.0,public,REGISTER_ABSENCE
36779993164d,12,state,Guerrero,2021,d_cloud_regions,0.0,regions,documentary,S20,d_cloud_regions,,,2021-12-31,2021.0,public,REGISTER_ABSENCE
c8c5977ac1c3,12,state,Guerrero,2022,d_cloud_regions,0.0,regions,documentary,S20,d_cloud_regions,,,2022-12-31,2022.0,public,REGISTER_ABSENCE
6b8dc5c1e81d,12,state,Guerrero,2023,d_cloud_regions,0.0,regions,documentary,S20,d_cloud_regions,,,2023-12-31,2023.0,public,REGISTER_ABSENCE
e58cd1d54aa0,12,state,Guerrero,2024,d_cloud_regions,0.0,regions,documentary,S20,d_cloud_regions,,,2024-12-31,2024.0,public,REGISTER_ABSENCE
5ade0f7f4907,12,state,Guerrero,2025,d_cloud_regions,0.0,regions,documentary,S20,d_cloud_regions,,,2025-12-31,2025.0,public,REGISTER_ABSENCE
ed241abf4dcd,12,state,Guerrero,2026,d_cloud_regions,0.0,regions,documentary,S20,d_cloud_regions,,,2026-10-04,2026.0,public,REGISTER_ABSENCE|AS_OF=2026-10-04
b833f1bc04d1,12,state,Guerrero,2027,d_cloud_regions,,regions,unknown,S20,d_cloud_regions,,,,,public,FUTURE_YEAR_NOT_OBSERVABLE
556c79559d41,13,state,Hidalgo,2020,d_cloud_regions,0.0,regions,documentary,S20,d_cloud_regions,,,2020-12-31,2020.0,public,REGISTER_ABSENCE
548ccbbade25,13,state,Hidalgo,2021,d_cloud_regions,0.0,regions,documentary,S20,d_cloud_regions,,,2021-12-31,2021.0,public,REGISTER_ABSENCE
5e3a19356399,13,state,Hidalgo,2022,d_cloud_regions,0.0,regions,documentary,S20,d_cloud_regions,,,2022-12-31,2022.0,public,REGISTER_ABSENCE
f803bd740946,13,state,Hidalgo,2023,d_cloud_regions,0.0,regions,documentary,S20,d_cloud_regions,,,2023-12-31,2023.0,public,REGISTER_ABSENCE
cedc274619ab,13,state,Hidalgo,2024,d_cloud_regions,0.0,regions,documentary,S20,d_cloud_regions,,,2024-12-31,2024.0,public,REGISTER_ABSENCE
cd8f6185123a,13,state,Hidalgo,2025,d_cloud_regions,0.0,regions,documentary,S20,d_cloud_regions,,,2025-12-31,2025.0,public,REGISTER_ABSENCE
238a8847c8df,13,state,Hidalgo,2026,d_cloud_regions,0.0,regions,documentary,S20,d_cloud_regions,,,2026-10-04,2026.0,public,REGISTER_ABSENCE|AS_OF=2026-10-04
d39919232e3b,13,state,Hidalgo,2027,d_cloud_regions,,regions,unknown,S20,d_cloud_regions,,,,,public,FUTURE_YEAR_NOT_OBSERVABLE
ea4135a4e637,14,state,Jalisco,2020,d_cloud_regions,0.0,regions,documentary,S20,d_cloud_regions,,,2020-12-31,2020.0,public,REGISTER_ABSENCE
9bab52a23209,14,state,Jalisco,2021,d_cloud_regions,0.0,regions,documentary,S20,d_cloud_regions,,,2021-12-31,2021.0,public,REGISTER_ABSENCE
b6b24c5464e9,14,state,Jalisco,2022,d_cloud_regions,0.0,regions,documentary,S20,d_cloud_regions,,,2022-12-31,2022.0,public,REGISTER_ABSENCE
74a7f97e4980,14,state,Jalisco,2023,d_cloud_regions,0.0,regions,documentary,S20,d_cloud_regions,,,2023-12-31,2023.0,public,REGISTER_ABSENCE
2ad5fefedc93,14,state,Jalisco,2024,d_cloud_regions,0.0,regions,documentary,S20,d_cloud_regions,,,2024-12-31,2024.0,public,REGISTER_ABSENCE
19e1eed05106,14,state,Jalisco,2025,d_cloud_regions,0.0,regions,documentary,S20,d_cloud_regions,,,2025-12-31,2025.0,public,REGISTER_ABSENCE
dbbcb9ae976f,14,state,Jalisco,2026,d_cloud_regions,0.0,regions,documentary,S20,d_cloud_regions,,,2026-10-04,2026.0,public,REGISTER_ABSENCE|AS_OF=2026-10-04
9dae7a177a72,14,state,Jalisco,2027,d_cloud_regions,,regions,unknown,S20,d_cloud_regions,,,,,public,FUTURE_YEAR_NOT_OBSERVABLE
5472c1683fa8,15,state,Estado de México,2020,d_cloud_regions,1.0,regions,documentary,S27,d_cloud_regions,,,2020-12-31,2020.0,public,RECORDS=DI-001|SECONDARY_SOURCE
b4d7df90ddd1,15,state,Estado de México,2021,d_cloud_regions,2.0,regions,documentary,S27,d_cloud_regions,,,2021-12-31,2021.0,public,RECORDS=DI-001|DI-002|SECONDARY_SOURCE
5d1bc7007b60,15,state,Estado de México,2022,d_cloud_regions,2.0,regions,documentary,S27,d_cloud_regions,,,2022-12-31,2022.0,public,RECORDS=DI-001|DI-002|SECONDARY_SOURCE
2fdd1ebfe49c,15,state,Estado de México,2023,d_cloud_regions,2.0,regions,documentary,S27,d_cloud_regions,,,2023-12-31,2023.0,public,RECORDS=DI-001|DI-002|SECONDARY_SOURCE
bc3b1c6ac7a6,15,state,Estado de México,2024,d_cloud_regions,2.0,regions,documentary,S27,d_cloud_regions,,,2024-12-31,2024.0,public,RECORDS=DI-001|DI-002|SECONDARY_SOURCE
b9b08c8a7d27,15,state,Estado de México,2025,d_cloud_regions,2.0,regions,documentary,S27,d_cloud_regions,,,2025-12-31,2025.0,public,RECORDS=DI-001|DI-002|SECONDARY_SOURCE
b4712b9dba97,15,state,Estado de México,2026,d_cloud_regions,2.0,regions,documentary,S27,d_cloud_regions,,,2026-10-04,2026.0,public,RECORDS=DI-001|DI-002|AS_OF=2026-10-04|SECONDARY_SOURCE
c803e38fa8ef,15,state,Estado de México,2027,d_cloud_regions,,regions,unknown,S20,d_cloud_regions,,,,,public,FUTURE_YEAR_NOT_OBSERVABLE
6262810d093b,16,state,Michoacán,2020,d_cloud_regions,0.0,regions,documentary,S20,d_cloud_regions,,,2020-12-31,2020.0,public,REGISTER_ABSENCE
3fec1e11c8f4,16,state,Michoacán,2021,d_cloud_regions,0.0,regions,documentary,S20,d_cloud_regions,,,2021-12-31,2021.0,public,REGISTER_ABSENCE
4e53669ef193,16,state,Michoacán,2022,d_cloud_regions,0.0,regions,documentary,S20,d_cloud_regions,,,2022-12-31,2022.0,public,REGISTER_ABSENCE
b6c86f5f9b1c,16,state,Michoacán,2023,d_cloud_regions,0.0,regions,documentary,S20,d_cloud_regions,,,2023-12-31,2023.0,public,REGISTER_ABSENCE
9a9ac5004a4a,16,state,Michoacán,2024,d_cloud_regions,0.0,regions,documentary,S20,d_cloud_regions,,,2024-12-31,2024.0,public,REGISTER_ABSENCE
e109bc897e5e,16,state,Michoacán,2025,d_cloud_regions,0.0,regions,documentary,S20,d_cloud_regions,,,2025-12-31,2025.0,public,REGISTER_ABSENCE
39ebacbd7843,16,state,Michoacán,2026,d_cloud_regions,0.0,regions,documentary,S20,d_cloud_regions,,,2026-10-04,2026.0,public,REGISTER_ABSENCE|AS_OF=2026-10-04
64c5ce888c3d,16,state,Michoacán,2027,d_cloud_regions,,regions,unknown,S20,d_cloud_regions,,,,,public,FUTURE_YEAR_NOT_OBSERVABLE
f1867714ed45,17,state,Morelos,2020,d_cloud_regions,0.0,regions,documentary,S20,d_cloud_regions,,,2020-12-31,2020.0,public,REGISTER_ABSENCE
da5d13aea821,17,state,Morelos,2021,d_cloud_regions,0.0,regions,documentary,S20,d_cloud_regions,,,2021-12-31,2021.0,public,REGISTER_ABSENCE
df4a58ddc5ce,17,state,Morelos,2022,d_cloud_regions,0.0,regions,documentary,S20,d_cloud_regions,,,2022-12-31,2022.0,public,REGISTER_ABSENCE
aaad82facd7d,17,state,Morelos,2023,d_cloud_regions,0.0,regions,documentary,S20,d_cloud_regions,,,2023-12-31,2023.0,public,REGISTER_ABSENCE
e4e1ee5853d4,17,state,Morelos,2024,d_cloud_regions,0.0,regions,documentary,S20,d_cloud_regions,,,2024-12-31,2024.0,public,REGISTER_ABSENCE
63096e4af484,17,state,Morelos,2025,d_cloud_regions,0.0,regions,documentary,S20,d_cloud_regions,,,2025-12-31,2025.0,public,REGISTER_ABSENCE
55559bbe55cb,17,state,Morelos,2026,d_cloud_regions,0.0,regions,documentary,S20,d_cloud_regions,,,2026-10-04,2026.0,public,REGISTER_ABSENCE|AS_OF=2026-10-04
6cf500fb10fb,17,state,Morelos,2027,d_cloud_regions,,regions,unknown,S20,d_cloud_regions,,,,,public,FUTURE_YEAR_NOT_OBSERVABLE
691c0dedc68c,18,state,Nayarit,2020,d_cloud_regions,0.0,regions,documentary,S20,d_cloud_regions,,,2020-12-31,2020.0,public,REGISTER_ABSENCE
e6309fde1aea,18,state,Nayarit,2021,d_cloud_regions,0.0,regions,documentary,S20,d_cloud_regions,,,2021-12-31,2021.0,public,REGISTER_ABSENCE
c72fdeb0c012,18,state,Nayarit,2022,d_cloud_regions,0.0,regions,documentary,S20,d_cloud_regions,,,2022-12-31,2022.0,public,REGISTER_ABSENCE
ea58ed398aa7,18,state,Nayarit,2023,d_cloud_regions,0.0,regions,documentary,S20,d_cloud_regions,,,2023-12-31,2023.0,public,REGISTER_ABSENCE
6df799f0a234,18,state,Nayarit,2024,d_cloud_regions,0.0,regions,documentary,S20,d_cloud_regions,,,2024-12-31,2024.0,public,REGISTER_ABSENCE
e191d66c8dae,18,state,Nayarit,2025,d_cloud_regions,0.0,regions,documentary,S20,d_cloud_regions,,,2025-12-31,2025.0,public,REGISTER_ABSENCE
99c0cf0edabd,18,state,Nayarit,2026,d_cloud_regions,0.0,regions,documentary,S20,d_cloud_regions,,,2026-10-04,2026.0,public,REGISTER_ABSENCE|AS_OF=2026-10-04
2bdc26a60e4c,18,state,Nayarit,2027,d_cloud_regions,,regions,unknown,S20,d_cloud_regions,,,,,public,FUTURE_YEAR_NOT_OBSERVABLE
75ed8d0e5d51,19,state,Nuevo León,2020,d_cloud_regions,0.0,regions,documentary,S20,d_cloud_regions,,,2020-12-31,2020.0,public,REGISTER_ABSENCE
b15c1a0aa013,19,state,Nuevo León,2021,d_cloud_regions,0.0,regions,documentary,S20,d_cloud_regions,,,2021-12-31,2021.0,public,REGISTER_ABSENCE
afbae6783c6d,19,state,Nuevo León,2022,d_cloud_regions,0.0,regions,documentary,S20,d_cloud_regions,,,2022-12-31,2022.0,public,REGISTER_ABSENCE
2908d5f8f695,19,state,Nuevo León,2023,d_cloud_regions,1.0,regions,documentary,S21,d_cloud_regions,,,2023-12-31,2023.0,public,RECORDS=DI-004
d0dd007583ac,19,state,Nuevo León,2024,d_cloud_regions,1.0,regions,documentary,S21,d_cloud_regions,,,2024-12-31,2024.0,public,RECORDS=DI-004
2c7e63713bcb,19,state,Nuevo León,2025,d_cloud_regions,1.0,regions,documentary,S21,d_cloud_regions,,,2025-12-31,2025.0,public,RECORDS=DI-004
724e5db08996,19,state,Nuevo León,2026,d_cloud_regions,1.0,regions,documentary,S21,d_cloud_regions,,,2026-10-04,2026.0,public,RECORDS=DI-004|AS_OF=2026-10-04
6da340447330,19,state,Nuevo León,2027,d_cloud_regions,,regions,unknown,S20,d_cloud_regions,,,,,public,FUTURE_YEAR_NOT_OBSERVABLE
5aa857e707a5,20,state,Oaxaca,2020,d_cloud_regions,0.0,regions,documentary,S20,d_cloud_regions,,,2020-12-31,2020.0,public,REGISTER_ABSENCE
ecdda0198472,20,state,Oaxaca,2021,d_cloud_regions,0.0,regions,documentary,S20,d_cloud_regions,,,2021-12-31,2021.0,public,REGISTER_ABSENCE
cfd62b901edc,20,state,Oaxaca,2022,d_cloud_regions,0.0,regions,documentary,S20,d_cloud_regions,,,2022-12-31,2022.0,public,REGISTER_ABSENCE
4cfb137acd87,20,state,Oaxaca,2023,d_cloud_regions,0.0,regions,documentary,S20,d_cloud_regions,,,2023-12-31,2023.0,public,REGISTER_ABSENCE
3fe672771b19,20,state,Oaxaca,2024,d_cloud_regions,0.0,regions,documentary,S20,d_cloud_regions,,,2024-12-31,2024.0,public,REGISTER_ABSENCE
a45d07b81d4b,20,state,Oaxaca,2025,d_cloud_regions,0.0,regions,documentary,S20,d_cloud_regions,,,2025-12-31,2025.0,public,REGISTER_ABSENCE
1eb434b2cfd3,20,state,Oaxaca,2026,d_cloud_regions,0.0,regions,documentary,S20,d_cloud_regions,,,2026-10-04,2026.0,public,REGISTER_ABSENCE|AS_OF=2026-10-04
adc5c9b1b128,20,state,Oaxaca,2027,d_cloud_regions,,regions,unknown,S20,d_cloud_regions,,,,,public,FUTURE_YEAR_NOT_OBSERVABLE
bc4d8e4218c5,21,state,Puebla,2020,d_cloud_regions,0.0,regions,documentary,S20,d_cloud_regions,,,2020-12-31,2020.0,public,REGISTER_ABSENCE
b56cc580f198,21,state,Puebla,2021,d_cloud_regions,0.0,regions,documentary,S20,d_cloud_regions,,,2021-12-31,2021.0,public,REGISTER_ABSENCE
c0255d4140e0,21,state,Puebla,2022,d_cloud_regions,0.0,regions,documentary,S20,d_cloud_regions,,,2022-12-31,2022.0,public,REGISTER_ABSENCE
15e3a734b3aa,21,state,Puebla,2023,d_cloud_regions,0.0,regions,documentary,S20,d_cloud_regions,,,2023-12-31,2023.0,public,REGISTER_ABSENCE
1261f873e82d,21,state,Puebla,2024,d_cloud_regions,0.0,regions,documentary,S20,d_cloud_regions,,,2024-12-31,2024.0,public,REGISTER_ABSENCE
6c732230209f,21,state,Puebla,2025,d_cloud_regions,0.0,regions,documentary,S20,d_cloud_regions,,,2025-12-31,2025.0,public,REGISTER_ABSENCE
b16cdaf594ba,21,state,Puebla,2026,d_cloud_regions,0.0,regions,documentary,S20,d_cloud_regions,,,2026-10-04,2026.0,public,REGISTER_ABSENCE|AS_OF=2026-10-04
5d2d47df9b65,21,state,Puebla,2027,d_cloud_regions,,regions,unknown,S20,d_cloud_regions,,,,,public,FUTURE_YEAR_NOT_OBSERVABLE
99c44cb77aa5,22,state,Querétaro,2020,d_cloud_regions,0.0,regions,documentary,S20,d_cloud_regions,,,2020-12-31,2020.0,public,REGISTER_ABSENCE
2a9499265c7d,22,state,Querétaro,2021,d_cloud_regions,0.0,regions,documentary,S20,d_cloud_regions,,,2021-12-31,2021.0,public,REGISTER_ABSENCE
8905182a60b6,22,state,Querétaro,2022,d_cloud_regions,1.0,regions,documentary,S20,d_cloud_regions,,,2022-12-31,2022.0,public,RECORDS=DI-003
c76a16448e0c,22,state,Querétaro,2023,d_cloud_regions,1.0,regions,documentary,S20,d_cloud_regions,,,2023-12-31,2023.0,public,RECORDS=DI-003
756482c2ccb9,22,state,Querétaro,2024,d_cloud_regions,3.0,regions,documentary,S20|S22|S23,d_cloud_regions,,,2024-12-31,2024.0,public,RECORDS=DI-003|DI-005|DI-006|SECONDARY_SOURCE
137b53b703a1,22,state,Querétaro,2025,d_cloud_regions,5.0,regions,documentary,S20|S22|S23|S24|S25|S26,d_cloud_regions,,,2025-12-31,2025.0,public,RECORDS=DI-003|DI-005|DI-006|DI-007|DI-008|SECONDARY_SOURCE
704edd0dc42e,22,state,Querétaro,2026,d_cloud_regions,5.0,regions,documentary,S20|S22|S23|S24|S25|S26,d_cloud_regions,,,2026-10-04,2026.0,public,RECORDS=DI-003|DI-005|DI-006|DI-007|DI-008|AS_OF=2026-10-04|SECONDARY_SOURCE
2c43ffc7d989,22,state,Querétaro,2027,d_cloud_regions,,regions,unknown,S20,d_cloud_regions,,,,,public,FUTURE_YEAR_NOT_OBSERVABLE
0a544361a3eb,23,state,Quintana Roo,2020,d_cloud_regions,0.0,regions,documentary,S20,d_cloud_regions,,,2020-12-31,2020.0,public,REGISTER_ABSENCE
21ee827cda16,23,state,Quintana Roo,2021,d_cloud_regions,0.0,regions,documentary,S20,d_cloud_regions,,,2021-12-31,2021.0,public,REGISTER_ABSENCE
edcb92981dcf,23,state,Quintana Roo,2022,d_cloud_regions,0.0,regions,documentary,S20,d_cloud_regions,,,2022-12-31,2022.0,public,REGISTER_ABSENCE
901a8fadd6b2,23,state,Quintana Roo,2023,d_cloud_regions,0.0,regions,documentary,S20,d_cloud_regions,,,2023-12-31,2023.0,public,REGISTER_ABSENCE
75dd8b7d9d52,23,state,Quintana Roo,2024,d_cloud_regions,0.0,regions,documentary,S20,d_cloud_regions,,,2024-12-31,2024.0,public,REGISTER_ABSENCE
26107cee187b,23,state,Quintana Roo,2025,d_cloud_regions,0.0,regions,documentary,S20,d_cloud_regions,,,2025-12-31,2025.0,public,REGISTER_ABSENCE
e8406828a076,23,state,Quintana Roo,2026,d_cloud_regions,0.0,regions,documentary,S20,d_cloud_regions,,,2026-10-04,2026.0,public,REGISTER_ABSENCE|AS_OF=2026-10-04
dec5327ed491,23,state,Quintana Roo,2027,d_cloud_regions,,regions,unknown,S20,d_cloud_regions,,,,,public,FUTURE_YEAR_NOT_OBSERVABLE
3d03ad169b51,24,state,San Luis Potosí,2020,d_cloud_regions,0.0,regions,documentary,S20,d_cloud_regions,,,2020-12-31,2020.0,public,REGISTER_ABSENCE
ab9ef3938384,24,state,San Luis Potosí,2021,d_cloud_regions,0.0,regions,documentary,S20,d_cloud_regions,,,2021-12-31,2021.0,public,REGISTER_ABSENCE
475feed62488,24,state,San Luis Potosí,2022,d_cloud_regions,0.0,regions,documentary,S20,d_cloud_regions,,,2022-12-31,2022.0,public,REGISTER_ABSENCE
c10b6883121b,24,state,San Luis Potosí,2023,d_cloud_regions,0.0,regions,documentary,S20,d_cloud_regions,,,2023-12-31,2023.0,public,REGISTER_ABSENCE
c8c21808ac04,24,state,San Luis Potosí,2024,d_cloud_regions,0.0,regions,documentary,S20,d_cloud_regions,,,2024-12-31,2024.0,public,REGISTER_ABSENCE
6f5e0026b971,24,state,San Luis Potosí,2025,d_cloud_regions,0.0,regions,documentary,S20,d_cloud_regions,,,2025-12-31,2025.0,public,REGISTER_ABSENCE
23c1a93029ac,24,state,San Luis Potosí,2026,d_cloud_regions,0.0,regions,documentary,S20,d_cloud_regions,,,2026-10-04,2026.0,public,REGISTER_ABSENCE|AS_OF=2026-10-04
6ec0f6ad6e78,24,state,San Luis Potosí,2027,d_cloud_regions,,regions,unknown,S20,d_cloud_regions,,,,,public,FUTURE_YEAR_NOT_OBSERVABLE
1fdf24a7a1ec,25,state,Sinaloa,2020,d_cloud_regions,0.0,regions,documentary,S20,d_cloud_regions,,,2020-12-31,2020.0,public,REGISTER_ABSENCE
e8fe6007975c,25,state,Sinaloa,2021,d_cloud_regions,0.0,regions,documentary,S20,d_cloud_regions,,,2021-12-31,2021.0,public,REGISTER_ABSENCE
009f0e032e6f,25,state,Sinaloa,2022,d_cloud_regions,0.0,regions,documentary,S20,d_cloud_regions,,,2022-12-31,2022.0,public,REGISTER_ABSENCE
eed969dcd121,25,state,Sinaloa,2023,d_cloud_regions,0.0,regions,documentary,S20,d_cloud_regions,,,2023-12-31,2023.0,public,REGISTER_ABSENCE
1b8acb12dd76,25,state,Sinaloa,2024,d_cloud_regions,0.0,regions,documentary,S20,d_cloud_regions,,,2024-12-31,2024.0,public,REGISTER_ABSENCE
a2d130e9ba34,25,state,Sinaloa,2025,d_cloud_regions,0.0,regions,documentary,S20,d_cloud_regions,,,2025-12-31,2025.0,public,REGISTER_ABSENCE
c157be1415c6,25,state,Sinaloa,2026,d_cloud_regions,0.0,regions,documentary,S20,d_cloud_regions,,,2026-10-04,2026.0,public,REGISTER_ABSENCE|AS_OF=2026-10-04
388e3ca493b0,25,state,Sinaloa,2027,d_cloud_regions,,regions,unknown,S20,d_cloud_regions,,,,,public,FUTURE_YEAR_NOT_OBSERVABLE
e08a266ffcd0,26,state,Sonora,2020,d_cloud_regions,0.0,regions,documentary,S20,d_cloud_regions,,,2020-12-31,2020.0,public,REGISTER_ABSENCE
d4e6d79be591,26,state,Sonora,2021,d_cloud_regions,0.0,regions,documentary,S20,d_cloud_regions,,,2021-12-31,2021.0,public,REGISTER_ABSENCE
c25ef4f3fc2b,26,state,Sonora,2022,d_cloud_regions,0.0,regions,documentary,S20,d_cloud_regions,,,2022-12-31,2022.0,public,REGISTER_ABSENCE
5ab7930fbde6,26,state,Sonora,2023,d_cloud_regions,0.0,regions,documentary,S20,d_cloud_regions,,,2023-12-31,2023.0,public,REGISTER_ABSENCE
b82035ffff66,26,state,Sonora,2024,d_cloud_regions,0.0,regions,documentary,S20,d_cloud_regions,,,2024-12-31,2024.0,public,REGISTER_ABSENCE
ca2ccebb95c4,26,state,Sonora,2025,d_cloud_regions,0.0,regions,documentary,S20,d_cloud_regions,,,2025-12-31,2025.0,public,REGISTER_ABSENCE
784b65e8727a,26,state,Sonora,2026,d_cloud_regions,0.0,regions,documentary,S20,d_cloud_regions,,,2026-10-04,2026.0,public,REGISTER_ABSENCE|AS_OF=2026-10-04
e46634e72172,26,state,Sonora,2027,d_cloud_regions,,regions,unknown,S20,d_cloud_regions,,,,,public,FUTURE_YEAR_NOT_OBSERVABLE
2b97d2eccb9d,27,state,Tabasco,2020,d_cloud_regions,0.0,regions,documentary,S20,d_cloud_regions,,,2020-12-31,2020.0,public,REGISTER_ABSENCE
cbadf04321f0,27,state,Tabasco,2021,d_cloud_regions,0.0,regions,documentary,S20,d_cloud_regions,,,2021-12-31,2021.0,public,REGISTER_ABSENCE
9a8d2b0e823e,27,state,Tabasco,2022,d_cloud_regions,0.0,regions,documentary,S20,d_cloud_regions,,,2022-12-31,2022.0,public,REGISTER_ABSENCE
667dfb248844,27,state,Tabasco,2023,d_cloud_regions,0.0,regions,documentary,S20,d_cloud_regions,,,2023-12-31,2023.0,public,REGISTER_ABSENCE
cafe46b5b405,27,state,Tabasco,2024,d_cloud_regions,0.0,regions,documentary,S20,d_cloud_regions,,,2024-12-31,2024.0,public,REGISTER_ABSENCE
10c27c8e19d0,27,state,Tabasco,2025,d_cloud_regions,0.0,regions,documentary,S20,d_cloud_regions,,,2025-12-31,2025.0,public,REGISTER_ABSENCE
d0fa4bd52ca7,27,state,Tabasco,2026,d_cloud_regions,0.0,regions,documentary,S20,d_cloud_regions,,,2026-10-04,2026.0,public,REGISTER_ABSENCE|AS_OF=2026-10-04
969a2856afcd,27,state,Tabasco,2027,d_cloud_regions,,regions,unknown,S20,d_cloud_regions,,,,,public,FUTURE_YEAR_NOT_OBSERVABLE
aac1c0828ef7,28,state,Tamaulipas,2020,d_cloud_regions,0.0,regions,documentary,S20,d_cloud_regions,,,2020-12-31,2020.0,public,REGISTER_ABSENCE
cbc501a4b4f6,28,state,Tamaulipas,2021,d_cloud_regions,0.0,regions,documentary,S20,d_cloud_regions,,,2021-12-31,2021.0,public,REGISTER_ABSENCE
d5bae5770095,28,state,Tamaulipas,2022,d_cloud_regions,0.0,regions,documentary,S20,d_cloud_regions,,,2022-12-31,2022.0,public,REGISTER_ABSENCE
b8a225b4f8e7,28,state,Tamaulipas,2023,d_cloud_regions,0.0,regions,documentary,S20,d_cloud_regions,,,2023-12-31,2023.0,public,REGISTER_ABSENCE
faa903bb82c5,28,state,Tamaulipas,2024,d_cloud_regions,0.0,regions,documentary,S20,d_cloud_regions,,,2024-12-31,2024.0,public,REGISTER_ABSENCE
bb91cbccfad3,28,state,Tamaulipas,2025,d_cloud_regions,0.0,regions,documentary,S20,d_cloud_regions,,,2025-12-31,2025.0,public,REGISTER_ABSENCE
065c7b204054,28,state,Tamaulipas,2026,d_cloud_regions,0.0,regions,documentary,S20,d_cloud_regions,,,2026-10-04,2026.0,public,REGISTER_ABSENCE|AS_OF=2026-10-04
1d8c889203e9,28,state,Tamaulipas,2027,d_cloud_regions,,regions,unknown,S20,d_cloud_regions,,,,,public,FUTURE_YEAR_NOT_OBSERVABLE
391e894f0864,29,state,Tlaxcala,2020,d_cloud_regions,0.0,regions,documentary,S20,d_cloud_regions,,,2020-12-31,2020.0,public,REGISTER_ABSENCE
4515a626cd77,29,state,Tlaxcala,2021,d_cloud_regions,0.0,regions,documentary,S20,d_cloud_regions,,,2021-12-31,2021.0,public,REGISTER_ABSENCE
b174b9e7a9d9,29,state,Tlaxcala,2022,d_cloud_regions,0.0,regions,documentary,S20,d_cloud_regions,,,2022-12-31,2022.0,public,REGISTER_ABSENCE
4622e4c960ca,29,state,Tlaxcala,2023,d_cloud_regions,0.0,regions,documentary,S20,d_cloud_regions,,,2023-12-31,2023.0,public,REGISTER_ABSENCE
50baec3417fa,29,state,Tlaxcala,2024,d_cloud_regions,0.0,regions,documentary,S20,d_cloud_regions,,,2024-12-31,2024.0,public,REGISTER_ABSENCE
931657de97e3,29,state,Tlaxcala,2025,d_cloud_regions,0.0,regions,documentary,S20,d_cloud_regions,,,2025-12-31,2025.0,public,REGISTER_ABSENCE
2999035c5362,29,state,Tlaxcala,2026,d_cloud_regions,0.0,regions,documentary,S20,d_cloud_regions,,,2026-10-04,2026.0,public,REGISTER_ABSENCE|AS_OF=2026-10-04
348fb679d343,29,state,Tlaxcala,2027,d_cloud_regions,,regions,unknown,S20,d_cloud_regions,,,,,public,FUTURE_YEAR_NOT_OBSERVABLE
183865fafd6b,30,state,Veracruz,2020,d_cloud_regions,0.0,regions,documentary,S20,d_cloud_regions,,,2020-12-31,2020.0,public,REGISTER_ABSENCE
4919cc36ddf8,30,state,Veracruz,2021,d_cloud_regions,0.0,regions,documentary,S20,d_cloud_regions,,,2021-12-31,2021.0,public,REGISTER_ABSENCE
f8520a8c57e6,30,state,Veracruz,2022,d_cloud_regions,0.0,regions,documentary,S20,d_cloud_regions,,,2022-12-31,2022.0,public,REGISTER_ABSENCE
5fbbddbc530e,30,state,Veracruz,2023,d_cloud_regions,0.0,regions,documentary,S20,d_cloud_regions,,,2023-12-31,2023.0,public,REGISTER_ABSENCE
e19d5177409b,30,state,Veracruz,2024,d_cloud_regions,0.0,regions,documentary,S20,d_cloud_regions,,,2024-12-31,2024.0,public,REGISTER_ABSENCE
f6c9a5d263f0,30,state,Veracruz,2025,d_cloud_regions,0.0,regions,documentary,S20,d_cloud_regions,,,2025-12-31,2025.0,public,REGISTER_ABSENCE
f177f8ce66ef,30,state,Veracruz,2026,d_cloud_regions,0.0,regions,documentary,S20,d_cloud_regions,,,2026-10-04,2026.0,public,REGISTER_ABSENCE|AS_OF=2026-10-04
d07c5ed59a7e,30,state,Veracruz,2027,d_cloud_regions,,regions,unknown,S20,d_cloud_regions,,,,,public,FUTURE_YEAR_NOT_OBSERVABLE
ac608f71b7a5,31,state,Yucatán,2020,d_cloud_regions,0.0,regions,documentary,S20,d_cloud_regions,,,2020-12-31,2020.0,public,REGISTER_ABSENCE
62757512603c,31,state,Yucatán,2021,d_cloud_regions,0.0,regions,documentary,S20,d_cloud_regions,,,2021-12-31,2021.0,public,REGISTER_ABSENCE
e5e5d98fbe42,31,state,Yucatán,2022,d_cloud_regions,0.0,regions,documentary,S20,d_cloud_regions,,,2022-12-31,2022.0,public,REGISTER_ABSENCE
d5e19e1db877,31,state,Yucatán,2023,d_cloud_regions,0.0,regions,documentary,S20,d_cloud_regions,,,2023-12-31,2023.0,public,REGISTER_ABSENCE
d9c7c8db68f3,31,state,Yucatán,2024,d_cloud_regions,0.0,regions,documentary,S20,d_cloud_regions,,,2024-12-31,2024.0,public,REGISTER_ABSENCE
6b9ac607cd3a,31,state,Yucatán,2025,d_cloud_regions,0.0,regions,documentary,S20,d_cloud_regions,,,2025-12-31,2025.0,public,REGISTER_ABSENCE
d1688b5d6bbb,31,state,Yucatán,2026,d_cloud_regions,0.0,regions,documentary,S20,d_cloud_regions,,,2026-10-04,2026.0,public,REGISTER_ABSENCE|AS_OF=2026-10-04
5673db469c63,31,state,Yucatán,2027,d_cloud_regions,,regions,unknown,S20,d_cloud_regions,,,,,public,FUTURE_YEAR_NOT_OBSERVABLE
ac932b128310,32,state,Zacatecas,2020,d_cloud_regions,0.0,regions,documentary,S20,d_cloud_regions,,,2020-12-31,2020.0,public,REGISTER_ABSENCE
aa0591785fa8,32,state,Zacatecas,2021,d_cloud_regions,0.0,regions,documentary,S20,d_cloud_regions,,,2021-12-31,2021.0,public,REGISTER_ABSENCE
000857394005,32,state,Zacatecas,2022,d_cloud_regions,0.0,regions,documentary,S20,d_cloud_regions,,,2022-12-31,2022.0,public,REGISTER_ABSENCE
884d96ad1f65,32,state,Zacatecas,2023,d_cloud_regions,0.0,regions,documentary,S20,d_cloud_regions,,,2023-12-31,2023.0,public,REGISTER_ABSENCE
5e2fb5d56d02,32,state,Zacatecas,2024,d_cloud_regions,0.0,regions,documentary,S20,d_cloud_regions,,,2024-12-31,2024.0,public,REGISTER_ABSENCE
f910d675351e,32,state,Zacatecas,2025,d_cloud_regions,0.0,regions,documentary,S20,d_cloud_regions,,,2025-12-31,2025.0,public,REGISTER_ABSENCE
942b3fddbe93,32,state,Zacatecas,2026,d_cloud_regions,0.0,regions,documentary,S20,d_cloud_regions,,,2026-10-04,2026.0,public,REGISTER_ABSENCE|AS_OF=2026-10-04
9dbdbc034a7b,32,state,Zacatecas,2027,d_cloud_regions,,regions,unknown,S20,d_cloud_regions,,,,,public,FUTURE_YEAR_NOT_OBSERVABLE
1a3ab9e6bc9b,01,state,Aguascalientes,2020,d_cloud_regions_announced,0.0,regions,documentary,S20,d_cloud_regions_announced,,,2020-12-31,2020.0,public,
599d92c52072,01,state,Aguascalientes,2021,d_cloud_regions_announced,0.0,regions,documentary,S20,d_cloud_regions_announced,,,2021-12-31,2021.0,public,
7918cb2fdd1e,01,state,Aguascalientes,2022,d_cloud_regions_announced,0.0,regions,documentary,S20,d_cloud_regions_announced,,,2022-12-31,2022.0,public,
79b9865930bd,01,state,Aguascalientes,2023,d_cloud_regions_announced,0.0,regions,documentary,S20,d_cloud_regions_announced,,,2023-12-31,2023.0,public,
c65b1ef8a6c2,01,state,Aguascalientes,2024,d_cloud_regions_announced,0.0,regions,documentary,S20,d_cloud_regions_announced,,,2024-12-31,2024.0,public,
43c3c5b358e3,01,state,Aguascalientes,2025,d_cloud_regions_announced,0.0,regions,documentary,S20,d_cloud_regions_announced,,,2025-12-31,2025.0,public,
6de9861f8f2f,01,state,Aguascalientes,2026,d_cloud_regions_announced,0.0,regions,documentary,S20,d_cloud_regions_announced,,,2026-10-04,2026.0,public,
1e304bb73444,01,state,Aguascalientes,2027,d_cloud_regions_announced,,regions,unknown,S20,d_cloud_regions_announced,,,,,public,FUTURE_YEAR_NOT_OBSERVABLE
a27427f41d40,02,state,Baja California,2020,d_cloud_regions_announced,0.0,regions,documentary,S20,d_cloud_regions_announced,,,2020-12-31,2020.0,public,
a84845dfd14f,02,state,Baja California,2021,d_cloud_regions_announced,0.0,regions,documentary,S20,d_cloud_regions_announced,,,2021-12-31,2021.0,public,
4a0f1d4a453a,02,state,Baja California,2022,d_cloud_regions_announced,0.0,regions,documentary,S20,d_cloud_regions_announced,,,2022-12-31,2022.0,public,
0029ba534303,02,state,Baja California,2023,d_cloud_regions_announced,0.0,regions,documentary,S20,d_cloud_regions_announced,,,2023-12-31,2023.0,public,
8cb88a938706,02,state,Baja California,2024,d_cloud_regions_announced,0.0,regions,documentary,S20,d_cloud_regions_announced,,,2024-12-31,2024.0,public,
6fcf3b8317d7,02,state,Baja California,2025,d_cloud_regions_announced,0.0,regions,documentary,S20,d_cloud_regions_announced,,,2025-12-31,2025.0,public,
86a3e475b314,02,state,Baja California,2026,d_cloud_regions_announced,0.0,regions,documentary,S20,d_cloud_regions_announced,,,2026-10-04,2026.0,public,
9c4212643b77,02,state,Baja California,2027,d_cloud_regions_announced,,regions,unknown,S20,d_cloud_regions_announced,,,,,public,FUTURE_YEAR_NOT_OBSERVABLE
63a44e1db5b2,03,state,Baja California Sur,2020,d_cloud_regions_announced,0.0,regions,documentary,S20,d_cloud_regions_announced,,,2020-12-31,2020.0,public,
97f776f05ecf,03,state,Baja California Sur,2021,d_cloud_regions_announced,0.0,regions,documentary,S20,d_cloud_regions_announced,,,2021-12-31,2021.0,public,
a1231c365532,03,state,Baja California Sur,2022,d_cloud_regions_announced,0.0,regions,documentary,S20,d_cloud_regions_announced,,,2022-12-31,2022.0,public,
16607306388e,03,state,Baja California Sur,2023,d_cloud_regions_announced,0.0,regions,documentary,S20,d_cloud_regions_announced,,,2023-12-31,2023.0,public,
a203cc58961a,03,state,Baja California Sur,2024,d_cloud_regions_announced,0.0,regions,documentary,S20,d_cloud_regions_announced,,,2024-12-31,2024.0,public,
299228a500e5,03,state,Baja California Sur,2025,d_cloud_regions_announced,0.0,regions,documentary,S20,d_cloud_regions_announced,,,2025-12-31,2025.0,public,
acfe3545ea75,03,state,Baja California Sur,2026,d_cloud_regions_announced,0.0,regions,documentary,S20,d_cloud_regions_announced,,,2026-10-04,2026.0,public,
0f5e97a337ec,03,state,Baja California Sur,2027,d_cloud_regions_announced,,regions,unknown,S20,d_cloud_regions_announced,,,,,public,FUTURE_YEAR_NOT_OBSERVABLE
87814944a281,04,state,Campeche,2020,d_cloud_regions_announced,0.0,regions,documentary,S20,d_cloud_regions_announced,,,2020-12-31,2020.0,public,
d63582266599,04,state,Campeche,2021,d_cloud_regions_announced,0.0,regions,documentary,S20,d_cloud_regions_announced,,,2021-12-31,2021.0,public,
eafbab287d40,04,state,Campeche,2022,d_cloud_regions_announced,0.0,regions,documentary,S20,d_cloud_regions_announced,,,2022-12-31,2022.0,public,
1ac274363e37,04,state,Campeche,2023,d_cloud_regions_announced,0.0,regions,documentary,S20,d_cloud_regions_announced,,,2023-12-31,2023.0,public,
55544499e023,04,state,Campeche,2024,d_cloud_regions_announced,0.0,regions,documentary,S20,d_cloud_regions_announced,,,2024-12-31,2024.0,public,
17266e7309ab,04,state,Campeche,2025,d_cloud_regions_announced,0.0,regions,documentary,S20,d_cloud_regions_announced,,,2025-12-31,2025.0,public,
2d82081460a9,04,state,Campeche,2026,d_cloud_regions_announced,0.0,regions,documentary,S20,d_cloud_regions_announced,,,2026-10-04,2026.0,public,
6507e094676f,04,state,Campeche,2027,d_cloud_regions_announced,,regions,unknown,S20,d_cloud_regions_announced,,,,,public,FUTURE_YEAR_NOT_OBSERVABLE
2c617c1c31a0,05,state,Coahuila,2020,d_cloud_regions_announced,0.0,regions,documentary,S20,d_cloud_regions_announced,,,2020-12-31,2020.0,public,
00e6040a26b4,05,state,Coahuila,2021,d_cloud_regions_announced,0.0,regions,documentary,S20,d_cloud_regions_announced,,,2021-12-31,2021.0,public,
93b5c6616b88,05,state,Coahuila,2022,d_cloud_regions_announced,0.0,regions,documentary,S20,d_cloud_regions_announced,,,2022-12-31,2022.0,public,
2d0fd1086318,05,state,Coahuila,2023,d_cloud_regions_announced,0.0,regions,documentary,S20,d_cloud_regions_announced,,,2023-12-31,2023.0,public,
906ea7a51771,05,state,Coahuila,2024,d_cloud_regions_announced,0.0,regions,documentary,S20,d_cloud_regions_announced,,,2024-12-31,2024.0,public,
c43eab140dbf,05,state,Coahuila,2025,d_cloud_regions_announced,0.0,regions,documentary,S20,d_cloud_regions_announced,,,2025-12-31,2025.0,public,
66007764d73a,05,state,Coahuila,2026,d_cloud_regions_announced,0.0,regions,documentary,S20,d_cloud_regions_announced,,,2026-10-04,2026.0,public,
88eca7496785,05,state,Coahuila,2027,d_cloud_regions_announced,,regions,unknown,S20,d_cloud_regions_announced,,,,,public,FUTURE_YEAR_NOT_OBSERVABLE
03aa92e96424,06,state,Colima,2020,d_cloud_regions_announced,0.0,regions,documentary,S20,d_cloud_regions_announced,,,2020-12-31,2020.0,public,
7814aed42aae,06,state,Colima,2021,d_cloud_regions_announced,0.0,regions,documentary,S20,d_cloud_regions_announced,,,2021-12-31,2021.0,public,
2686fdbab697,06,state,Colima,2022,d_cloud_regions_announced,0.0,regions,documentary,S20,d_cloud_regions_announced,,,2022-12-31,2022.0,public,
ceed59d1a53b,06,state,Colima,2023,d_cloud_regions_announced,0.0,regions,documentary,S20,d_cloud_regions_announced,,,2023-12-31,2023.0,public,
430553ed7e80,06,state,Colima,2024,d_cloud_regions_announced,0.0,regions,documentary,S20,d_cloud_regions_announced,,,2024-12-31,2024.0,public,
c8e45a6513fe,06,state,Colima,2025,d_cloud_regions_announced,0.0,regions,documentary,S20,d_cloud_regions_announced,,,2025-12-31,2025.0,public,
9d7155419e64,06,state,Colima,2026,d_cloud_regions_announced,0.0,regions,documentary,S20,d_cloud_regions_announced,,,2026-10-04,2026.0,public,
2ff0cffa32fa,06,state,Colima,2027,d_cloud_regions_announced,,regions,unknown,S20,d_cloud_regions_announced,,,,,public,FUTURE_YEAR_NOT_OBSERVABLE
627980cca52a,07,state,Chiapas,2020,d_cloud_regions_announced,0.0,regions,documentary,S20,d_cloud_regions_announced,,,2020-12-31,2020.0,public,
2f49c67e570b,07,state,Chiapas,2021,d_cloud_regions_announced,0.0,regions,documentary,S20,d_cloud_regions_announced,,,2021-12-31,2021.0,public,
b9bede065f89,07,state,Chiapas,2022,d_cloud_regions_announced,0.0,regions,documentary,S20,d_cloud_regions_announced,,,2022-12-31,2022.0,public,
25206816c38e,07,state,Chiapas,2023,d_cloud_regions_announced,0.0,regions,documentary,S20,d_cloud_regions_announced,,,2023-12-31,2023.0,public,
bc60313513e7,07,state,Chiapas,2024,d_cloud_regions_announced,0.0,regions,documentary,S20,d_cloud_regions_announced,,,2024-12-31,2024.0,public,
04b0f3f7759e,07,state,Chiapas,2025,d_cloud_regions_announced,0.0,regions,documentary,S20,d_cloud_regions_announced,,,2025-12-31,2025.0,public,
4949f4e10689,07,state,Chiapas,2026,d_cloud_regions_announced,0.0,regions,documentary,S20,d_cloud_regions_announced,,,2026-10-04,2026.0,public,
26f99892f005,07,state,Chiapas,2027,d_cloud_regions_announced,,regions,unknown,S20,d_cloud_regions_announced,,,,,public,FUTURE_YEAR_NOT_OBSERVABLE
7d6a22da688d,08,state,Chihuahua,2020,d_cloud_regions_announced,0.0,regions,documentary,S20,d_cloud_regions_announced,,,2020-12-31,2020.0,public,
3e290930f7b8,08,state,Chihuahua,2021,d_cloud_regions_announced,0.0,regions,documentary,S20,d_cloud_regions_announced,,,2021-12-31,2021.0,public,
13c69c99a5cb,08,state,Chihuahua,2022,d_cloud_regions_announced,0.0,regions,documentary,S20,d_cloud_regions_announced,,,2022-12-31,2022.0,public,
a04f3dc2b40a,08,state,Chihuahua,2023,d_cloud_regions_announced,0.0,regions,documentary,S20,d_cloud_regions_announced,,,2023-12-31,2023.0,public,
6cce86a7fc09,08,state,Chihuahua,2024,d_cloud_regions_announced,0.0,regions,documentary,S20,d_cloud_regions_announced,,,2024-12-31,2024.0,public,
d49a9fead68b,08,state,Chihuahua,2025,d_cloud_regions_announced,0.0,regions,documentary,S20,d_cloud_regions_announced,,,2025-12-31,2025.0,public,
e0ed53458645,08,state,Chihuahua,2026,d_cloud_regions_announced,0.0,regions,documentary,S20,d_cloud_regions_announced,,,2026-10-04,2026.0,public,
bae85fd4be2e,08,state,Chihuahua,2027,d_cloud_regions_announced,,regions,unknown,S20,d_cloud_regions_announced,,,,,public,FUTURE_YEAR_NOT_OBSERVABLE
dac25c2cd9e7,09,state,Ciudad de México,2020,d_cloud_regions_announced,0.0,regions,documentary,S20,d_cloud_regions_announced,,,2020-12-31,2020.0,public,
74421c27155e,09,state,Ciudad de México,2021,d_cloud_regions_announced,0.0,regions,documentary,S20,d_cloud_regions_announced,,,2021-12-31,2021.0,public,
5d3b19dea8e3,09,state,Ciudad de México,2022,d_cloud_regions_announced,0.0,regions,documentary,S20,d_cloud_regions_announced,,,2022-12-31,2022.0,public,
d24269cadce7,09,state,Ciudad de México,2023,d_cloud_regions_announced,0.0,regions,documentary,S20,d_cloud_regions_announced,,,2023-12-31,2023.0,public,
6b08027bf6d0,09,state,Ciudad de México,2024,d_cloud_regions_announced,0.0,regions,documentary,S20,d_cloud_regions_announced,,,2024-12-31,2024.0,public,
a3c0740c6003,09,state,Ciudad de México,2025,d_cloud_regions_announced,0.0,regions,documentary,S20,d_cloud_regions_announced,,,2025-12-31,2025.0,public,
7478da3a03b9,09,state,Ciudad de México,2026,d_cloud_regions_announced,0.0,regions,documentary,S20,d_cloud_regions_announced,,,2026-10-04,2026.0,public,
5c986b2adc35,09,state,Ciudad de México,2027,d_cloud_regions_announced,,regions,unknown,S20,d_cloud_regions_announced,,,,,public,FUTURE_YEAR_NOT_OBSERVABLE
a8371fa81ec5,10,state,Durango,2020,d_cloud_regions_announced,0.0,regions,documentary,S20,d_cloud_regions_announced,,,2020-12-31,2020.0,public,
8b8477cbac6f,10,state,Durango,2021,d_cloud_regions_announced,0.0,regions,documentary,S20,d_cloud_regions_announced,,,2021-12-31,2021.0,public,
1972d9befe6c,10,state,Durango,2022,d_cloud_regions_announced,0.0,regions,documentary,S20,d_cloud_regions_announced,,,2022-12-31,2022.0,public,
0daa0920ec0b,10,state,Durango,2023,d_cloud_regions_announced,0.0,regions,documentary,S20,d_cloud_regions_announced,,,2023-12-31,2023.0,public,
536463ea1fa2,10,state,Durango,2024,d_cloud_regions_announced,0.0,regions,documentary,S20,d_cloud_regions_announced,,,2024-12-31,2024.0,public,
8899e41e4ee9,10,state,Durango,2025,d_cloud_regions_announced,0.0,regions,documentary,S20,d_cloud_regions_announced,,,2025-12-31,2025.0,public,
984db0f53d92,10,state,Durango,2026,d_cloud_regions_announced,0.0,regions,documentary,S20,d_cloud_regions_announced,,,2026-10-04,2026.0,public,
5590d0125e32,10,state,Durango,2027,d_cloud_regions_announced,,regions,unknown,S20,d_cloud_regions_announced,,,,,public,FUTURE_YEAR_NOT_OBSERVABLE
3a8865d32ce2,11,state,Guanajuato,2020,d_cloud_regions_announced,0.0,regions,documentary,S20,d_cloud_regions_announced,,,2020-12-31,2020.0,public,
78f65d571762,11,state,Guanajuato,2021,d_cloud_regions_announced,0.0,regions,documentary,S20,d_cloud_regions_announced,,,2021-12-31,2021.0,public,
03a7752e1851,11,state,Guanajuato,2022,d_cloud_regions_announced,0.0,regions,documentary,S20,d_cloud_regions_announced,,,2022-12-31,2022.0,public,
231ad3146701,11,state,Guanajuato,2023,d_cloud_regions_announced,0.0,regions,documentary,S20,d_cloud_regions_announced,,,2023-12-31,2023.0,public,
64bee526d000,11,state,Guanajuato,2024,d_cloud_regions_announced,0.0,regions,documentary,S20,d_cloud_regions_announced,,,2024-12-31,2024.0,public,
be7eea181fec,11,state,Guanajuato,2025,d_cloud_regions_announced,0.0,regions,documentary,S20,d_cloud_regions_announced,,,2025-12-31,2025.0,public,
913a10e1970e,11,state,Guanajuato,2026,d_cloud_regions_announced,0.0,regions,documentary,S20,d_cloud_regions_announced,,,2026-10-04,2026.0,public,
eb390421a4b8,11,state,Guanajuato,2027,d_cloud_regions_announced,,regions,unknown,S20,d_cloud_regions_announced,,,,,public,FUTURE_YEAR_NOT_OBSERVABLE
2b216b07ae7f,12,state,Guerrero,2020,d_cloud_regions_announced,0.0,regions,documentary,S20,d_cloud_regions_announced,,,2020-12-31,2020.0,public,
b2b85b5ed943,12,state,Guerrero,2021,d_cloud_regions_announced,0.0,regions,documentary,S20,d_cloud_regions_announced,,,2021-12-31,2021.0,public,
a7c5095ef4cf,12,state,Guerrero,2022,d_cloud_regions_announced,0.0,regions,documentary,S20,d_cloud_regions_announced,,,2022-12-31,2022.0,public,
18cfeeeec15c,12,state,Guerrero,2023,d_cloud_regions_announced,0.0,regions,documentary,S20,d_cloud_regions_announced,,,2023-12-31,2023.0,public,
396f2892f1f0,12,state,Guerrero,2024,d_cloud_regions_announced,0.0,regions,documentary,S20,d_cloud_regions_announced,,,2024-12-31,2024.0,public,
de23774ddeaf,12,state,Guerrero,2025,d_cloud_regions_announced,0.0,regions,documentary,S20,d_cloud_regions_announced,,,2025-12-31,2025.0,public,
f9d2f892ed4d,12,state,Guerrero,2026,d_cloud_regions_announced,0.0,regions,documentary,S20,d_cloud_regions_announced,,,2026-10-04,2026.0,public,
4140a18f2725,12,state,Guerrero,2027,d_cloud_regions_announced,,regions,unknown,S20,d_cloud_regions_announced,,,,,public,FUTURE_YEAR_NOT_OBSERVABLE
e731b384bbd0,13,state,Hidalgo,2020,d_cloud_regions_announced,0.0,regions,documentary,S20,d_cloud_regions_announced,,,2020-12-31,2020.0,public,
a19439029d36,13,state,Hidalgo,2021,d_cloud_regions_announced,0.0,regions,documentary,S20,d_cloud_regions_announced,,,2021-12-31,2021.0,public,
c5182fecf99e,13,state,Hidalgo,2022,d_cloud_regions_announced,0.0,regions,documentary,S20,d_cloud_regions_announced,,,2022-12-31,2022.0,public,
51faa50e6bff,13,state,Hidalgo,2023,d_cloud_regions_announced,0.0,regions,documentary,S20,d_cloud_regions_announced,,,2023-12-31,2023.0,public,
74816ed07ed4,13,state,Hidalgo,2024,d_cloud_regions_announced,0.0,regions,documentary,S20,d_cloud_regions_announced,,,2024-12-31,2024.0,public,
79de48420499,13,state,Hidalgo,2025,d_cloud_regions_announced,0.0,regions,documentary,S20,d_cloud_regions_announced,,,2025-12-31,2025.0,public,
67610a3a3dd4,13,state,Hidalgo,2026,d_cloud_regions_announced,0.0,regions,documentary,S20,d_cloud_regions_announced,,,2026-10-04,2026.0,public,
974fd06df4ba,13,state,Hidalgo,2027,d_cloud_regions_announced,,regions,unknown,S20,d_cloud_regions_announced,,,,,public,FUTURE_YEAR_NOT_OBSERVABLE
2185e78a5ff4,14,state,Jalisco,2020,d_cloud_regions_announced,0.0,regions,documentary,S20,d_cloud_regions_announced,,,2020-12-31,2020.0,public,
eb3c932ed253,14,state,Jalisco,2021,d_cloud_regions_announced,0.0,regions,documentary,S20,d_cloud_regions_announced,,,2021-12-31,2021.0,public,
446d6f5c0705,14,state,Jalisco,2022,d_cloud_regions_announced,0.0,regions,documentary,S20,d_cloud_regions_announced,,,2022-12-31,2022.0,public,
adc99bbf1f69,14,state,Jalisco,2023,d_cloud_regions_announced,0.0,regions,documentary,S20,d_cloud_regions_announced,,,2023-12-31,2023.0,public,
03c94a55f0dd,14,state,Jalisco,2024,d_cloud_regions_announced,0.0,regions,documentary,S20,d_cloud_regions_announced,,,2024-12-31,2024.0,public,
c3eaf9c38a20,14,state,Jalisco,2025,d_cloud_regions_announced,0.0,regions,documentary,S20,d_cloud_regions_announced,,,2025-12-31,2025.0,public,
5a44041ce841,14,state,Jalisco,2026,d_cloud_regions_announced,0.0,regions,documentary,S20,d_cloud_regions_announced,,,2026-10-04,2026.0,public,
9cf7143e2b5a,14,state,Jalisco,2027,d_cloud_regions_announced,,regions,unknown,S20,d_cloud_regions_announced,,,,,public,FUTURE_YEAR_NOT_OBSERVABLE
ae527e8ef553,15,state,Estado de México,2020,d_cloud_regions_announced,0.0,regions,documentary,S27,d_cloud_regions_announced,,,2020-12-31,2020.0,public,
7586077765e6,15,state,Estado de México,2021,d_cloud_regions_announced,0.0,regions,documentary,S27,d_cloud_regions_announced,,,2021-12-31,2021.0,public,
69a394069a9c,15,state,Estado de México,2022,d_cloud_regions_announced,0.0,regions,documentary,S27,d_cloud_regions_announced,,,2022-12-31,2022.0,public,
c02d88913134,15,state,Estado de México,2023,d_cloud_regions_announced,0.0,regions,documentary,S27,d_cloud_regions_announced,,,2023-12-31,2023.0,public,
868e689b3536,15,state,Estado de México,2024,d_cloud_regions_announced,0.0,regions,documentary,S27,d_cloud_regions_announced,,,2024-12-31,2024.0,public,
6e85581fd506,15,state,Estado de México,2025,d_cloud_regions_announced,0.0,regions,documentary,S27,d_cloud_regions_announced,,,2025-12-31,2025.0,public,
9b4176490402,15,state,Estado de México,2026,d_cloud_regions_announced,0.0,regions,documentary,S27,d_cloud_regions_announced,,,2026-10-04,2026.0,public,
2037784e29c2,15,state,Estado de México,2027,d_cloud_regions_announced,,regions,unknown,S20,d_cloud_regions_announced,,,,,public,FUTURE_YEAR_NOT_OBSERVABLE
38ec4266d5f3,16,state,Michoacán,2020,d_cloud_regions_announced,0.0,regions,documentary,S20,d_cloud_regions_announced,,,2020-12-31,2020.0,public,
16a1e062ef1f,16,state,Michoacán,2021,d_cloud_regions_announced,0.0,regions,documentary,S20,d_cloud_regions_announced,,,2021-12-31,2021.0,public,
80ef876635e5,16,state,Michoacán,2022,d_cloud_regions_announced,0.0,regions,documentary,S20,d_cloud_regions_announced,,,2022-12-31,2022.0,public,
f38fdbebfb21,16,state,Michoacán,2023,d_cloud_regions_announced,0.0,regions,documentary,S20,d_cloud_regions_announced,,,2023-12-31,2023.0,public,
4d5ade8a4637,16,state,Michoacán,2024,d_cloud_regions_announced,0.0,regions,documentary,S20,d_cloud_regions_announced,,,2024-12-31,2024.0,public,
a4ee96b7af40,16,state,Michoacán,2025,d_cloud_regions_announced,0.0,regions,documentary,S20,d_cloud_regions_announced,,,2025-12-31,2025.0,public,
a87043b377d1,16,state,Michoacán,2026,d_cloud_regions_announced,0.0,regions,documentary,S20,d_cloud_regions_announced,,,2026-10-04,2026.0,public,
b35832d4632f,16,state,Michoacán,2027,d_cloud_regions_announced,,regions,unknown,S20,d_cloud_regions_announced,,,,,public,FUTURE_YEAR_NOT_OBSERVABLE
21a606dc68a1,17,state,Morelos,2020,d_cloud_regions_announced,0.0,regions,documentary,S20,d_cloud_regions_announced,,,2020-12-31,2020.0,public,
4048e887f751,17,state,Morelos,2021,d_cloud_regions_announced,0.0,regions,documentary,S20,d_cloud_regions_announced,,,2021-12-31,2021.0,public,
5fd112b57eee,17,state,Morelos,2022,d_cloud_regions_announced,0.0,regions,documentary,S20,d_cloud_regions_announced,,,2022-12-31,2022.0,public,
a6dac453bbff,17,state,Morelos,2023,d_cloud_regions_announced,0.0,regions,documentary,S20,d_cloud_regions_announced,,,2023-12-31,2023.0,public,
526831ca8dad,17,state,Morelos,2024,d_cloud_regions_announced,0.0,regions,documentary,S20,d_cloud_regions_announced,,,2024-12-31,2024.0,public,
6455e2dc3c46,17,state,Morelos,2025,d_cloud_regions_announced,0.0,regions,documentary,S20,d_cloud_regions_announced,,,2025-12-31,2025.0,public,
36f060d7c34c,17,state,Morelos,2026,d_cloud_regions_announced,0.0,regions,documentary,S20,d_cloud_regions_announced,,,2026-10-04,2026.0,public,
cdd661a8effc,17,state,Morelos,2027,d_cloud_regions_announced,,regions,unknown,S20,d_cloud_regions_announced,,,,,public,FUTURE_YEAR_NOT_OBSERVABLE
8882a419113a,18,state,Nayarit,2020,d_cloud_regions_announced,0.0,regions,documentary,S20,d_cloud_regions_announced,,,2020-12-31,2020.0,public,
9c6f7502b875,18,state,Nayarit,2021,d_cloud_regions_announced,0.0,regions,documentary,S20,d_cloud_regions_announced,,,2021-12-31,2021.0,public,
850342d84348,18,state,Nayarit,2022,d_cloud_regions_announced,0.0,regions,documentary,S20,d_cloud_regions_announced,,,2022-12-31,2022.0,public,
71edeef4df78,18,state,Nayarit,2023,d_cloud_regions_announced,0.0,regions,documentary,S20,d_cloud_regions_announced,,,2023-12-31,2023.0,public,
129859feffa5,18,state,Nayarit,2024,d_cloud_regions_announced,0.0,regions,documentary,S20,d_cloud_regions_announced,,,2024-12-31,2024.0,public,
3269d0b7b1e9,18,state,Nayarit,2025,d_cloud_regions_announced,0.0,regions,documentary,S20,d_cloud_regions_announced,,,2025-12-31,2025.0,public,
229d39a7defe,18,state,Nayarit,2026,d_cloud_regions_announced,0.0,regions,documentary,S20,d_cloud_regions_announced,,,2026-10-04,2026.0,public,
08e0d8161769,18,state,Nayarit,2027,d_cloud_regions_announced,,regions,unknown,S20,d_cloud_regions_announced,,,,,public,FUTURE_YEAR_NOT_OBSERVABLE
9147e72abda1,19,state,Nuevo León,2020,d_cloud_regions_announced,0.0,regions,documentary,S20,d_cloud_regions_announced,,,2020-12-31,2020.0,public,
6be4b4718c11,19,state,Nuevo León,2021,d_cloud_regions_announced,0.0,regions,documentary,S20,d_cloud_regions_announced,,,2021-12-31,2021.0,public,
9ff26681511f,19,state,Nuevo León,2022,d_cloud_regions_announced,0.0,regions,documentary,S20,d_cloud_regions_announced,,,2022-12-31,2022.0,public,
64e4becae337,19,state,Nuevo León,2023,d_cloud_regions_announced,0.0,regions,documentary,S21,d_cloud_regions_announced,,,2023-12-31,2023.0,public,
19cbaee08718,19,state,Nuevo León,2024,d_cloud_regions_announced,0.0,regions,documentary,S21,d_cloud_regions_announced,,,2024-12-31,2024.0,public,
f0a29190512d,19,state,Nuevo León,2025,d_cloud_regions_announced,0.0,regions,documentary,S21,d_cloud_regions_announced,,,2025-12-31,2025.0,public,
b1301f187763,19,state,Nuevo León,2026,d_cloud_regions_announced,0.0,regions,documentary,S21,d_cloud_regions_announced,,,2026-10-04,2026.0,public,
ecd127f4798c,19,state,Nuevo León,2027,d_cloud_regions_announced,,regions,unknown,S20,d_cloud_regions_announced,,,,,public,FUTURE_YEAR_NOT_OBSERVABLE
7c9bf62bffa0,20,state,Oaxaca,2020,d_cloud_regions_announced,0.0,regions,documentary,S20,d_cloud_regions_announced,,,2020-12-31,2020.0,public,
5e9cb3260d59,20,state,Oaxaca,2021,d_cloud_regions_announced,0.0,regions,documentary,S20,d_cloud_regions_announced,,,2021-12-31,2021.0,public,
c13715d976e4,20,state,Oaxaca,2022,d_cloud_regions_announced,0.0,regions,documentary,S20,d_cloud_regions_announced,,,2022-12-31,2022.0,public,
7708a49d672a,20,state,Oaxaca,2023,d_cloud_regions_announced,0.0,regions,documentary,S20,d_cloud_regions_announced,,,2023-12-31,2023.0,public,
db6398e4370b,20,state,Oaxaca,2024,d_cloud_regions_announced,0.0,regions,documentary,S20,d_cloud_regions_announced,,,2024-12-31,2024.0,public,
bf3dbe3e222c,20,state,Oaxaca,2025,d_cloud_regions_announced,0.0,regions,documentary,S20,d_cloud_regions_announced,,,2025-12-31,2025.0,public,
88ccbafdf453,20,state,Oaxaca,2026,d_cloud_regions_announced,0.0,regions,documentary,S20,d_cloud_regions_announced,,,2026-10-04,2026.0,public,
8eb70e3c64ea,20,state,Oaxaca,2027,d_cloud_regions_announced,,regions,unknown,S20,d_cloud_regions_announced,,,,,public,FUTURE_YEAR_NOT_OBSERVABLE
fdf73eca06b9,21,state,Puebla,2020,d_cloud_regions_announced,0.0,regions,documentary,S20,d_cloud_regions_announced,,,2020-12-31,2020.0,public,
e94d6edb2b84,21,state,Puebla,2021,d_cloud_regions_announced,0.0,regions,documentary,S20,d_cloud_regions_announced,,,2021-12-31,2021.0,public,
b110b799f028,21,state,Puebla,2022,d_cloud_regions_announced,0.0,regions,documentary,S20,d_cloud_regions_announced,,,2022-12-31,2022.0,public,
fcdd9d787ee9,21,state,Puebla,2023,d_cloud_regions_announced,0.0,regions,documentary,S20,d_cloud_regions_announced,,,2023-12-31,2023.0,public,
a975e00d554b,21,state,Puebla,2024,d_cloud_regions_announced,0.0,regions,documentary,S20,d_cloud_regions_announced,,,2024-12-31,2024.0,public,
2bab601c665f,21,state,Puebla,2025,d_cloud_regions_announced,0.0,regions,documentary,S20,d_cloud_regions_announced,,,2025-12-31,2025.0,public,
a3cbf7c7db78,21,state,Puebla,2026,d_cloud_regions_announced,0.0,regions,documentary,S20,d_cloud_regions_announced,,,2026-10-04,2026.0,public,
aff496c0d99a,21,state,Puebla,2027,d_cloud_regions_announced,,regions,unknown,S20,d_cloud_regions_announced,,,,,public,FUTURE_YEAR_NOT_OBSERVABLE
dd406ef077cd,22,state,Querétaro,2020,d_cloud_regions_announced,0.0,regions,documentary,S20,d_cloud_regions_announced,,,2020-12-31,2020.0,public,
4c5226f7668c,22,state,Querétaro,2021,d_cloud_regions_announced,0.0,regions,documentary,S20,d_cloud_regions_announced,,,2021-12-31,2021.0,public,
0cbfec5c43ec,22,state,Querétaro,2022,d_cloud_regions_announced,1.0,regions,documentary,S20,d_cloud_regions_announced,,,2022-12-31,2022.0,public,
1cea7c88f9e4,22,state,Querétaro,2023,d_cloud_regions_announced,1.0,regions,documentary,S20,d_cloud_regions_announced,,,2023-12-31,2023.0,public,
46f8d5929d56,22,state,Querétaro,2024,d_cloud_regions_announced,2.0,regions,documentary,S20|S22|S23,d_cloud_regions_announced,,,2024-12-31,2024.0,public,
2a3368f1c94d,22,state,Querétaro,2025,d_cloud_regions_announced,0.0,regions,documentary,S20|S22|S23|S24|S25|S26,d_cloud_regions_announced,,,2025-12-31,2025.0,public,
8d0d45ccf4cb,22,state,Querétaro,2026,d_cloud_regions_announced,0.0,regions,documentary,S20|S22|S23|S24|S25|S26,d_cloud_regions_announced,,,2026-10-04,2026.0,public,
d8921fa2e773,22,state,Querétaro,2027,d_cloud_regions_announced,,regions,unknown,S20,d_cloud_regions_announced,,,,,public,FUTURE_YEAR_NOT_OBSERVABLE
0ec22b84a704,23,state,Quintana Roo,2020,d_cloud_regions_announced,0.0,regions,documentary,S20,d_cloud_regions_announced,,,2020-12-31,2020.0,public,
f60881648504,23,state,Quintana Roo,2021,d_cloud_regions_announced,0.0,regions,documentary,S20,d_cloud_regions_announced,,,2021-12-31,2021.0,public,
9e2f7622f7a4,23,state,Quintana Roo,2022,d_cloud_regions_announced,0.0,regions,documentary,S20,d_cloud_regions_announced,,,2022-12-31,2022.0,public,
fba6535f978d,23,state,Quintana Roo,2023,d_cloud_regions_announced,0.0,regions,documentary,S20,d_cloud_regions_announced,,,2023-12-31,2023.0,public,
4674e78fc7ed,23,state,Quintana Roo,2024,d_cloud_regions_announced,0.0,regions,documentary,S20,d_cloud_regions_announced,,,2024-12-31,2024.0,public,
95f016993233,23,state,Quintana Roo,2025,d_cloud_regions_announced,0.0,regions,documentary,S20,d_cloud_regions_announced,,,2025-12-31,2025.0,public,
4c2945503ce9,23,state,Quintana Roo,2026,d_cloud_regions_announced,0.0,regions,documentary,S20,d_cloud_regions_announced,,,2026-10-04,2026.0,public,
901a47fb5cb6,23,state,Quintana Roo,2027,d_cloud_regions_announced,,regions,unknown,S20,d_cloud_regions_announced,,,,,public,FUTURE_YEAR_NOT_OBSERVABLE
a59745974c34,24,state,San Luis Potosí,2020,d_cloud_regions_announced,0.0,regions,documentary,S20,d_cloud_regions_announced,,,2020-12-31,2020.0,public,
d06296e1fb0d,24,state,San Luis Potosí,2021,d_cloud_regions_announced,0.0,regions,documentary,S20,d_cloud_regions_announced,,,2021-12-31,2021.0,public,
ec1b0512e501,24,state,San Luis Potosí,2022,d_cloud_regions_announced,0.0,regions,documentary,S20,d_cloud_regions_announced,,,2022-12-31,2022.0,public,
39bd40def160,24,state,San Luis Potosí,2023,d_cloud_regions_announced,0.0,regions,documentary,S20,d_cloud_regions_announced,,,2023-12-31,2023.0,public,
8862d33969cc,24,state,San Luis Potosí,2024,d_cloud_regions_announced,0.0,regions,documentary,S20,d_cloud_regions_announced,,,2024-12-31,2024.0,public,
5f11d821504f,24,state,San Luis Potosí,2025,d_cloud_regions_announced,0.0,regions,documentary,S20,d_cloud_regions_announced,,,2025-12-31,2025.0,public,
e061f6af5891,24,state,San Luis Potosí,2026,d_cloud_regions_announced,0.0,regions,documentary,S20,d_cloud_regions_announced,,,2026-10-04,2026.0,public,
929a5155cce9,24,state,San Luis Potosí,2027,d_cloud_regions_announced,,regions,unknown,S20,d_cloud_regions_announced,,,,,public,FUTURE_YEAR_NOT_OBSERVABLE
1ee2bd518627,25,state,Sinaloa,2020,d_cloud_regions_announced,0.0,regions,documentary,S20,d_cloud_regions_announced,,,2020-12-31,2020.0,public,
91129e784e49,25,state,Sinaloa,2021,d_cloud_regions_announced,0.0,regions,documentary,S20,d_cloud_regions_announced,,,2021-12-31,2021.0,public,
3bc08175af6e,25,state,Sinaloa,2022,d_cloud_regions_announced,0.0,regions,documentary,S20,d_cloud_regions_announced,,,2022-12-31,2022.0,public,
66242b0a3dd2,25,state,Sinaloa,2023,d_cloud_regions_announced,0.0,regions,documentary,S20,d_cloud_regions_announced,,,2023-12-31,2023.0,public,
d80f1bf40924,25,state,Sinaloa,2024,d_cloud_regions_announced,0.0,regions,documentary,S20,d_cloud_regions_announced,,,2024-12-31,2024.0,public,
f26d09f23399,25,state,Sinaloa,2025,d_cloud_regions_announced,0.0,regions,documentary,S20,d_cloud_regions_announced,,,2025-12-31,2025.0,public,
ce82e6dea901,25,state,Sinaloa,2026,d_cloud_regions_announced,0.0,regions,documentary,S20,d_cloud_regions_announced,,,2026-10-04,2026.0,public,
170088e52362,25,state,Sinaloa,2027,d_cloud_regions_announced,,regions,unknown,S20,d_cloud_regions_announced,,,,,public,FUTURE_YEAR_NOT_OBSERVABLE
bdc0e3816d4c,26,state,Sonora,2020,d_cloud_regions_announced,0.0,regions,documentary,S20,d_cloud_regions_announced,,,2020-12-31,2020.0,public,
36ad20e9f146,26,state,Sonora,2021,d_cloud_regions_announced,0.0,regions,documentary,S20,d_cloud_regions_announced,,,2021-12-31,2021.0,public,
f576b93bf1c9,26,state,Sonora,2022,d_cloud_regions_announced,0.0,regions,documentary,S20,d_cloud_regions_announced,,,2022-12-31,2022.0,public,
0a5edc715989,26,state,Sonora,2023,d_cloud_regions_announced,0.0,regions,documentary,S20,d_cloud_regions_announced,,,2023-12-31,2023.0,public,
6189511fb498,26,state,Sonora,2024,d_cloud_regions_announced,0.0,regions,documentary,S20,d_cloud_regions_announced,,,2024-12-31,2024.0,public,
a1a7ba45e764,26,state,Sonora,2025,d_cloud_regions_announced,0.0,regions,documentary,S20,d_cloud_regions_announced,,,2025-12-31,2025.0,public,
04a79395902e,26,state,Sonora,2026,d_cloud_regions_announced,0.0,regions,documentary,S20,d_cloud_regions_announced,,,2026-10-04,2026.0,public,
9b99e87052ae,26,state,Sonora,2027,d_cloud_regions_announced,,regions,unknown,S20,d_cloud_regions_announced,,,,,public,FUTURE_YEAR_NOT_OBSERVABLE
d617b0f5c255,27,state,Tabasco,2020,d_cloud_regions_announced,0.0,regions,documentary,S20,d_cloud_regions_announced,,,2020-12-31,2020.0,public,
9d3b6a34d908,27,state,Tabasco,2021,d_cloud_regions_announced,0.0,regions,documentary,S20,d_cloud_regions_announced,,,2021-12-31,2021.0,public,
23bb55131e24,27,state,Tabasco,2022,d_cloud_regions_announced,0.0,regions,documentary,S20,d_cloud_regions_announced,,,2022-12-31,2022.0,public,
da251492096e,27,state,Tabasco,2023,d_cloud_regions_announced,0.0,regions,documentary,S20,d_cloud_regions_announced,,,2023-12-31,2023.0,public,
885100420a43,27,state,Tabasco,2024,d_cloud_regions_announced,0.0,regions,documentary,S20,d_cloud_regions_announced,,,2024-12-31,2024.0,public,
0c043c15a075,27,state,Tabasco,2025,d_cloud_regions_announced,0.0,regions,documentary,S20,d_cloud_regions_announced,,,2025-12-31,2025.0,public,
3a1e5859475e,27,state,Tabasco,2026,d_cloud_regions_announced,0.0,regions,documentary,S20,d_cloud_regions_announced,,,2026-10-04,2026.0,public,
76f4f04ee3c0,27,state,Tabasco,2027,d_cloud_regions_announced,,regions,unknown,S20,d_cloud_regions_announced,,,,,public,FUTURE_YEAR_NOT_OBSERVABLE
198a938edb2f,28,state,Tamaulipas,2020,d_cloud_regions_announced,0.0,regions,documentary,S20,d_cloud_regions_announced,,,2020-12-31,2020.0,public,
1933b9ed3f21,28,state,Tamaulipas,2021,d_cloud_regions_announced,0.0,regions,documentary,S20,d_cloud_regions_announced,,,2021-12-31,2021.0,public,
15849b640f6f,28,state,Tamaulipas,2022,d_cloud_regions_announced,0.0,regions,documentary,S20,d_cloud_regions_announced,,,2022-12-31,2022.0,public,
7e0787378fa8,28,state,Tamaulipas,2023,d_cloud_regions_announced,0.0,regions,documentary,S20,d_cloud_regions_announced,,,2023-12-31,2023.0,public,
ca600a3d9603,28,state,Tamaulipas,2024,d_cloud_regions_announced,0.0,regions,documentary,S20,d_cloud_regions_announced,,,2024-12-31,2024.0,public,
bfedf27fc2b7,28,state,Tamaulipas,2025,d_cloud_regions_announced,0.0,regions,documentary,S20,d_cloud_regions_announced,,,2025-12-31,2025.0,public,
16158bf6084f,28,state,Tamaulipas,2026,d_cloud_regions_announced,0.0,regions,documentary,S20,d_cloud_regions_announced,,,2026-10-04,2026.0,public,
71008fe4ee4a,28,state,Tamaulipas,2027,d_cloud_regions_announced,,regions,unknown,S20,d_cloud_regions_announced,,,,,public,FUTURE_YEAR_NOT_OBSERVABLE
719c835d6385,29,state,Tlaxcala,2020,d_cloud_regions_announced,0.0,regions,documentary,S20,d_cloud_regions_announced,,,2020-12-31,2020.0,public,
e4430cc4c4bd,29,state,Tlaxcala,2021,d_cloud_regions_announced,0.0,regions,documentary,S20,d_cloud_regions_announced,,,2021-12-31,2021.0,public,
a3e3ca5be0cd,29,state,Tlaxcala,2022,d_cloud_regions_announced,0.0,regions,documentary,S20,d_cloud_regions_announced,,,2022-12-31,2022.0,public,
59e1c5c1fa5a,29,state,Tlaxcala,2023,d_cloud_regions_announced,0.0,regions,documentary,S20,d_cloud_regions_announced,,,2023-12-31,2023.0,public,
e26b2327a028,29,state,Tlaxcala,2024,d_cloud_regions_announced,0.0,regions,documentary,S20,d_cloud_regions_announced,,,2024-12-31,2024.0,public,
9f2142a713bd,29,state,Tlaxcala,2025,d_cloud_regions_announced,0.0,regions,documentary,S20,d_cloud_regions_announced,,,2025-12-31,2025.0,public,
f0639fea52f0,29,state,Tlaxcala,2026,d_cloud_regions_announced,0.0,regions,documentary,S20,d_cloud_regions_announced,,,2026-10-04,2026.0,public,
93f2914c322a,29,state,Tlaxcala,2027,d_cloud_regions_announced,,regions,unknown,S20,d_cloud_regions_announced,,,,,public,FUTURE_YEAR_NOT_OBSERVABLE
d5b5b9eb123d,30,state,Veracruz,2020,d_cloud_regions_announced,0.0,regions,documentary,S20,d_cloud_regions_announced,,,2020-12-31,2020.0,public,
b7196bd4ed86,30,state,Veracruz,2021,d_cloud_regions_announced,0.0,regions,documentary,S20,d_cloud_regions_announced,,,2021-12-31,2021.0,public,
a9fc2893127e,30,state,Veracruz,2022,d_cloud_regions_announced,0.0,regions,documentary,S20,d_cloud_regions_announced,,,2022-12-31,2022.0,public,
6b6e08268aa5,30,state,Veracruz,2023,d_cloud_regions_announced,0.0,regions,documentary,S20,d_cloud_regions_announced,,,2023-12-31,2023.0,public,
b481bf34f3c5,30,state,Veracruz,2024,d_cloud_regions_announced,0.0,regions,documentary,S20,d_cloud_regions_announced,,,2024-12-31,2024.0,public,
06461ae7bce3,30,state,Veracruz,2025,d_cloud_regions_announced,0.0,regions,documentary,S20,d_cloud_regions_announced,,,2025-12-31,2025.0,public,
55dd0061c848,30,state,Veracruz,2026,d_cloud_regions_announced,0.0,regions,documentary,S20,d_cloud_regions_announced,,,2026-10-04,2026.0,public,
86b5bbab67b7,30,state,Veracruz,2027,d_cloud_regions_announced,,regions,unknown,S20,d_cloud_regions_announced,,,,,public,FUTURE_YEAR_NOT_OBSERVABLE
62910a8e6084,31,state,Yucatán,2020,d_cloud_regions_announced,0.0,regions,documentary,S20,d_cloud_regions_announced,,,2020-12-31,2020.0,public,
0b815bcaf3da,31,state,Yucatán,2021,d_cloud_regions_announced,0.0,regions,documentary,S20,d_cloud_regions_announced,,,2021-12-31,2021.0,public,
807c815efea8,31,state,Yucatán,2022,d_cloud_regions_announced,0.0,regions,documentary,S20,d_cloud_regions_announced,,,2022-12-31,2022.0,public,
89a646ce33a2,31,state,Yucatán,2023,d_cloud_regions_announced,0.0,regions,documentary,S20,d_cloud_regions_announced,,,2023-12-31,2023.0,public,
25fd16a716ca,31,state,Yucatán,2024,d_cloud_regions_announced,0.0,regions,documentary,S20,d_cloud_regions_announced,,,2024-12-31,2024.0,public,
c6d65276d913,31,state,Yucatán,2025,d_cloud_regions_announced,0.0,regions,documentary,S20,d_cloud_regions_announced,,,2025-12-31,2025.0,public,
74b08f44c55f,31,state,Yucatán,2026,d_cloud_regions_announced,0.0,regions,documentary,S20,d_cloud_regions_announced,,,2026-10-04,2026.0,public,
d7ad21dafab4,31,state,Yucatán,2027,d_cloud_regions_announced,,regions,unknown,S20,d_cloud_regions_announced,,,,,public,FUTURE_YEAR_NOT_OBSERVABLE
3a7ec5a65dae,32,state,Zacatecas,2020,d_cloud_regions_announced,0.0,regions,documentary,S20,d_cloud_regions_announced,,,2020-12-31,2020.0,public,
07edcabf577a,32,state,Zacatecas,2021,d_cloud_regions_announced,0.0,regions,documentary,S20,d_cloud_regions_announced,,,2021-12-31,2021.0,public,
a4b13befb615,32,state,Zacatecas,2022,d_cloud_regions_announced,0.0,regions,documentary,S20,d_cloud_regions_announced,,,2022-12-31,2022.0,public,
361743edded5,32,state,Zacatecas,2023,d_cloud_regions_announced,0.0,regions,documentary,S20,d_cloud_regions_announced,,,2023-12-31,2023.0,public,
b386c30e5b1b,32,state,Zacatecas,2024,d_cloud_regions_announced,0.0,regions,documentary,S20,d_cloud_regions_announced,,,2024-12-31,2024.0,public,
a3d4e9572482,32,state,Zacatecas,2025,d_cloud_regions_announced,0.0,regions,documentary,S20,d_cloud_regions_announced,,,2025-12-31,2025.0,public,
934f1dfa7237,32,state,Zacatecas,2026,d_cloud_regions_announced,0.0,regions,documentary,S20,d_cloud_regions_announced,,,2026-10-04,2026.0,public,
8188eee14c41,32,state,Zacatecas,2027,d_cloud_regions_announced,,regions,unknown,S20,d_cloud_regions_announced,,,,,public,FUTURE_YEAR_NOT_OBSERVABLE
8b75e8930fc5,01,state,Aguascalientes,2020,e_capacity_per_100k,113.7475,"MW per 100,000 people",derived,S07|S02,e_capacity_per_100k,,,,2020.0,public,SOME_START_DATES_IMPUTED
274be443916e,01,state,Aguascalientes,2021,e_capacity_per_100k,112.4657,"MW per 100,000 people",derived,S07|S02,e_capacity_per_100k,,,,2021.0,public,SOME_START_DATES_IMPUTED
a9d604c33926,01,state,Aguascalientes,2022,e_capacity_per_100k,77.8512,"MW per 100,000 people",derived,S07|S02,e_capacity_per_100k,,,,2022.0,public,SOME_START_DATES_IMPUTED
f1f9bdae7ad1,01,state,Aguascalientes,2023,e_capacity_per_100k,96.2942,"MW per 100,000 people",derived,S07|S02,e_capacity_per_100k,,,,2023.0,public,SOME_START_DATES_IMPUTED
e6348f1c6b24,01,state,Aguascalientes,2024,e_capacity_per_100k,81.1209,"MW per 100,000 people",derived,S07|S02,e_capacity_per_100k,,,,2024.0,public,
b146d2972700,01,state,Aguascalientes,2025,e_capacity_per_100k,86.8752,"MW per 100,000 people",derived,S07|S02,e_capacity_per_100k,,,,2025.0,public,
222b0ea38b6f,01,state,Aguascalientes,2026,e_capacity_per_100k,85.8532,"MW per 100,000 people",estimated,S07|S02,e_capacity_per_100k,,,,2026.0,public,INCLUDES_PLANNED_OPERATION_DATES
19477efe7305,01,state,Aguascalientes,2027,e_capacity_per_100k,97.7678,"MW per 100,000 people",estimated,S07|S02,e_capacity_per_100k,,,,2026.0,public,INCLUDES_PLANNED_OPERATION_DATES
4f05eecfe84a,02,state,Baja California,2020,e_capacity_per_100k,114.3221,"MW per 100,000 people",derived,S07|S02,e_capacity_per_100k,,,,2020.0,public,SOME_START_DATES_IMPUTED
431701c09733,02,state,Baja California,2021,e_capacity_per_100k,124.8613,"MW per 100,000 people",derived,S07|S02,e_capacity_per_100k,,,,2021.0,public,SOME_START_DATES_IMPUTED
845830cedeb6,02,state,Baja California,2022,e_capacity_per_100k,120.2614,"MW per 100,000 people",derived,S07|S02,e_capacity_per_100k,,,,2022.0,public,SOME_START_DATES_IMPUTED
0f962d13dd2b,02,state,Baja California,2023,e_capacity_per_100k,112.1733,"MW per 100,000 people",derived,S07|S02,e_capacity_per_100k,,,,2023.0,public,SOME_START_DATES_IMPUTED
e13420ca5830,02,state,Baja California,2024,e_capacity_per_100k,104.8049,"MW per 100,000 people",derived,S07|S02,e_capacity_per_100k,,,,2024.0,public,SOME_START_DATES_IMPUTED
a6a65835b11d,02,state,Baja California,2025,e_capacity_per_100k,120.7987,"MW per 100,000 people",derived,S07|S02,e_capacity_per_100k,,,,2025.0,public,
e432f292a513,02,state,Baja California,2026,e_capacity_per_100k,145.5986,"MW per 100,000 people",estimated,S07|S02,e_capacity_per_100k,,,,2026.0,public,INCLUDES_PLANNED_OPERATION_DATES
0cd29cd5f768,02,state,Baja California,2027,e_capacity_per_100k,159.4028,"MW per 100,000 people",estimated,S07|S02,e_capacity_per_100k,,,,2026.0,public,INCLUDES_PLANNED_OPERATION_DATES
74371c9fc20f,03,state,Baja California Sur,2020,e_capacity_per_100k,220.2778,"MW per 100,000 people",derived,S07|S02,e_capacity_per_100k,,,,2020.0,public,SOME_START_DATES_IMPUTED
fcf93800af9d,03,state,Baja California Sur,2021,e_capacity_per_100k,219.1164,"MW per 100,000 people",derived,S07|S02,e_capacity_per_100k,,,,2021.0,public,SOME_START_DATES_IMPUTED
7ab037304844,03,state,Baja California Sur,2022,e_capacity_per_100k,224.4955,"MW per 100,000 people",derived,S07|S02,e_capacity_per_100k,,,,2022.0,public,SOME_START_DATES_IMPUTED
758d3cd7cff7,03,state,Baja California Sur,2023,e_capacity_per_100k,217.5886,"MW per 100,000 people",derived,S07|S02,e_capacity_per_100k,,,,2023.0,public,SOME_START_DATES_IMPUTED
eaa5b91d9d15,03,state,Baja California Sur,2024,e_capacity_per_100k,209.7128,"MW per 100,000 people",derived,S07|S02,e_capacity_per_100k,,,,2024.0,public,SOME_START_DATES_IMPUTED
205a22916ca6,03,state,Baja California Sur,2025,e_capacity_per_100k,202.6145,"MW per 100,000 people",derived,S07|S02,e_capacity_per_100k,,,,2025.0,public,
6d778113bd33,03,state,Baja California Sur,2026,e_capacity_per_100k,198.7276,"MW per 100,000 people",estimated,S07|S02,e_capacity_per_100k,,,,2026.0,public,INCLUDES_PLANNED_OPERATION_DATES
8ff34c04d91e,03,state,Baja California Sur,2027,e_capacity_per_100k,195.0523,"MW per 100,000 people",estimated,S07|S02,e_capacity_per_100k,,,,2026.0,public,INCLUDES_PLANNED_OPERATION_DATES
976950d0f1d7,04,state,Campeche,2020,e_capacity_per_100k,196.7027,"MW per 100,000 people",derived,S07|S02,e_capacity_per_100k,,,,2020.0,public,SOME_START_DATES_IMPUTED
4c4dee29d5f2,04,state,Campeche,2021,e_capacity_per_100k,217.2056,"MW per 100,000 people",derived,S07|S02,e_capacity_per_100k,,,,2021.0,public,SOME_START_DATES_IMPUTED
7b6ab9fa33b8,04,state,Campeche,2022,e_capacity_per_100k,204.3472,"MW per 100,000 people",derived,S07|S02,e_capacity_per_100k,,,,2022.0,public,SOME_START_DATES_IMPUTED
c43cdfb594fd,04,state,Campeche,2023,e_capacity_per_100k,161.1601,"MW per 100,000 people",derived,S07|S02,e_capacity_per_100k,,,,2023.0,public,
553e6392a537,04,state,Campeche,2024,e_capacity_per_100k,160.4227,"MW per 100,000 people",derived,S07|S02,e_capacity_per_100k,,,,2024.0,public,
aaab8310ecff,04,state,Campeche,2025,e_capacity_per_100k,197.064,"MW per 100,000 people",derived,S07|S02,e_capacity_per_100k,,,,2025.0,public,
0be7da8d6bc2,04,state,Campeche,2026,e_capacity_per_100k,196.3578,"MW per 100,000 people",estimated,S07|S02,e_capacity_per_100k,,,,2026.0,public,INCLUDES_PLANNED_OPERATION_DATES
c7e376c5ccda,04,state,Campeche,2027,e_capacity_per_100k,205.356,"MW per 100,000 people",estimated,S07|S02,e_capacity_per_100k,,,,2026.0,public,INCLUDES_PLANNED_OPERATION_DATES
abede2c53e83,05,state,Coahuila,2020,e_capacity_per_100k,205.0156,"MW per 100,000 people",derived,S07|S02,e_capacity_per_100k,,,,2020.0,public,SOME_START_DATES_IMPUTED
48233cda6b8c,05,state,Coahuila,2021,e_capacity_per_100k,206.3071,"MW per 100,000 people",derived,S07|S02,e_capacity_per_100k,,,,2021.0,public,SOME_START_DATES_IMPUTED
dbfb12dee375,05,state,Coahuila,2022,e_capacity_per_100k,186.2751,"MW per 100,000 people",derived,S07|S02,e_capacity_per_100k,,,,2022.0,public,SOME_START_DATES_IMPUTED
c3f2312dd2e3,05,state,Coahuila,2023,e_capacity_per_100k,157.1616,"MW per 100,000 people",derived,S07|S02,e_capacity_per_100k,,,,2023.0,public,SOME_START_DATES_IMPUTED
99581c47be09,05,state,Coahuila,2024,e_capacity_per_100k,161.2246,"MW per 100,000 people",derived,S07|S02,e_capacity_per_100k,,,,2024.0,public,
0a45fdbda8e6,05,state,Coahuila,2025,e_capacity_per_100k,159.268,"MW per 100,000 people",derived,S07|S02,e_capacity_per_100k,,,,2025.0,public,
063999ab0aab,05,state,Coahuila,2026,e_capacity_per_100k,162.1656,"MW per 100,000 people",estimated,S07|S02,e_capacity_per_100k,,,,2026.0,public,INCLUDES_PLANNED_OPERATION_DATES
8d1de32f3511,05,state,Coahuila,2027,e_capacity_per_100k,166.1001,"MW per 100,000 people",estimated,S07|S02,e_capacity_per_100k,,,,2026.0,public,INCLUDES_PLANNED_OPERATION_DATES
b1864ea177c6,06,state,Colima,2020,e_capacity_per_100k,514.1641,"MW per 100,000 people",derived,S07|S02,e_capacity_per_100k,,,,2020.0,public,SOME_START_DATES_IMPUTED
4f55ed3d1eda,06,state,Colima,2021,e_capacity_per_100k,511.9702,"MW per 100,000 people",derived,S07|S02,e_capacity_per_100k,,,,2021.0,public,SOME_START_DATES_IMPUTED
fed99a45fd01,06,state,Colima,2022,e_capacity_per_100k,509.2942,"MW per 100,000 people",derived,S07|S02,e_capacity_per_100k,,,,2022.0,public,SOME_START_DATES_IMPUTED
e25698be22ca,06,state,Colima,2023,e_capacity_per_100k,413.405,"MW per 100,000 people",derived,S07|S02,e_capacity_per_100k,,,,2023.0,public,
eb7795478f62,06,state,Colima,2024,e_capacity_per_100k,410.7035,"MW per 100,000 people",derived,S07|S02,e_capacity_per_100k,,,,2024.0,public,
16cc169f967d,06,state,Colima,2025,e_capacity_per_100k,408.1775,"MW per 100,000 people",derived,S07|S02,e_capacity_per_100k,,,,2025.0,public,
bbf9a2f78b34,06,state,Colima,2026,e_capacity_per_100k,405.8322,"MW per 100,000 people",estimated,S07|S02,e_capacity_per_100k,,,,2026.0,public,INCLUDES_PLANNED_OPERATION_DATES
d3acbf67c71f,06,state,Colima,2027,e_capacity_per_100k,403.6688,"MW per 100,000 people",estimated,S07|S02,e_capacity_per_100k,,,,2026.0,public,INCLUDES_PLANNED_OPERATION_DATES
08a990eb3cc5,07,state,Chiapas,2020,e_capacity_per_100k,91.6954,"MW per 100,000 people",derived,S07|S02,e_capacity_per_100k,,,,2020.0,public,SOME_START_DATES_IMPUTED
8d7a86d4268a,07,state,Chiapas,2021,e_capacity_per_100k,90.5813,"MW per 100,000 people",derived,S07|S02,e_capacity_per_100k,,,,2021.0,public,SOME_START_DATES_IMPUTED
a592ea297791,07,state,Chiapas,2022,e_capacity_per_100k,89.3866,"MW per 100,000 people",derived,S07|S02,e_capacity_per_100k,,,,2022.0,public,SOME_START_DATES_IMPUTED
30071a189d3d,07,state,Chiapas,2023,e_capacity_per_100k,87.6526,"MW per 100,000 people",derived,S07|S02,e_capacity_per_100k,,,,2023.0,public,SOME_START_DATES_IMPUTED
eb91a0225973,07,state,Chiapas,2024,e_capacity_per_100k,85.4678,"MW per 100,000 people",derived,S07|S02,e_capacity_per_100k,,,,2024.0,public,
31f716f7fcc9,07,state,Chiapas,2025,e_capacity_per_100k,84.3519,"MW per 100,000 people",derived,S07|S02,e_capacity_per_100k,,,,2025.0,public,
b6b934271157,07,state,Chiapas,2026,e_capacity_per_100k,83.2941,"MW per 100,000 people",estimated,S07|S02,e_capacity_per_100k,,,,2026.0,public,INCLUDES_PLANNED_OPERATION_DATES
f20285b9ed8d,07,state,Chiapas,2027,e_capacity_per_100k,82.2916,"MW per 100,000 people",estimated,S07|S02,e_capacity_per_100k,,,,2026.0,public,INCLUDES_PLANNED_OPERATION_DATES
2d457c76711a,08,state,Chihuahua,2020,e_capacity_per_100k,165.1239,"MW per 100,000 people",derived,S07|S02,e_capacity_per_100k,,,,2020.0,public,SOME_START_DATES_IMPUTED
fcfabc3ba802,08,state,Chihuahua,2021,e_capacity_per_100k,164.5571,"MW per 100,000 people",derived,S07|S02,e_capacity_per_100k,,,,2021.0,public,SOME_START_DATES_IMPUTED
97eec0be28aa,08,state,Chihuahua,2022,e_capacity_per_100k,151.5114,"MW per 100,000 people",derived,S07|S02,e_capacity_per_100k,,,,2022.0,public,SOME_START_DATES_IMPUTED
353e37462960,08,state,Chihuahua,2023,e_capacity_per_100k,135.9893,"MW per 100,000 people",derived,S07|S02,e_capacity_per_100k,,,,2023.0,public,SOME_START_DATES_IMPUTED
2fac5ece8f2a,08,state,Chihuahua,2024,e_capacity_per_100k,127.7214,"MW per 100,000 people",derived,S07|S02,e_capacity_per_100k,,,,2024.0,public,SOME_START_DATES_IMPUTED
50b3c47408a0,08,state,Chihuahua,2025,e_capacity_per_100k,126.9536,"MW per 100,000 people",derived,S07|S02,e_capacity_per_100k,,,,2025.0,public,
2bb814e95547,08,state,Chihuahua,2026,e_capacity_per_100k,126.1246,"MW per 100,000 people",estimated,S07|S02,e_capacity_per_100k,,,,2026.0,public,INCLUDES_PLANNED_OPERATION_DATES
b63194a311d5,08,state,Chihuahua,2027,e_capacity_per_100k,129.2147,"MW per 100,000 people",estimated,S07|S02,e_capacity_per_100k,,,,2026.0,public,INCLUDES_PLANNED_OPERATION_DATES
1cdbb9838953,09,state,Ciudad de México,2020,e_capacity_per_100k,4.2721,"MW per 100,000 people",derived,S07|S02,e_capacity_per_100k,,,,2020.0,public,SOME_START_DATES_IMPUTED
373fc92b902a,09,state,Ciudad de México,2021,e_capacity_per_100k,4.3783,"MW per 100,000 people",derived,S07|S02,e_capacity_per_100k,,,,2021.0,public,SOME_START_DATES_IMPUTED
e201b1d85808,09,state,Ciudad de México,2022,e_capacity_per_100k,3.1215,"MW per 100,000 people",derived,S07|S02,e_capacity_per_100k,,,,2022.0,public,SOME_START_DATES_IMPUTED
1496ba624ce9,09,state,Ciudad de México,2023,e_capacity_per_100k,3.866,"MW per 100,000 people",derived,S07|S02,e_capacity_per_100k,,,,2023.0,public,
98f754ae66f4,09,state,Ciudad de México,2024,e_capacity_per_100k,4.0473,"MW per 100,000 people",derived,S07|S02,e_capacity_per_100k,,,,2024.0,public,
9d567f891a1f,09,state,Ciudad de México,2025,e_capacity_per_100k,4.0562,"MW per 100,000 people",derived,S07|S02,e_capacity_per_100k,,,,2025.0,public,
59ed35df63c6,09,state,Ciudad de México,2026,e_capacity_per_100k,4.0667,"MW per 100,000 people",estimated,S07|S02,e_capacity_per_100k,,,,2026.0,public,INCLUDES_PLANNED_OPERATION_DATES
f3850027d85b,09,state,Ciudad de México,2027,e_capacity_per_100k,4.0788,"MW per 100,000 people",estimated,S07|S02,e_capacity_per_100k,,,,2026.0,public,INCLUDES_PLANNED_OPERATION_DATES
4e774697490e,10,state,Durango,2020,e_capacity_per_100k,166.0201,"MW per 100,000 people",derived,S07|S02,e_capacity_per_100k,,,,2020.0,public,SOME_START_DATES_IMPUTED
342e5bcdc364,10,state,Durango,2021,e_capacity_per_100k,166.1819,"MW per 100,000 people",derived,S07|S02,e_capacity_per_100k,,,,2021.0,public,SOME_START_DATES_IMPUTED
12fe482cf158,10,state,Durango,2022,e_capacity_per_100k,141.2689,"MW per 100,000 people",derived,S07|S02,e_capacity_per_100k,,,,2022.0,public,SOME_START_DATES_IMPUTED
95c485560e79,10,state,Durango,2023,e_capacity_per_100k,145.4431,"MW per 100,000 people",derived,S07|S02,e_capacity_per_100k,,,,2023.0,public,
1cc20af8593f,10,state,Durango,2024,e_capacity_per_100k,149.5804,"MW per 100,000 people",derived,S07|S02,e_capacity_per_100k,,,,2024.0,public,
8fc738d2c913,10,state,Durango,2025,e_capacity_per_100k,148.5438,"MW per 100,000 people",derived,S07|S02,e_capacity_per_100k,,,,2025.0,public,
c2cc2ab913b3,10,state,Durango,2026,e_capacity_per_100k,155.8762,"MW per 100,000 people",estimated,S07|S02,e_capacity_per_100k,,,,2026.0,public,INCLUDES_PLANNED_OPERATION_DATES
c4b6913c32a0,10,state,Durango,2027,e_capacity_per_100k,154.9657,"MW per 100,000 people",estimated,S07|S02,e_capacity_per_100k,,,,2026.0,public,INCLUDES_PLANNED_OPERATION_DATES
f0aba3a5163a,11,state,Guanajuato,2020,e_capacity_per_100k,82.2336,"MW per 100,000 people",derived,S07|S02,e_capacity_per_100k,,,,2020.0,public,SOME_START_DATES_IMPUTED
9257158a0d28,11,state,Guanajuato,2021,e_capacity_per_100k,81.1954,"MW per 100,000 people",derived,S07|S02,e_capacity_per_100k,,,,2021.0,public,SOME_START_DATES_IMPUTED
15fabd66fc7f,11,state,Guanajuato,2022,e_capacity_per_100k,53.4238,"MW per 100,000 people",derived,S07|S02,e_capacity_per_100k,,,,2022.0,public,SOME_START_DATES_IMPUTED
97dcbe002e8b,11,state,Guanajuato,2023,e_capacity_per_100k,48.1227,"MW per 100,000 people",derived,S07|S02,e_capacity_per_100k,,,,2023.0,public,SOME_START_DATES_IMPUTED
3acdd3ed30fd,11,state,Guanajuato,2024,e_capacity_per_100k,45.8976,"MW per 100,000 people",derived,S07|S02,e_capacity_per_100k,,,,2024.0,public,SOME_START_DATES_IMPUTED
12426d160235,11,state,Guanajuato,2025,e_capacity_per_100k,47.898,"MW per 100,000 people",derived,S07|S02,e_capacity_per_100k,,,,2025.0,public,
553f6ab2b519,11,state,Guanajuato,2026,e_capacity_per_100k,63.3025,"MW per 100,000 people",estimated,S07|S02,e_capacity_per_100k,,,,2026.0,public,INCLUDES_PLANNED_OPERATION_DATES
0bfa0f625544,11,state,Guanajuato,2027,e_capacity_per_100k,65.6102,"MW per 100,000 people",estimated,S07|S02,e_capacity_per_100k,,,,2026.0,public,INCLUDES_PLANNED_OPERATION_DATES
4fa0d010610e,12,state,Guerrero,2020,e_capacity_per_100k,98.444,"MW per 100,000 people",derived,S07|S02,e_capacity_per_100k,,,,2020.0,public,SOME_START_DATES_IMPUTED
ddf7d9a48c46,12,state,Guerrero,2021,e_capacity_per_100k,98.4884,"MW per 100,000 people",derived,S07|S02,e_capacity_per_100k,,,,2021.0,public,SOME_START_DATES_IMPUTED
e8bc83fd7151,12,state,Guerrero,2022,e_capacity_per_100k,97.5552,"MW per 100,000 people",derived,S07|S02,e_capacity_per_100k,,,,2022.0,public,SOME_START_DATES_IMPUTED
1cc907bc7497,12,state,Guerrero,2023,e_capacity_per_100k,97.4398,"MW per 100,000 people",derived,S07|S02,e_capacity_per_100k,,,,2023.0,public,SOME_START_DATES_IMPUTED
d8386318ea13,12,state,Guerrero,2024,e_capacity_per_100k,96.6634,"MW per 100,000 people",derived,S07|S02,e_capacity_per_100k,,,,2024.0,public,
38e38a132b5c,12,state,Guerrero,2025,e_capacity_per_100k,96.6446,"MW per 100,000 people",derived,S07|S02,e_capacity_per_100k,,,,2025.0,public,
632f1dbe9b27,12,state,Guerrero,2026,e_capacity_per_100k,96.6751,"MW per 100,000 people",estimated,S07|S02,e_capacity_per_100k,,,,2026.0,public,INCLUDES_PLANNED_OPERATION_DATES
4d2c278f0246,12,state,Guerrero,2027,e_capacity_per_100k,96.7527,"MW per 100,000 people",estimated,S07|S02,e_capacity_per_100k,,,,2026.0,public,INCLUDES_PLANNED_OPERATION_DATES
dcfed308e7f2,13,state,Hidalgo,2020,e_capacity_per_100k,107.5269,"MW per 100,000 people",derived,S07|S02,e_capacity_per_100k,,,,2020.0,public,SOME_START_DATES_IMPUTED
44cd5f308798,13,state,Hidalgo,2021,e_capacity_per_100k,110.7375,"MW per 100,000 people",derived,S07|S02,e_capacity_per_100k,,,,2021.0,public,SOME_START_DATES_IMPUTED
214b780c3539,13,state,Hidalgo,2022,e_capacity_per_100k,115.4811,"MW per 100,000 people",derived,S07|S02,e_capacity_per_100k,,,,2022.0,public,SOME_START_DATES_IMPUTED
ee5273463aea,13,state,Hidalgo,2023,e_capacity_per_100k,97.5227,"MW per 100,000 people",derived,S07|S02,e_capacity_per_100k,,,,2023.0,public,SOME_START_DATES_IMPUTED
62ee53b31f26,13,state,Hidalgo,2024,e_capacity_per_100k,95.6637,"MW per 100,000 people",derived,S07|S02,e_capacity_per_100k,,,,2024.0,public,
b6287d2b5d77,13,state,Hidalgo,2025,e_capacity_per_100k,94.6356,"MW per 100,000 people",derived,S07|S02,e_capacity_per_100k,,,,2025.0,public,
af76d1f3782c,13,state,Hidalgo,2026,e_capacity_per_100k,93.6648,"MW per 100,000 people",estimated,S07|S02,e_capacity_per_100k,,,,2026.0,public,INCLUDES_PLANNED_OPERATION_DATES
db2693513aa4,13,state,Hidalgo,2027,e_capacity_per_100k,104.8943,"MW per 100,000 people",estimated,S07|S02,e_capacity_per_100k,,,,2026.0,public,INCLUDES_PLANNED_OPERATION_DATES
6699d4e8e3f3,14,state,Jalisco,2020,e_capacity_per_100k,61.1214,"MW per 100,000 people",derived,S07|S02,e_capacity_per_100k,,,,2020.0,public,SOME_START_DATES_IMPUTED
f8c6fe4fb775,14,state,Jalisco,2021,e_capacity_per_100k,64.8467,"MW per 100,000 people",derived,S07|S02,e_capacity_per_100k,,,,2021.0,public,SOME_START_DATES_IMPUTED
4f80072118bd,14,state,Jalisco,2022,e_capacity_per_100k,50.3192,"MW per 100,000 people",derived,S07|S02,e_capacity_per_100k,,,,2022.0,public,SOME_START_DATES_IMPUTED
3ce4a8cedc79,14,state,Jalisco,2023,e_capacity_per_100k,39.9268,"MW per 100,000 people",derived,S07|S02,e_capacity_per_100k,,,,2023.0,public,SOME_START_DATES_IMPUTED
416df3d1c20f,14,state,Jalisco,2024,e_capacity_per_100k,34.8102,"MW per 100,000 people",derived,S07|S02,e_capacity_per_100k,,,,2024.0,public,SOME_START_DATES_IMPUTED
dc7da2d2a154,14,state,Jalisco,2025,e_capacity_per_100k,34.1348,"MW per 100,000 people",derived,S07|S02,e_capacity_per_100k,,,,2025.0,public,
a2faaf1f0bd8,14,state,Jalisco,2026,e_capacity_per_100k,34.156,"MW per 100,000 people",estimated,S07|S02,e_capacity_per_100k,,,,2026.0,public,INCLUDES_PLANNED_OPERATION_DATES
32adf38096eb,14,state,Jalisco,2027,e_capacity_per_100k,33.8741,"MW per 100,000 people",estimated,S07|S02,e_capacity_per_100k,,,,2026.0,public,INCLUDES_PLANNED_OPERATION_DATES
f594bcda8072,15,state,Estado de México,2020,e_capacity_per_100k,23.6164,"MW per 100,000 people",derived,S07|S02,e_capacity_per_100k,,,,2020.0,public,SOME_START_DATES_IMPUTED
510be1d0293a,15,state,Estado de México,2021,e_capacity_per_100k,28.6312,"MW per 100,000 people",derived,S07|S02,e_capacity_per_100k,,,,2021.0,public,SOME_START_DATES_IMPUTED
2e2e06d69bea,15,state,Estado de México,2022,e_capacity_per_100k,27.4992,"MW per 100,000 people",derived,S07|S02,e_capacity_per_100k,,,,2022.0,public,SOME_START_DATES_IMPUTED
db8e09363eed,15,state,Estado de México,2023,e_capacity_per_100k,19.6378,"MW per 100,000 people",derived,S07|S02,e_capacity_per_100k,,,,2023.0,public,SOME_START_DATES_IMPUTED
7fc225c82371,15,state,Estado de México,2024,e_capacity_per_100k,18.513,"MW per 100,000 people",derived,S07|S02,e_capacity_per_100k,,,,2024.0,public,
ed2e081f3a72,15,state,Estado de México,2025,e_capacity_per_100k,18.5023,"MW per 100,000 people",derived,S07|S02,e_capacity_per_100k,,,,2025.0,public,
ed2f8fbb8f12,15,state,Estado de México,2026,e_capacity_per_100k,19.0788,"MW per 100,000 people",estimated,S07|S02,e_capacity_per_100k,,,,2026.0,public,INCLUDES_PLANNED_OPERATION_DATES
4856e3272a2a,15,state,Estado de México,2027,e_capacity_per_100k,28.2476,"MW per 100,000 people",estimated,S07|S02,e_capacity_per_100k,,,,2026.0,public,INCLUDES_PLANNED_OPERATION_DATES
1aca186d1f48,16,state,Michoacán,2020,e_capacity_per_100k,44.6354,"MW per 100,000 people",derived,S07|S02,e_capacity_per_100k,,,,2020.0,public,SOME_START_DATES_IMPUTED
4ad44ff6eda2,16,state,Michoacán,2021,e_capacity_per_100k,44.3387,"MW per 100,000 people",derived,S07|S02,e_capacity_per_100k,,,,2021.0,public,SOME_START_DATES_IMPUTED
272dc4f1e3ec,16,state,Michoacán,2022,e_capacity_per_100k,43.9867,"MW per 100,000 people",derived,S07|S02,e_capacity_per_100k,,,,2022.0,public,SOME_START_DATES_IMPUTED
6d478fb2498a,16,state,Michoacán,2023,e_capacity_per_100k,43.2475,"MW per 100,000 people",derived,S07|S02,e_capacity_per_100k,,,,2023.0,public,
9d667452ff38,16,state,Michoacán,2024,e_capacity_per_100k,42.8317,"MW per 100,000 people",derived,S07|S02,e_capacity_per_100k,,,,2024.0,public,
9c73c2534b74,16,state,Michoacán,2025,e_capacity_per_100k,42.438,"MW per 100,000 people",derived,S07|S02,e_capacity_per_100k,,,,2025.0,public,
82eef467015f,16,state,Michoacán,2026,e_capacity_per_100k,42.0682,"MW per 100,000 people",estimated,S07|S02,e_capacity_per_100k,,,,2026.0,public,INCLUDES_PLANNED_OPERATION_DATES
c488db5e7042,16,state,Michoacán,2027,e_capacity_per_100k,41.7222,"MW per 100,000 people",estimated,S07|S02,e_capacity_per_100k,,,,2026.0,public,INCLUDES_PLANNED_OPERATION_DATES
6e4d848cd076,17,state,Morelos,2020,e_capacity_per_100k,34.6703,"MW per 100,000 people",derived,S07|S02,e_capacity_per_100k,,,,2020.0,public,SOME_START_DATES_IMPUTED
2f12d3bd47a8,17,state,Morelos,2021,e_capacity_per_100k,38.0605,"MW per 100,000 people",derived,S07|S02,e_capacity_per_100k,,,,2021.0,public,SOME_START_DATES_IMPUTED
24a55ab13943,17,state,Morelos,2022,e_capacity_per_100k,37.8944,"MW per 100,000 people",derived,S07|S02,e_capacity_per_100k,,,,2022.0,public,SOME_START_DATES_IMPUTED
43bb5a908671,17,state,Morelos,2023,e_capacity_per_100k,36.7983,"MW per 100,000 people",derived,S07|S02,e_capacity_per_100k,,,,2023.0,public,
38652765b9f2,17,state,Morelos,2024,e_capacity_per_100k,36.5637,"MW per 100,000 people",derived,S07|S02,e_capacity_per_100k,,,,2024.0,public,
d7e5c441a6b0,17,state,Morelos,2025,e_capacity_per_100k,36.3464,"MW per 100,000 people",derived,S07|S02,e_capacity_per_100k,,,,2025.0,public,
e1487e8c0a90,17,state,Morelos,2026,e_capacity_per_100k,36.1466,"MW per 100,000 people",estimated,S07|S02,e_capacity_per_100k,,,,2026.0,public,INCLUDES_PLANNED_OPERATION_DATES
aca70ef9ab96,17,state,Morelos,2027,e_capacity_per_100k,35.9633,"MW per 100,000 people",estimated,S07|S02,e_capacity_per_100k,,,,2026.0,public,INCLUDES_PLANNED_OPERATION_DATES
f2cd367b0d63,18,state,Nayarit,2020,e_capacity_per_100k,149.0544,"MW per 100,000 people",derived,S07|S02,e_capacity_per_100k,,,,2020.0,public,SOME_START_DATES_IMPUTED
6cad1d4042b7,18,state,Nayarit,2021,e_capacity_per_100k,147.6119,"MW per 100,000 people",derived,S07|S02,e_capacity_per_100k,,,,2021.0,public,SOME_START_DATES_IMPUTED
e0c442193047,18,state,Nayarit,2022,e_capacity_per_100k,146.0334,"MW per 100,000 people",derived,S07|S02,e_capacity_per_100k,,,,2022.0,public,SOME_START_DATES_IMPUTED
e969f412d1fe,18,state,Nayarit,2023,e_capacity_per_100k,142.3503,"MW per 100,000 people",derived,S07|S02,e_capacity_per_100k,,,,2023.0,public,SOME_START_DATES_IMPUTED
763fa5b6bad6,18,state,Nayarit,2024,e_capacity_per_100k,140.4533,"MW per 100,000 people",derived,S07|S02,e_capacity_per_100k,,,,2024.0,public,
cf1b7c581766,18,state,Nayarit,2025,e_capacity_per_100k,139.1932,"MW per 100,000 people",derived,S07|S02,e_capacity_per_100k,,,,2025.0,public,
e83cc600ba0f,18,state,Nayarit,2026,e_capacity_per_100k,137.7147,"MW per 100,000 people",estimated,S07|S02,e_capacity_per_100k,,,,2026.0,public,INCLUDES_PLANNED_OPERATION_DATES
3b0df51b356c,18,state,Nayarit,2027,e_capacity_per_100k,136.3373,"MW per 100,000 people",estimated,S07|S02,e_capacity_per_100k,,,,2026.0,public,INCLUDES_PLANNED_OPERATION_DATES
f26761bff4c1,19,state,Nuevo León,2020,e_capacity_per_100k,150.4852,"MW per 100,000 people",derived,S07|S02,e_capacity_per_100k,,,,2020.0,public,SOME_START_DATES_IMPUTED
26aede743a55,19,state,Nuevo León,2021,e_capacity_per_100k,153.2695,"MW per 100,000 people",derived,S07|S02,e_capacity_per_100k,,,,2021.0,public,SOME_START_DATES_IMPUTED
c3906b373d9e,19,state,Nuevo León,2022,e_capacity_per_100k,150.7416,"MW per 100,000 people",derived,S07|S02,e_capacity_per_100k,,,,2022.0,public,SOME_START_DATES_IMPUTED
9b4c15a36762,19,state,Nuevo León,2023,e_capacity_per_100k,129.3833,"MW per 100,000 people",derived,S07|S02,e_capacity_per_100k,,,,2023.0,public,SOME_START_DATES_IMPUTED
a90ee7249157,19,state,Nuevo León,2024,e_capacity_per_100k,128.4459,"MW per 100,000 people",derived,S07|S02,e_capacity_per_100k,,,,2024.0,public,SOME_START_DATES_IMPUTED
53f4c41757be,19,state,Nuevo León,2025,e_capacity_per_100k,127.6526,"MW per 100,000 people",derived,S07|S02,e_capacity_per_100k,,,,2025.0,public,
21c073f9b52b,19,state,Nuevo León,2026,e_capacity_per_100k,125.9481,"MW per 100,000 people",estimated,S07|S02,e_capacity_per_100k,,,,2026.0,public,INCLUDES_PLANNED_OPERATION_DATES
b3e700e101b1,19,state,Nuevo León,2027,e_capacity_per_100k,128.4074,"MW per 100,000 people",estimated,S07|S02,e_capacity_per_100k,,,,2026.0,public,INCLUDES_PLANNED_OPERATION_DATES
6d625e4a0292,20,state,Oaxaca,2020,e_capacity_per_100k,94.4358,"MW per 100,000 people",derived,S07|S02,e_capacity_per_100k,,,,2020.0,public,SOME_START_DATES_IMPUTED
830c856f89d6,20,state,Oaxaca,2021,e_capacity_per_100k,94.0579,"MW per 100,000 people",derived,S07|S02,e_capacity_per_100k,,,,2021.0,public,SOME_START_DATES_IMPUTED
b2d4b1cf34c6,20,state,Oaxaca,2022,e_capacity_per_100k,90.2965,"MW per 100,000 people",derived,S07|S02,e_capacity_per_100k,,,,2022.0,public,SOME_START_DATES_IMPUTED
27dcb8a25ed2,20,state,Oaxaca,2023,e_capacity_per_100k,84.8898,"MW per 100,000 people",derived,S07|S02,e_capacity_per_100k,,,,2023.0,public,
0768708394a5,20,state,Oaxaca,2024,e_capacity_per_100k,84.2638,"MW per 100,000 people",derived,S07|S02,e_capacity_per_100k,,,,2024.0,public,
d9c78dc1930c,20,state,Oaxaca,2025,e_capacity_per_100k,83.665,"MW per 100,000 people",derived,S07|S02,e_capacity_per_100k,,,,2025.0,public,
c39aa9ad76e8,20,state,Oaxaca,2026,e_capacity_per_100k,83.0978,"MW per 100,000 people",estimated,S07|S02,e_capacity_per_100k,,,,2026.0,public,INCLUDES_PLANNED_OPERATION_DATES
cf8186447e15,20,state,Oaxaca,2027,e_capacity_per_100k,82.5625,"MW per 100,000 people",estimated,S07|S02,e_capacity_per_100k,,,,2026.0,public,INCLUDES_PLANNED_OPERATION_DATES
4df75776e23b,21,state,Puebla,2020,e_capacity_per_100k,28.2064,"MW per 100,000 people",derived,S07|S02,e_capacity_per_100k,,,,2020.0,public,SOME_START_DATES_IMPUTED
9dd8d3a95401,21,state,Puebla,2021,e_capacity_per_100k,28.0618,"MW per 100,000 people",derived,S07|S02,e_capacity_per_100k,,,,2021.0,public,SOME_START_DATES_IMPUTED
2c53c471c261,21,state,Puebla,2022,e_capacity_per_100k,28.0229,"MW per 100,000 people",derived,S07|S02,e_capacity_per_100k,,,,2022.0,public,SOME_START_DATES_IMPUTED
8a54e173e630,21,state,Puebla,2023,e_capacity_per_100k,26.3308,"MW per 100,000 people",derived,S07|S02,e_capacity_per_100k,,,,2023.0,public,SOME_START_DATES_IMPUTED
4e110bcee553,21,state,Puebla,2024,e_capacity_per_100k,26.022,"MW per 100,000 people",derived,S07|S02,e_capacity_per_100k,,,,2024.0,public,SOME_START_DATES_IMPUTED
17b8a6425df6,21,state,Puebla,2025,e_capacity_per_100k,24.1973,"MW per 100,000 people",derived,S07|S02,e_capacity_per_100k,,,,2025.0,public,SOME_START_DATES_IMPUTED
8d10acf6a28b,21,state,Puebla,2026,e_capacity_per_100k,29.8853,"MW per 100,000 people",estimated,S07|S02,e_capacity_per_100k,,,,2026.0,public,INCLUDES_PLANNED_OPERATION_DATES
c9055ae622f8,21,state,Puebla,2027,e_capacity_per_100k,34.9738,"MW per 100,000 people",estimated,S07|S02,e_capacity_per_100k,,,,2026.0,public,INCLUDES_PLANNED_OPERATION_DATES
5e8fb1e8986c,22,state,Querétaro,2020,e_capacity_per_100k,52.1361,"MW per 100,000 people",derived,S07|S02,e_capacity_per_100k,,,,2020.0,public,SOME_START_DATES_IMPUTED
68a7260c4e70,22,state,Querétaro,2021,e_capacity_per_100k,51.2287,"MW per 100,000 people",derived,S07|S02,e_capacity_per_100k,,,,2021.0,public,SOME_START_DATES_IMPUTED
635561335d2a,22,state,Querétaro,2022,e_capacity_per_100k,46.3397,"MW per 100,000 people",derived,S07|S02,e_capacity_per_100k,,,,2022.0,public,SOME_START_DATES_IMPUTED
e5551843fb83,22,state,Querétaro,2023,e_capacity_per_100k,44.2857,"MW per 100,000 people",derived,S07|S02,e_capacity_per_100k,,,,2023.0,public,SOME_START_DATES_IMPUTED
277abc5d68d2,22,state,Querétaro,2024,e_capacity_per_100k,43.6495,"MW per 100,000 people",derived,S07|S02,e_capacity_per_100k,,,,2024.0,public,
b4c93ce6fe3d,22,state,Querétaro,2025,e_capacity_per_100k,42.9841,"MW per 100,000 people",derived,S07|S02,e_capacity_per_100k,,,,2025.0,public,
ac83b29ceddc,22,state,Querétaro,2026,e_capacity_per_100k,42.2432,"MW per 100,000 people",estimated,S07|S02,e_capacity_per_100k,,,,2026.0,public,INCLUDES_PLANNED_OPERATION_DATES
e06630d86710,22,state,Querétaro,2027,e_capacity_per_100k,41.5453,"MW per 100,000 people",estimated,S07|S02,e_capacity_per_100k,,,,2026.0,public,INCLUDES_PLANNED_OPERATION_DATES
80b2134727a8,23,state,Quintana Roo,2020,e_capacity_per_100k,26.8406,"MW per 100,000 people",derived,S07|S02,e_capacity_per_100k,,,,2020.0,public,SOME_START_DATES_IMPUTED
ad5c7191d890,23,state,Quintana Roo,2021,e_capacity_per_100k,26.3075,"MW per 100,000 people",derived,S07|S02,e_capacity_per_100k,,,,2021.0,public,SOME_START_DATES_IMPUTED
cc2f761fbe61,23,state,Quintana Roo,2022,e_capacity_per_100k,25.5316,"MW per 100,000 people",derived,S07|S02,e_capacity_per_100k,,,,2022.0,public,SOME_START_DATES_IMPUTED
607f6e91d2f1,23,state,Quintana Roo,2023,e_capacity_per_100k,23.3115,"MW per 100,000 people",derived,S07|S02,e_capacity_per_100k,,,,2023.0,public,SOME_START_DATES_IMPUTED
74bd62f4be99,23,state,Quintana Roo,2024,e_capacity_per_100k,21.3863,"MW per 100,000 people",derived,S07|S02,e_capacity_per_100k,,,,2024.0,public,
cc2f0b14ce7f,23,state,Quintana Roo,2025,e_capacity_per_100k,20.9741,"MW per 100,000 people",derived,S07|S02,e_capacity_per_100k,,,,2025.0,public,
f126802b414b,23,state,Quintana Roo,2026,e_capacity_per_100k,20.5877,"MW per 100,000 people",estimated,S07|S02,e_capacity_per_100k,,,,2026.0,public,INCLUDES_PLANNED_OPERATION_DATES
8365078c7897,23,state,Quintana Roo,2027,e_capacity_per_100k,20.2249,"MW per 100,000 people",estimated,S07|S02,e_capacity_per_100k,,,,2026.0,public,INCLUDES_PLANNED_OPERATION_DATES
366dbe751315,24,state,San Luis Potosí,2020,e_capacity_per_100k,183.877,"MW per 100,000 people",derived,S07|S02,e_capacity_per_100k,,,,2020.0,public,SOME_START_DATES_IMPUTED
4484218dd938,24,state,San Luis Potosí,2021,e_capacity_per_100k,183.6718,"MW per 100,000 people",derived,S07|S02,e_capacity_per_100k,,,,2021.0,public,SOME_START_DATES_IMPUTED
92f39ac29a15,24,state,San Luis Potosí,2022,e_capacity_per_100k,197.3526,"MW per 100,000 people",derived,S07|S02,e_capacity_per_100k,,,,2022.0,public,SOME_START_DATES_IMPUTED
8b6892794d62,24,state,San Luis Potosí,2023,e_capacity_per_100k,187.6296,"MW per 100,000 people",derived,S07|S02,e_capacity_per_100k,,,,2023.0,public,SOME_START_DATES_IMPUTED
bf1673d85d3d,24,state,San Luis Potosí,2024,e_capacity_per_100k,152.8252,"MW per 100,000 people",derived,S07|S02,e_capacity_per_100k,,,,2024.0,public,
aaf5b791792a,24,state,San Luis Potosí,2025,e_capacity_per_100k,151.5977,"MW per 100,000 people",derived,S07|S02,e_capacity_per_100k,,,,2025.0,public,
101feb0946eb,24,state,San Luis Potosí,2026,e_capacity_per_100k,150.4427,"MW per 100,000 people",estimated,S07|S02,e_capacity_per_100k,,,,2026.0,public,INCLUDES_PLANNED_OPERATION_DATES
d124efd3c023,24,state,San Luis Potosí,2027,e_capacity_per_100k,152.4682,"MW per 100,000 people",estimated,S07|S02,e_capacity_per_100k,,,,2026.0,public,INCLUDES_PLANNED_OPERATION_DATES
db63059371dc,25,state,Sinaloa,2020,e_capacity_per_100k,97.4893,"MW per 100,000 people",derived,S07|S02,e_capacity_per_100k,,,,2020.0,public,SOME_START_DATES_IMPUTED
876179743152,25,state,Sinaloa,2021,e_capacity_per_100k,96.9495,"MW per 100,000 people",derived,S07|S02,e_capacity_per_100k,,,,2021.0,public,SOME_START_DATES_IMPUTED
69017f26256c,25,state,Sinaloa,2022,e_capacity_per_100k,95.2541,"MW per 100,000 people",derived,S07|S02,e_capacity_per_100k,,,,2022.0,public,SOME_START_DATES_IMPUTED
c5ebd9b9ab84,25,state,Sinaloa,2023,e_capacity_per_100k,121.5799,"MW per 100,000 people",derived,S07|S02,e_capacity_per_100k,,,,2023.0,public,SOME_START_DATES_IMPUTED
f369478f4e40,25,state,Sinaloa,2024,e_capacity_per_100k,120.3812,"MW per 100,000 people",derived,S07|S02,e_capacity_per_100k,,,,2024.0,public,
67d5e76539d9,25,state,Sinaloa,2025,e_capacity_per_100k,120.7006,"MW per 100,000 people",derived,S07|S02,e_capacity_per_100k,,,,2025.0,public,
b14c4f47edee,25,state,Sinaloa,2026,e_capacity_per_100k,120.2757,"MW per 100,000 people",estimated,S07|S02,e_capacity_per_100k,,,,2026.0,public,INCLUDES_PLANNED_OPERATION_DATES
f248a6c06657,25,state,Sinaloa,2027,e_capacity_per_100k,120.328,"MW per 100,000 people",estimated,S07|S02,e_capacity_per_100k,,,,2026.0,public,INCLUDES_PLANNED_OPERATION_DATES
2d57b0758346,26,state,Sonora,2020,e_capacity_per_100k,266.5629,"MW per 100,000 people",derived,S07|S02,e_capacity_per_100k,,,,2020.0,public,SOME_START_DATES_IMPUTED
256e2b77f79d,26,state,Sonora,2021,e_capacity_per_100k,262.7144,"MW per 100,000 people",derived,S07|S02,e_capacity_per_100k,,,,2021.0,public,SOME_START_DATES_IMPUTED
ea86e0b7db1e,26,state,Sonora,2022,e_capacity_per_100k,225.6269,"MW per 100,000 people",derived,S07|S02,e_capacity_per_100k,,,,2022.0,public,SOME_START_DATES_IMPUTED
806c9afe1f3b,26,state,Sonora,2023,e_capacity_per_100k,209.1978,"MW per 100,000 people",derived,S07|S02,e_capacity_per_100k,,,,2023.0,public,SOME_START_DATES_IMPUTED
525806cda3eb,26,state,Sonora,2024,e_capacity_per_100k,218.1416,"MW per 100,000 people",derived,S07|S02,e_capacity_per_100k,,,,2024.0,public,SOME_START_DATES_IMPUTED
28846f438b94,26,state,Sonora,2025,e_capacity_per_100k,250.3345,"MW per 100,000 people",derived,S07|S02,e_capacity_per_100k,,,,2025.0,public,
503a6423a3cb,26,state,Sonora,2026,e_capacity_per_100k,248.7013,"MW per 100,000 people",estimated,S07|S02,e_capacity_per_100k,,,,2026.0,public,INCLUDES_PLANNED_OPERATION_DATES
0032287ead46,26,state,Sonora,2027,e_capacity_per_100k,256.0428,"MW per 100,000 people",estimated,S07|S02,e_capacity_per_100k,,,,2026.0,public,INCLUDES_PLANNED_OPERATION_DATES
57ce6146bc8a,27,state,Tabasco,2020,e_capacity_per_100k,37.6271,"MW per 100,000 people",derived,S07|S02,e_capacity_per_100k,,,,2020.0,public,SOME_START_DATES_IMPUTED
a8a9b9e46317,27,state,Tabasco,2021,e_capacity_per_100k,37.6627,"MW per 100,000 people",derived,S07|S02,e_capacity_per_100k,,,,2021.0,public,SOME_START_DATES_IMPUTED
7ac3ddff9b7f,27,state,Tabasco,2022,e_capacity_per_100k,42.9803,"MW per 100,000 people",derived,S07|S02,e_capacity_per_100k,,,,2022.0,public,SOME_START_DATES_IMPUTED
de25799d50e2,27,state,Tabasco,2023,e_capacity_per_100k,42.5825,"MW per 100,000 people",derived,S07|S02,e_capacity_per_100k,,,,2023.0,public,
e79775eef8b1,27,state,Tabasco,2024,e_capacity_per_100k,42.5658,"MW per 100,000 people",derived,S07|S02,e_capacity_per_100k,,,,2024.0,public,
46da2a6794fc,27,state,Tabasco,2025,e_capacity_per_100k,42.4629,"MW per 100,000 people",derived,S07|S02,e_capacity_per_100k,,,,2025.0,public,
474e29af4a1b,27,state,Tabasco,2026,e_capacity_per_100k,56.1685,"MW per 100,000 people",estimated,S07|S02,e_capacity_per_100k,,,,2026.0,public,INCLUDES_PLANNED_OPERATION_DATES
ffeb472fb198,27,state,Tabasco,2027,e_capacity_per_100k,56.0694,"MW per 100,000 people",estimated,S07|S02,e_capacity_per_100k,,,,2026.0,public,INCLUDES_PLANNED_OPERATION_DATES
5cd0fd1e8e1f,28,state,Tamaulipas,2020,e_capacity_per_100k,270.6985,"MW per 100,000 people",derived,S07|S02,e_capacity_per_100k,,,,2020.0,public,SOME_START_DATES_IMPUTED
41580311c0e5,28,state,Tamaulipas,2021,e_capacity_per_100k,271.8918,"MW per 100,000 people",derived,S07|S02,e_capacity_per_100k,,,,2021.0,public,SOME_START_DATES_IMPUTED
fb38325cc066,28,state,Tamaulipas,2022,e_capacity_per_100k,261.202,"MW per 100,000 people",derived,S07|S02,e_capacity_per_100k,,,,2022.0,public,SOME_START_DATES_IMPUTED
2d796de25423,28,state,Tamaulipas,2023,e_capacity_per_100k,243.9752,"MW per 100,000 people",derived,S07|S02,e_capacity_per_100k,,,,2023.0,public,SOME_START_DATES_IMPUTED
e6ae061b488f,28,state,Tamaulipas,2024,e_capacity_per_100k,236.4557,"MW per 100,000 people",derived,S07|S02,e_capacity_per_100k,,,,2024.0,public,SOME_START_DATES_IMPUTED
325367bcba97,28,state,Tamaulipas,2025,e_capacity_per_100k,239.6328,"MW per 100,000 people",derived,S07|S02,e_capacity_per_100k,,,,2025.0,public,
84408cbe913c,28,state,Tamaulipas,2026,e_capacity_per_100k,237.7897,"MW per 100,000 people",estimated,S07|S02,e_capacity_per_100k,,,,2026.0,public,INCLUDES_PLANNED_OPERATION_DATES
c5425ecaebca,28,state,Tamaulipas,2027,e_capacity_per_100k,244.3864,"MW per 100,000 people",estimated,S07|S02,e_capacity_per_100k,,,,2026.0,public,INCLUDES_PLANNED_OPERATION_DATES
08c25581da10,29,state,Tlaxcala,2020,e_capacity_per_100k,81.8643,"MW per 100,000 people",derived,S07|S02,e_capacity_per_100k,,,,2020.0,public,SOME_START_DATES_IMPUTED
5cb30e0aad1d,29,state,Tlaxcala,2021,e_capacity_per_100k,70.3662,"MW per 100,000 people",derived,S07|S02,e_capacity_per_100k,,,,2021.0,public,SOME_START_DATES_IMPUTED
64293683032c,29,state,Tlaxcala,2022,e_capacity_per_100k,45.985,"MW per 100,000 people",derived,S07|S02,e_capacity_per_100k,,,,2022.0,public,SOME_START_DATES_IMPUTED
b86e01c72c8c,29,state,Tlaxcala,2023,e_capacity_per_100k,37.4111,"MW per 100,000 people",derived,S07|S02,e_capacity_per_100k,,,,2023.0,public,
c451e236ee7c,29,state,Tlaxcala,2024,e_capacity_per_100k,36.9508,"MW per 100,000 people",derived,S07|S02,e_capacity_per_100k,,,,2024.0,public,
6071f76f1ee1,29,state,Tlaxcala,2025,e_capacity_per_100k,36.5112,"MW per 100,000 people",derived,S07|S02,e_capacity_per_100k,,,,2025.0,public,
87510a6d44af,29,state,Tlaxcala,2026,e_capacity_per_100k,43.1344,"MW per 100,000 people",estimated,S07|S02,e_capacity_per_100k,,,,2026.0,public,INCLUDES_PLANNED_OPERATION_DATES
932aacdca198,29,state,Tlaxcala,2027,e_capacity_per_100k,53.161,"MW per 100,000 people",estimated,S07|S02,e_capacity_per_100k,,,,2026.0,public,INCLUDES_PLANNED_OPERATION_DATES
adcc8c4579c0,30,state,Veracruz,2020,e_capacity_per_100k,158.0986,"MW per 100,000 people",derived,S07|S02,e_capacity_per_100k,,,,2020.0,public,SOME_START_DATES_IMPUTED
089a402ffe8e,30,state,Veracruz,2021,e_capacity_per_100k,159.5904,"MW per 100,000 people",derived,S07|S02,e_capacity_per_100k,,,,2021.0,public,SOME_START_DATES_IMPUTED
65fa19ec6502,30,state,Veracruz,2022,e_capacity_per_100k,159.1568,"MW per 100,000 people",derived,S07|S02,e_capacity_per_100k,,,,2022.0,public,SOME_START_DATES_IMPUTED
42f8de26db02,30,state,Veracruz,2023,e_capacity_per_100k,158.1467,"MW per 100,000 people",derived,S07|S02,e_capacity_per_100k,,,,2023.0,public,SOME_START_DATES_IMPUTED
75dd8aa4ab86,30,state,Veracruz,2024,e_capacity_per_100k,137.4927,"MW per 100,000 people",derived,S07|S02,e_capacity_per_100k,,,,2024.0,public,SOME_START_DATES_IMPUTED
9d18d1060a0d,30,state,Veracruz,2025,e_capacity_per_100k,122.3949,"MW per 100,000 people",derived,S07|S02,e_capacity_per_100k,,,,2025.0,public,
053602800f18,30,state,Veracruz,2026,e_capacity_per_100k,122.5525,"MW per 100,000 people",estimated,S07|S02,e_capacity_per_100k,,,,2026.0,public,INCLUDES_PLANNED_OPERATION_DATES
b9e4e02c7999,30,state,Veracruz,2027,e_capacity_per_100k,122.7413,"MW per 100,000 people",estimated,S07|S02,e_capacity_per_100k,,,,2026.0,public,INCLUDES_PLANNED_OPERATION_DATES
b7c8a781455c,31,state,Yucatán,2020,e_capacity_per_100k,250.2515,"MW per 100,000 people",derived,S07|S02,e_capacity_per_100k,,,,2020.0,public,SOME_START_DATES_IMPUTED
ab20e792bae5,31,state,Yucatán,2021,e_capacity_per_100k,247.3542,"MW per 100,000 people",derived,S07|S02,e_capacity_per_100k,,,,2021.0,public,SOME_START_DATES_IMPUTED
07bf44335836,31,state,Yucatán,2022,e_capacity_per_100k,231.2737,"MW per 100,000 people",derived,S07|S02,e_capacity_per_100k,,,,2022.0,public,SOME_START_DATES_IMPUTED
4bdda7b5990d,31,state,Yucatán,2023,e_capacity_per_100k,222.2842,"MW per 100,000 people",derived,S07|S02,e_capacity_per_100k,,,,2023.0,public,SOME_START_DATES_IMPUTED
984c7d0dc493,31,state,Yucatán,2024,e_capacity_per_100k,175.0221,"MW per 100,000 people",derived,S07|S02,e_capacity_per_100k,,,,2024.0,public,SOME_START_DATES_IMPUTED
1e7556fa530a,31,state,Yucatán,2025,e_capacity_per_100k,155.3038,"MW per 100,000 people",derived,S07|S02,e_capacity_per_100k,,,,2025.0,public,
ca1fe30e21f4,31,state,Yucatán,2026,e_capacity_per_100k,160.2298,"MW per 100,000 people",estimated,S07|S02,e_capacity_per_100k,,,,2026.0,public,INCLUDES_PLANNED_OPERATION_DATES
41487041946b,31,state,Yucatán,2027,e_capacity_per_100k,169.0988,"MW per 100,000 people",estimated,S07|S02,e_capacity_per_100k,,,,2026.0,public,INCLUDES_PLANNED_OPERATION_DATES
d35e4ce6cdbc,32,state,Zacatecas,2020,e_capacity_per_100k,142.3428,"MW per 100,000 people",derived,S07|S02,e_capacity_per_100k,,,,2020.0,public,SOME_START_DATES_IMPUTED
e68bc81cfe19,32,state,Zacatecas,2021,e_capacity_per_100k,141.6235,"MW per 100,000 people",derived,S07|S02,e_capacity_per_100k,,,,2021.0,public,SOME_START_DATES_IMPUTED
71326feb46ee,32,state,Zacatecas,2022,e_capacity_per_100k,93.0853,"MW per 100,000 people",derived,S07|S02,e_capacity_per_100k,,,,2022.0,public,SOME_START_DATES_IMPUTED
8c5f57f277c5,32,state,Zacatecas,2023,e_capacity_per_100k,58.6306,"MW per 100,000 people",derived,S07|S02,e_capacity_per_100k,,,,2023.0,public,SOME_START_DATES_IMPUTED
b6e456cd9cdb,32,state,Zacatecas,2024,e_capacity_per_100k,53.422,"MW per 100,000 people",derived,S07|S02,e_capacity_per_100k,,,,2024.0,public,SOME_START_DATES_IMPUTED
6762c5749e08,32,state,Zacatecas,2025,e_capacity_per_100k,52.964,"MW per 100,000 people",derived,S07|S02,e_capacity_per_100k,,,,2025.0,public,SOME_START_DATES_IMPUTED
2e626bb29d37,32,state,Zacatecas,2026,e_capacity_per_100k,48.7139,"MW per 100,000 people",estimated,S07|S02,e_capacity_per_100k,,,,2026.0,public,INCLUDES_PLANNED_OPERATION_DATES
c778dfa75313,32,state,Zacatecas,2027,e_capacity_per_100k,89.3908,"MW per 100,000 people",estimated,S07|S02,e_capacity_per_100k,,,,2026.0,public,INCLUDES_PLANNED_OPERATION_DATES
793afcebd943,01,state,Aguascalientes,2020,e_combustion_share,18.886,% of authorized MW,derived,S07,e_combustion_share,,,,2020.0,public,SOME_START_DATES_IMPUTED
8dfa4e3aa03e,01,state,Aguascalientes,2021,e_combustion_share,18.886,% of authorized MW,derived,S07,e_combustion_share,,,,2021.0,public,SOME_START_DATES_IMPUTED
68ccb3b52172,01,state,Aguascalientes,2022,e_combustion_share,1.01,% of authorized MW,derived,S07,e_combustion_share,,,,2022.0,public,SOME_START_DATES_IMPUTED
4807fa91cd71,01,state,Aguascalientes,2023,e_combustion_share,0.737,% of authorized MW,derived,S07,e_combustion_share,,,,2023.0,public,SOME_START_DATES_IMPUTED
ec83b9a8c559,01,state,Aguascalientes,2024,e_combustion_share,0.864,% of authorized MW,derived,S07,e_combustion_share,,,,2024.0,public,
1414885d9f19,01,state,Aguascalientes,2025,e_combustion_share,0.797,% of authorized MW,derived,S07,e_combustion_share,,,,2025.0,public,
9bbc5cf45d41,01,state,Aguascalientes,2026,e_combustion_share,0.797,% of authorized MW,estimated,S07,e_combustion_share,,,,2026.0,public,INCLUDES_PLANNED_OPERATION_DATES
50abe1db4532,01,state,Aguascalientes,2027,e_combustion_share,13.867,% of authorized MW,estimated,S07,e_combustion_share,,,,2026.0,public,INCLUDES_PLANNED_OPERATION_DATES
a5fb9cad0e88,02,state,Baja California,2020,e_combustion_share,81.93,% of authorized MW,derived,S07,e_combustion_share,,,,2020.0,public,SOME_START_DATES_IMPUTED
8e6ceed918ca,02,state,Baja California,2021,e_combustion_share,80.531,% of authorized MW,derived,S07,e_combustion_share,,,,2021.0,public,SOME_START_DATES_IMPUTED
cb451af3cac4,02,state,Baja California,2022,e_combustion_share,82.264,% of authorized MW,derived,S07,e_combustion_share,,,,2022.0,public,SOME_START_DATES_IMPUTED
7c5b669223f1,02,state,Baja California,2023,e_combustion_share,81.281,% of authorized MW,derived,S07,e_combustion_share,,,,2023.0,public,SOME_START_DATES_IMPUTED
199ce3a3c840,02,state,Baja California,2024,e_combustion_share,81.345,% of authorized MW,derived,S07,e_combustion_share,,,,2024.0,public,SOME_START_DATES_IMPUTED
bc91f4d602b0,02,state,Baja California,2025,e_combustion_share,84.602,% of authorized MW,derived,S07,e_combustion_share,,,,2025.0,public,
4fe759ef2552,02,state,Baja California,2026,e_combustion_share,82.177,% of authorized MW,estimated,S07,e_combustion_share,,,,2026.0,public,INCLUDES_PLANNED_OPERATION_DATES
e52bd4a26db2,02,state,Baja California,2027,e_combustion_share,74.08,% of authorized MW,estimated,S07,e_combustion_share,,,,2026.0,public,INCLUDES_PLANNED_OPERATION_DATES
a5a9a408d650,03,state,Baja California Sur,2020,e_combustion_share,93.723,% of authorized MW,derived,S07,e_combustion_share,,,,2020.0,public,SOME_START_DATES_IMPUTED
e8a379f2bf5c,03,state,Baja California Sur,2021,e_combustion_share,92.324,% of authorized MW,derived,S07,e_combustion_share,,,,2021.0,public,SOME_START_DATES_IMPUTED
ade1b34a3dde,03,state,Baja California Sur,2022,e_combustion_share,88.267,% of authorized MW,derived,S07,e_combustion_share,,,,2022.0,public,SOME_START_DATES_IMPUTED
65933d09777b,03,state,Baja California Sur,2023,e_combustion_share,88.546,% of authorized MW,derived,S07,e_combustion_share,,,,2023.0,public,SOME_START_DATES_IMPUTED
4723803cc44f,03,state,Baja California Sur,2024,e_combustion_share,89.976,% of authorized MW,derived,S07,e_combustion_share,,,,2024.0,public,SOME_START_DATES_IMPUTED
8bc32515ccb3,03,state,Baja California Sur,2025,e_combustion_share,90.236,% of authorized MW,derived,S07,e_combustion_share,,,,2025.0,public,
74d0ddf752bf,03,state,Baja California Sur,2026,e_combustion_share,90.236,% of authorized MW,estimated,S07,e_combustion_share,,,,2026.0,public,INCLUDES_PLANNED_OPERATION_DATES
9a3380452c2e,03,state,Baja California Sur,2027,e_combustion_share,90.236,% of authorized MW,estimated,S07,e_combustion_share,,,,2026.0,public,INCLUDES_PLANNED_OPERATION_DATES
0b93a2dac90c,04,state,Campeche,2020,e_combustion_share,72.182,% of authorized MW,derived,S07,e_combustion_share,,,,2020.0,public,SOME_START_DATES_IMPUTED
618f29c89673,04,state,Campeche,2021,e_combustion_share,65.195,% of authorized MW,derived,S07,e_combustion_share,,,,2021.0,public,SOME_START_DATES_IMPUTED
80ed28ace3b5,04,state,Campeche,2022,e_combustion_share,69.022,% of authorized MW,derived,S07,e_combustion_share,,,,2022.0,public,SOME_START_DATES_IMPUTED
fbc6d22d8ade,04,state,Campeche,2023,e_combustion_share,87.071,% of authorized MW,derived,S07,e_combustion_share,,,,2023.0,public,
645fccd1ad48,04,state,Campeche,2024,e_combustion_share,87.071,% of authorized MW,derived,S07,e_combustion_share,,,,2024.0,public,
a71d0f8dea11,04,state,Campeche,2025,e_combustion_share,70.593,% of authorized MW,derived,S07,e_combustion_share,,,,2025.0,public,
b71fc26a65f8,04,state,Campeche,2026,e_combustion_share,70.593,% of authorized MW,estimated,S07,e_combustion_share,,,,2026.0,public,INCLUDES_PLANNED_OPERATION_DATES
d97c9d536f79,04,state,Campeche,2027,e_combustion_share,67.287,% of authorized MW,estimated,S07,e_combustion_share,,,,2026.0,public,INCLUDES_PLANNED_OPERATION_DATES
b4382b459069,05,state,Coahuila,2020,e_combustion_share,62.263,% of authorized MW,derived,S07,e_combustion_share,,,,2020.0,public,SOME_START_DATES_IMPUTED
13929d0a6520,05,state,Coahuila,2021,e_combustion_share,61.189,% of authorized MW,derived,S07,e_combustion_share,,,,2021.0,public,SOME_START_DATES_IMPUTED
75768df83ed6,05,state,Coahuila,2022,e_combustion_share,65.256,% of authorized MW,derived,S07,e_combustion_share,,,,2022.0,public,SOME_START_DATES_IMPUTED
73c32682345f,05,state,Coahuila,2023,e_combustion_share,67.421,% of authorized MW,derived,S07,e_combustion_share,,,,2023.0,public,SOME_START_DATES_IMPUTED
74281d4c394a,05,state,Coahuila,2024,e_combustion_share,64.746,% of authorized MW,derived,S07,e_combustion_share,,,,2024.0,public,
115b4ca0579f,05,state,Coahuila,2025,e_combustion_share,64.746,% of authorized MW,derived,S07,e_combustion_share,,,,2025.0,public,
b2772b21e436,05,state,Coahuila,2026,e_combustion_share,62.876,% of authorized MW,estimated,S07,e_combustion_share,,,,2026.0,public,INCLUDES_PLANNED_OPERATION_DATES
29204910f091,05,state,Coahuila,2027,e_combustion_share,60.7,% of authorized MW,estimated,S07,e_combustion_share,,,,2026.0,public,INCLUDES_PLANNED_OPERATION_DATES
3031cf80b005,06,state,Colima,2020,e_combustion_share,100.0,% of authorized MW,derived,S07,e_combustion_share,,,,2020.0,public,SOME_START_DATES_IMPUTED
15227f60ce08,06,state,Colima,2021,e_combustion_share,100.0,% of authorized MW,derived,S07,e_combustion_share,,,,2021.0,public,SOME_START_DATES_IMPUTED
61306d073c51,06,state,Colima,2022,e_combustion_share,100.0,% of authorized MW,derived,S07,e_combustion_share,,,,2022.0,public,SOME_START_DATES_IMPUTED
0694f60f265e,06,state,Colima,2023,e_combustion_share,100.0,% of authorized MW,derived,S07,e_combustion_share,,,,2023.0,public,
70b919157504,06,state,Colima,2024,e_combustion_share,100.0,% of authorized MW,derived,S07,e_combustion_share,,,,2024.0,public,
c14dfe83659a,06,state,Colima,2025,e_combustion_share,100.0,% of authorized MW,derived,S07,e_combustion_share,,,,2025.0,public,
b548643e30b8,06,state,Colima,2026,e_combustion_share,100.0,% of authorized MW,estimated,S07,e_combustion_share,,,,2026.0,public,INCLUDES_PLANNED_OPERATION_DATES
95225fb98993,06,state,Colima,2027,e_combustion_share,100.0,% of authorized MW,estimated,S07,e_combustion_share,,,,2026.0,public,INCLUDES_PLANNED_OPERATION_DATES
a5201b5caece,07,state,Chiapas,2020,e_combustion_share,1.902,% of authorized MW,derived,S07,e_combustion_share,,,,2020.0,public,SOME_START_DATES_IMPUTED
791ccd8aba57,07,state,Chiapas,2021,e_combustion_share,1.902,% of authorized MW,derived,S07,e_combustion_share,,,,2021.0,public,SOME_START_DATES_IMPUTED
d79f614abec2,07,state,Chiapas,2022,e_combustion_share,1.902,% of authorized MW,derived,S07,e_combustion_share,,,,2022.0,public,SOME_START_DATES_IMPUTED
b6051ef2c4d2,07,state,Chiapas,2023,e_combustion_share,1.912,% of authorized MW,derived,S07,e_combustion_share,,,,2023.0,public,SOME_START_DATES_IMPUTED
edd6831ee39f,07,state,Chiapas,2024,e_combustion_share,1.935,% of authorized MW,derived,S07,e_combustion_share,,,,2024.0,public,
c7d30660719a,07,state,Chiapas,2025,e_combustion_share,1.935,% of authorized MW,derived,S07,e_combustion_share,,,,2025.0,public,
d9413ba3bd23,07,state,Chiapas,2026,e_combustion_share,1.935,% of authorized MW,estimated,S07,e_combustion_share,,,,2026.0,public,INCLUDES_PLANNED_OPERATION_DATES
c69f77500281,07,state,Chiapas,2027,e_combustion_share,1.935,% of authorized MW,estimated,S07,e_combustion_share,,,,2026.0,public,INCLUDES_PLANNED_OPERATION_DATES
f1495febc745,08,state,Chihuahua,2020,e_combustion_share,62.942,% of authorized MW,derived,S07,e_combustion_share,,,,2020.0,public,SOME_START_DATES_IMPUTED
532cf22b2533,08,state,Chihuahua,2021,e_combustion_share,61.727,% of authorized MW,derived,S07,e_combustion_share,,,,2021.0,public,SOME_START_DATES_IMPUTED
1fb679bb94fa,08,state,Chihuahua,2022,e_combustion_share,66.268,% of authorized MW,derived,S07,e_combustion_share,,,,2022.0,public,SOME_START_DATES_IMPUTED
9f359bc6f90c,08,state,Chihuahua,2023,e_combustion_share,72.535,% of authorized MW,derived,S07,e_combustion_share,,,,2023.0,public,SOME_START_DATES_IMPUTED
a8a3d3f3bb10,08,state,Chihuahua,2024,e_combustion_share,76.292,% of authorized MW,derived,S07,e_combustion_share,,,,2024.0,public,SOME_START_DATES_IMPUTED
b06a76bcd897,08,state,Chihuahua,2025,e_combustion_share,75.806,% of authorized MW,derived,S07,e_combustion_share,,,,2025.0,public,
8e2122290242,08,state,Chihuahua,2026,e_combustion_share,75.48,% of authorized MW,estimated,S07,e_combustion_share,,,,2026.0,public,INCLUDES_PLANNED_OPERATION_DATES
4ce420fc21ae,08,state,Chihuahua,2027,e_combustion_share,72.933,% of authorized MW,estimated,S07,e_combustion_share,,,,2026.0,public,INCLUDES_PLANNED_OPERATION_DATES
c88061a7a880,09,state,Ciudad de México,2020,e_combustion_share,100.0,% of authorized MW,derived,S07,e_combustion_share,,,,2020.0,public,SOME_START_DATES_IMPUTED
2f25e7a573dd,09,state,Ciudad de México,2021,e_combustion_share,99.557,% of authorized MW,derived,S07,e_combustion_share,,,,2021.0,public,SOME_START_DATES_IMPUTED
bdde47b277b6,09,state,Ciudad de México,2022,e_combustion_share,93.827,% of authorized MW,derived,S07,e_combustion_share,,,,2022.0,public,SOME_START_DATES_IMPUTED
3a65d88bc889,09,state,Ciudad de México,2023,e_combustion_share,99.495,% of authorized MW,derived,S07,e_combustion_share,,,,2023.0,public,
ee843b96c224,09,state,Ciudad de México,2024,e_combustion_share,95.222,% of authorized MW,derived,S07,e_combustion_share,,,,2024.0,public,
d13762160af0,09,state,Ciudad de México,2025,e_combustion_share,95.222,% of authorized MW,derived,S07,e_combustion_share,,,,2025.0,public,
7ffd55761aad,09,state,Ciudad de México,2026,e_combustion_share,95.222,% of authorized MW,estimated,S07,e_combustion_share,,,,2026.0,public,INCLUDES_PLANNED_OPERATION_DATES
83ea17e95e4d,09,state,Ciudad de México,2027,e_combustion_share,95.222,% of authorized MW,estimated,S07,e_combustion_share,,,,2026.0,public,INCLUDES_PLANNED_OPERATION_DATES
8c4e147101e8,10,state,Durango,2020,e_combustion_share,80.697,% of authorized MW,derived,S07,e_combustion_share,,,,2020.0,public,SOME_START_DATES_IMPUTED
27413803b681,10,state,Durango,2021,e_combustion_share,80.1,% of authorized MW,derived,S07,e_combustion_share,,,,2021.0,public,SOME_START_DATES_IMPUTED
c608cd46c2fa,10,state,Durango,2022,e_combustion_share,84.545,% of authorized MW,derived,S07,e_combustion_share,,,,2022.0,public,SOME_START_DATES_IMPUTED
977915aac146,10,state,Durango,2023,e_combustion_share,81.462,% of authorized MW,derived,S07,e_combustion_share,,,,2023.0,public,
164a79ce1e11,10,state,Durango,2024,e_combustion_share,78.617,% of authorized MW,derived,S07,e_combustion_share,,,,2024.0,public,
818e60077ec3,10,state,Durango,2025,e_combustion_share,78.617,% of authorized MW,derived,S07,e_combustion_share,,,,2025.0,public,
af1939eead61,10,state,Durango,2026,e_combustion_share,74.441,% of authorized MW,estimated,S07,e_combustion_share,,,,2026.0,public,INCLUDES_PLANNED_OPERATION_DATES
18cc3fef24c8,10,state,Durango,2027,e_combustion_share,74.441,% of authorized MW,estimated,S07,e_combustion_share,,,,2026.0,public,INCLUDES_PLANNED_OPERATION_DATES
36356cb459c7,11,state,Guanajuato,2020,e_combustion_share,86.566,% of authorized MW,derived,S07,e_combustion_share,,,,2020.0,public,SOME_START_DATES_IMPUTED
02c85188753c,11,state,Guanajuato,2021,e_combustion_share,87.073,% of authorized MW,derived,S07,e_combustion_share,,,,2021.0,public,SOME_START_DATES_IMPUTED
b1c4fe2618c4,11,state,Guanajuato,2022,e_combustion_share,83.673,% of authorized MW,derived,S07,e_combustion_share,,,,2022.0,public,SOME_START_DATES_IMPUTED
2923b2a272bb,11,state,Guanajuato,2023,e_combustion_share,80.69,% of authorized MW,derived,S07,e_combustion_share,,,,2023.0,public,SOME_START_DATES_IMPUTED
4cda7fbf3677,11,state,Guanajuato,2024,e_combustion_share,83.564,% of authorized MW,derived,S07,e_combustion_share,,,,2024.0,public,SOME_START_DATES_IMPUTED
a22009bdb446,11,state,Guanajuato,2025,e_combustion_share,79.387,% of authorized MW,derived,S07,e_combustion_share,,,,2025.0,public,
45f0f5ac03b6,11,state,Guanajuato,2026,e_combustion_share,83.809,% of authorized MW,estimated,S07,e_combustion_share,,,,2026.0,public,INCLUDES_PLANNED_OPERATION_DATES
3cba56024206,11,state,Guanajuato,2027,e_combustion_share,80.754,% of authorized MW,estimated,S07,e_combustion_share,,,,2026.0,public,INCLUDES_PLANNED_OPERATION_DATES
2d18f1b0f091,12,state,Guerrero,2020,e_combustion_share,78.555,% of authorized MW,derived,S07,e_combustion_share,,,,2020.0,public,SOME_START_DATES_IMPUTED
81c719b22104,12,state,Guerrero,2021,e_combustion_share,78.555,% of authorized MW,derived,S07,e_combustion_share,,,,2021.0,public,SOME_START_DATES_IMPUTED
89d8d4e1fb6c,12,state,Guerrero,2022,e_combustion_share,79.157,% of authorized MW,derived,S07,e_combustion_share,,,,2022.0,public,SOME_START_DATES_IMPUTED
420cb9aad864,12,state,Guerrero,2023,e_combustion_share,79.157,% of authorized MW,derived,S07,e_combustion_share,,,,2023.0,public,SOME_START_DATES_IMPUTED
7487a6535ed0,12,state,Guerrero,2024,e_combustion_share,79.737,% of authorized MW,derived,S07,e_combustion_share,,,,2024.0,public,
2c77d84f5740,12,state,Guerrero,2025,e_combustion_share,79.737,% of authorized MW,derived,S07,e_combustion_share,,,,2025.0,public,
4dd2675bc644,12,state,Guerrero,2026,e_combustion_share,79.737,% of authorized MW,estimated,S07,e_combustion_share,,,,2026.0,public,INCLUDES_PLANNED_OPERATION_DATES
64346492904f,12,state,Guerrero,2027,e_combustion_share,79.737,% of authorized MW,estimated,S07,e_combustion_share,,,,2026.0,public,INCLUDES_PLANNED_OPERATION_DATES
4f50fb633992,13,state,Hidalgo,2020,e_combustion_share,75.307,% of authorized MW,derived,S07,e_combustion_share,,,,2020.0,public,SOME_START_DATES_IMPUTED
12f3dd0ec062,13,state,Hidalgo,2021,e_combustion_share,72.504,% of authorized MW,derived,S07,e_combustion_share,,,,2021.0,public,SOME_START_DATES_IMPUTED
07a0c268656f,13,state,Hidalgo,2022,e_combustion_share,68.779,% of authorized MW,derived,S07,e_combustion_share,,,,2022.0,public,SOME_START_DATES_IMPUTED
821be169eaa1,13,state,Hidalgo,2023,e_combustion_share,79.343,% of authorized MW,derived,S07,e_combustion_share,,,,2023.0,public,SOME_START_DATES_IMPUTED
00fa8ff7ff36,13,state,Hidalgo,2024,e_combustion_share,79.978,% of authorized MW,derived,S07,e_combustion_share,,,,2024.0,public,
6f52498bf18a,13,state,Hidalgo,2025,e_combustion_share,79.978,% of authorized MW,derived,S07,e_combustion_share,,,,2025.0,public,
e498a4fc7a35,13,state,Hidalgo,2026,e_combustion_share,79.978,% of authorized MW,estimated,S07,e_combustion_share,,,,2026.0,public,INCLUDES_PLANNED_OPERATION_DATES
f9a5e87fb366,13,state,Hidalgo,2027,e_combustion_share,70.719,% of authorized MW,estimated,S07,e_combustion_share,,,,2026.0,public,INCLUDES_PLANNED_OPERATION_DATES
1d772a24c317,14,state,Jalisco,2020,e_combustion_share,53.827,% of authorized MW,derived,S07,e_combustion_share,,,,2020.0,public,SOME_START_DATES_IMPUTED
6541a2b2ae7c,14,state,Jalisco,2021,e_combustion_share,50.313,% of authorized MW,derived,S07,e_combustion_share,,,,2021.0,public,SOME_START_DATES_IMPUTED
54f3ca5b2f6b,14,state,Jalisco,2022,e_combustion_share,41.3,% of authorized MW,derived,S07,e_combustion_share,,,,2022.0,public,SOME_START_DATES_IMPUTED
de587e7a5167,14,state,Jalisco,2023,e_combustion_share,34.876,% of authorized MW,derived,S07,e_combustion_share,,,,2023.0,public,SOME_START_DATES_IMPUTED
1bb65b4ca132,14,state,Jalisco,2024,e_combustion_share,39.416,% of authorized MW,derived,S07,e_combustion_share,,,,2024.0,public,SOME_START_DATES_IMPUTED
b206411e245a,14,state,Jalisco,2025,e_combustion_share,38.789,% of authorized MW,derived,S07,e_combustion_share,,,,2025.0,public,
49dc4774361e,14,state,Jalisco,2026,e_combustion_share,39.065,% of authorized MW,estimated,S07,e_combustion_share,,,,2026.0,public,INCLUDES_PLANNED_OPERATION_DATES
b107516c7e0f,14,state,Jalisco,2027,e_combustion_share,39.065,% of authorized MW,estimated,S07,e_combustion_share,,,,2026.0,public,INCLUDES_PLANNED_OPERATION_DATES
7a61abd9116d,15,state,Estado de México,2020,e_combustion_share,89.494,% of authorized MW,derived,S07,e_combustion_share,,,,2020.0,public,SOME_START_DATES_IMPUTED
1eab4627be28,15,state,Estado de México,2021,e_combustion_share,91.202,% of authorized MW,derived,S07,e_combustion_share,,,,2021.0,public,SOME_START_DATES_IMPUTED
675d023c5da9,15,state,Estado de México,2022,e_combustion_share,97.695,% of authorized MW,derived,S07,e_combustion_share,,,,2022.0,public,SOME_START_DATES_IMPUTED
6d8c94f61c05,15,state,Estado de México,2023,e_combustion_share,96.795,% of authorized MW,derived,S07,e_combustion_share,,,,2023.0,public,SOME_START_DATES_IMPUTED
9e7a746152ff,15,state,Estado de México,2024,e_combustion_share,96.622,% of authorized MW,derived,S07,e_combustion_share,,,,2024.0,public,
d5ac69dcd0cd,15,state,Estado de México,2025,e_combustion_share,96.641,% of authorized MW,derived,S07,e_combustion_share,,,,2025.0,public,
dac38024e927,15,state,Estado de México,2026,e_combustion_share,93.693,% of authorized MW,estimated,S07,e_combustion_share,,,,2026.0,public,INCLUDES_PLANNED_OPERATION_DATES
7ede2e687e92,15,state,Estado de México,2027,e_combustion_share,95.762,% of authorized MW,estimated,S07,e_combustion_share,,,,2026.0,public,INCLUDES_PLANNED_OPERATION_DATES
1ae24675a88e,16,state,Michoacán,2020,e_combustion_share,5.796,% of authorized MW,derived,S07,e_combustion_share,,,,2020.0,public,SOME_START_DATES_IMPUTED
f61ffff7a372,16,state,Michoacán,2021,e_combustion_share,5.796,% of authorized MW,derived,S07,e_combustion_share,,,,2021.0,public,SOME_START_DATES_IMPUTED
f5a3d6ef3c52,16,state,Michoacán,2022,e_combustion_share,5.796,% of authorized MW,derived,S07,e_combustion_share,,,,2022.0,public,SOME_START_DATES_IMPUTED
3936943a938c,16,state,Michoacán,2023,e_combustion_share,5.136,% of authorized MW,derived,S07,e_combustion_share,,,,2023.0,public,
a29789cf708a,16,state,Michoacán,2024,e_combustion_share,5.136,% of authorized MW,derived,S07,e_combustion_share,,,,2024.0,public,
227dac20a6b5,16,state,Michoacán,2025,e_combustion_share,5.136,% of authorized MW,derived,S07,e_combustion_share,,,,2025.0,public,
d8a8530873b9,16,state,Michoacán,2026,e_combustion_share,5.136,% of authorized MW,estimated,S07,e_combustion_share,,,,2026.0,public,INCLUDES_PLANNED_OPERATION_DATES
f31207e074fe,16,state,Michoacán,2027,e_combustion_share,5.136,% of authorized MW,estimated,S07,e_combustion_share,,,,2026.0,public,INCLUDES_PLANNED_OPERATION_DATES
f015861280cb,17,state,Morelos,2020,e_combustion_share,98.266,% of authorized MW,derived,S07,e_combustion_share,,,,2020.0,public,SOME_START_DATES_IMPUTED
d8f5d77e12a0,17,state,Morelos,2021,e_combustion_share,89.267,% of authorized MW,derived,S07,e_combustion_share,,,,2021.0,public,SOME_START_DATES_IMPUTED
3bf5efc797ad,17,state,Morelos,2022,e_combustion_share,89.267,% of authorized MW,derived,S07,e_combustion_share,,,,2022.0,public,SOME_START_DATES_IMPUTED
79b8839b216f,17,state,Morelos,2023,e_combustion_share,90.633,% of authorized MW,derived,S07,e_combustion_share,,,,2023.0,public,
dd3cd7ece0f2,17,state,Morelos,2024,e_combustion_share,90.633,% of authorized MW,derived,S07,e_combustion_share,,,,2024.0,public,
70d2bbb79997,17,state,Morelos,2025,e_combustion_share,90.633,% of authorized MW,derived,S07,e_combustion_share,,,,2025.0,public,
7b5733b9e5b3,17,state,Morelos,2026,e_combustion_share,90.633,% of authorized MW,estimated,S07,e_combustion_share,,,,2026.0,public,INCLUDES_PLANNED_OPERATION_DATES
5ec1cc5a8003,17,state,Morelos,2027,e_combustion_share,90.633,% of authorized MW,estimated,S07,e_combustion_share,,,,2026.0,public,INCLUDES_PLANNED_OPERATION_DATES
5aeece9f0084,18,state,Nayarit,2020,e_combustion_share,2.636,% of authorized MW,derived,S07,e_combustion_share,,,,2020.0,public,SOME_START_DATES_IMPUTED
18232066b112,18,state,Nayarit,2021,e_combustion_share,2.636,% of authorized MW,derived,S07,e_combustion_share,,,,2021.0,public,SOME_START_DATES_IMPUTED
7c50dae257ef,18,state,Nayarit,2022,e_combustion_share,2.636,% of authorized MW,derived,S07,e_combustion_share,,,,2022.0,public,SOME_START_DATES_IMPUTED
04b2c6ebade9,18,state,Nayarit,2023,e_combustion_share,2.671,% of authorized MW,derived,S07,e_combustion_share,,,,2023.0,public,SOME_START_DATES_IMPUTED
fe14c52f8a18,18,state,Nayarit,2024,e_combustion_share,2.51,% of authorized MW,derived,S07,e_combustion_share,,,,2024.0,public,
41495786cbca,18,state,Nayarit,2025,e_combustion_share,2.73,% of authorized MW,derived,S07,e_combustion_share,,,,2025.0,public,
48f754f0b5f6,18,state,Nayarit,2026,e_combustion_share,2.73,% of authorized MW,estimated,S07,e_combustion_share,,,,2026.0,public,INCLUDES_PLANNED_OPERATION_DATES
abb4ef484edd,18,state,Nayarit,2027,e_combustion_share,2.73,% of authorized MW,estimated,S07,e_combustion_share,,,,2026.0,public,INCLUDES_PLANNED_OPERATION_DATES
bc65b8a68e03,19,state,Nuevo León,2020,e_combustion_share,93.075,% of authorized MW,derived,S07,e_combustion_share,,,,2020.0,public,SOME_START_DATES_IMPUTED
b043ff85bf6f,19,state,Nuevo León,2021,e_combustion_share,89.999,% of authorized MW,derived,S07,e_combustion_share,,,,2021.0,public,SOME_START_DATES_IMPUTED
b7a1b48103a2,19,state,Nuevo León,2022,e_combustion_share,89.996,% of authorized MW,derived,S07,e_combustion_share,,,,2022.0,public,SOME_START_DATES_IMPUTED
007c296c29b9,19,state,Nuevo León,2023,e_combustion_share,88.545,% of authorized MW,derived,S07,e_combustion_share,,,,2023.0,public,SOME_START_DATES_IMPUTED
c537bf535f08,19,state,Nuevo León,2024,e_combustion_share,87.692,% of authorized MW,derived,S07,e_combustion_share,,,,2024.0,public,SOME_START_DATES_IMPUTED
ca1baa97d84b,19,state,Nuevo León,2025,e_combustion_share,87.818,% of authorized MW,derived,S07,e_combustion_share,,,,2025.0,public,
26e009ac0e34,19,state,Nuevo León,2026,e_combustion_share,87.784,% of authorized MW,estimated,S07,e_combustion_share,,,,2026.0,public,INCLUDES_PLANNED_OPERATION_DATES
00c72613403c,19,state,Nuevo León,2027,e_combustion_share,85.258,% of authorized MW,estimated,S07,e_combustion_share,,,,2026.0,public,INCLUDES_PLANNED_OPERATION_DATES
28e1c968e5c1,20,state,Oaxaca,2020,e_combustion_share,8.79,% of authorized MW,derived,S07,e_combustion_share,,,,2020.0,public,SOME_START_DATES_IMPUTED
5eb73c2dd512,20,state,Oaxaca,2021,e_combustion_share,8.79,% of authorized MW,derived,S07,e_combustion_share,,,,2021.0,public,SOME_START_DATES_IMPUTED
18f5e493f81f,20,state,Oaxaca,2022,e_combustion_share,6.005,% of authorized MW,derived,S07,e_combustion_share,,,,2022.0,public,SOME_START_DATES_IMPUTED
78db7473f3d4,20,state,Oaxaca,2023,e_combustion_share,6.34,% of authorized MW,derived,S07,e_combustion_share,,,,2023.0,public,
ab8e1a936434,20,state,Oaxaca,2024,e_combustion_share,6.34,% of authorized MW,derived,S07,e_combustion_share,,,,2024.0,public,
27b253eda09c,20,state,Oaxaca,2025,e_combustion_share,6.34,% of authorized MW,derived,S07,e_combustion_share,,,,2025.0,public,
b7e28efb5510,20,state,Oaxaca,2026,e_combustion_share,6.34,% of authorized MW,estimated,S07,e_combustion_share,,,,2026.0,public,INCLUDES_PLANNED_OPERATION_DATES
ec3bafd18712,20,state,Oaxaca,2027,e_combustion_share,6.34,% of authorized MW,estimated,S07,e_combustion_share,,,,2026.0,public,INCLUDES_PLANNED_OPERATION_DATES
50244805c8f5,21,state,Puebla,2020,e_combustion_share,30.149,% of authorized MW,derived,S07,e_combustion_share,,,,2020.0,public,SOME_START_DATES_IMPUTED
db0782510821,21,state,Puebla,2021,e_combustion_share,30.064,% of authorized MW,derived,S07,e_combustion_share,,,,2021.0,public,SOME_START_DATES_IMPUTED
95e6bb177c8d,21,state,Puebla,2022,e_combustion_share,29.71,% of authorized MW,derived,S07,e_combustion_share,,,,2022.0,public,SOME_START_DATES_IMPUTED
9ad0c417eb55,21,state,Puebla,2023,e_combustion_share,31.185,% of authorized MW,derived,S07,e_combustion_share,,,,2023.0,public,SOME_START_DATES_IMPUTED
9f6cae8d92da,21,state,Puebla,2024,e_combustion_share,31.185,% of authorized MW,derived,S07,e_combustion_share,,,,2024.0,public,SOME_START_DATES_IMPUTED
dacf5fa57265,21,state,Puebla,2025,e_combustion_share,33.153,% of authorized MW,derived,S07,e_combustion_share,,,,2025.0,public,SOME_START_DATES_IMPUTED
6789c220d36f,21,state,Puebla,2026,e_combustion_share,26.547,% of authorized MW,estimated,S07,e_combustion_share,,,,2026.0,public,INCLUDES_PLANNED_OPERATION_DATES
5e78dd43c10f,21,state,Puebla,2027,e_combustion_share,22.442,% of authorized MW,estimated,S07,e_combustion_share,,,,2026.0,public,INCLUDES_PLANNED_OPERATION_DATES
43245039954e,22,state,Querétaro,2020,e_combustion_share,95.926,% of authorized MW,derived,S07,e_combustion_share,,,,2020.0,public,SOME_START_DATES_IMPUTED
94437974cf49,22,state,Querétaro,2021,e_combustion_share,95.926,% of authorized MW,derived,S07,e_combustion_share,,,,2021.0,public,SOME_START_DATES_IMPUTED
2fcde0befa1c,22,state,Querétaro,2022,e_combustion_share,95.578,% of authorized MW,derived,S07,e_combustion_share,,,,2022.0,public,SOME_START_DATES_IMPUTED
846e61d3d485,22,state,Querétaro,2023,e_combustion_share,97.228,% of authorized MW,derived,S07,e_combustion_share,,,,2023.0,public,SOME_START_DATES_IMPUTED
4d95a4351ca2,22,state,Querétaro,2024,e_combustion_share,97.24,% of authorized MW,derived,S07,e_combustion_share,,,,2024.0,public,
0b1bde0b8587,22,state,Querétaro,2025,e_combustion_share,97.248,% of authorized MW,derived,S07,e_combustion_share,,,,2025.0,public,
cd97dff5c9dd,22,state,Querétaro,2026,e_combustion_share,97.248,% of authorized MW,estimated,S07,e_combustion_share,,,,2026.0,public,INCLUDES_PLANNED_OPERATION_DATES
da82492d32e4,22,state,Querétaro,2027,e_combustion_share,97.248,% of authorized MW,estimated,S07,e_combustion_share,,,,2026.0,public,INCLUDES_PLANNED_OPERATION_DATES
bb832224d370,23,state,Quintana Roo,2020,e_combustion_share,77.49,% of authorized MW,derived,S07,e_combustion_share,,,,2020.0,public,SOME_START_DATES_IMPUTED
5c7b6790a88a,23,state,Quintana Roo,2021,e_combustion_share,77.49,% of authorized MW,derived,S07,e_combustion_share,,,,2021.0,public,SOME_START_DATES_IMPUTED
70a970dd3cfb,23,state,Quintana Roo,2022,e_combustion_share,77.28,% of authorized MW,derived,S07,e_combustion_share,,,,2022.0,public,SOME_START_DATES_IMPUTED
54148cafc11b,23,state,Quintana Roo,2023,e_combustion_share,82.011,% of authorized MW,derived,S07,e_combustion_share,,,,2023.0,public,SOME_START_DATES_IMPUTED
1675e4add810,23,state,Quintana Roo,2024,e_combustion_share,87.593,% of authorized MW,derived,S07,e_combustion_share,,,,2024.0,public,
a753083c9a7e,23,state,Quintana Roo,2025,e_combustion_share,87.593,% of authorized MW,derived,S07,e_combustion_share,,,,2025.0,public,
27ef5d7c9766,23,state,Quintana Roo,2026,e_combustion_share,87.593,% of authorized MW,estimated,S07,e_combustion_share,,,,2026.0,public,INCLUDES_PLANNED_OPERATION_DATES
40e761219a36,23,state,Quintana Roo,2027,e_combustion_share,87.593,% of authorized MW,estimated,S07,e_combustion_share,,,,2026.0,public,INCLUDES_PLANNED_OPERATION_DATES
e9d91a3372b5,24,state,San Luis Potosí,2020,e_combustion_share,80.813,% of authorized MW,derived,S07,e_combustion_share,,,,2020.0,public,SOME_START_DATES_IMPUTED
2dd0fd7ad417,24,state,San Luis Potosí,2021,e_combustion_share,80.886,% of authorized MW,derived,S07,e_combustion_share,,,,2021.0,public,SOME_START_DATES_IMPUTED
f09677cf206a,24,state,San Luis Potosí,2022,e_combustion_share,83.972,% of authorized MW,derived,S07,e_combustion_share,,,,2022.0,public,SOME_START_DATES_IMPUTED
c9966c9c8d0c,24,state,San Luis Potosí,2023,e_combustion_share,85.742,% of authorized MW,derived,S07,e_combustion_share,,,,2023.0,public,SOME_START_DATES_IMPUTED
b94af17e860e,24,state,San Luis Potosí,2024,e_combustion_share,82.642,% of authorized MW,derived,S07,e_combustion_share,,,,2024.0,public,
cc893df51f82,24,state,San Luis Potosí,2025,e_combustion_share,82.642,% of authorized MW,derived,S07,e_combustion_share,,,,2025.0,public,
b0c8193bee75,24,state,San Luis Potosí,2026,e_combustion_share,82.642,% of authorized MW,estimated,S07,e_combustion_share,,,,2026.0,public,INCLUDES_PLANNED_OPERATION_DATES
b8687925facc,24,state,San Luis Potosí,2027,e_combustion_share,80.957,% of authorized MW,estimated,S07,e_combustion_share,,,,2026.0,public,INCLUDES_PLANNED_OPERATION_DATES
7332a4673859,25,state,Sinaloa,2020,e_combustion_share,71.847,% of authorized MW,derived,S07,e_combustion_share,,,,2020.0,public,SOME_START_DATES_IMPUTED
0741da68513b,25,state,Sinaloa,2021,e_combustion_share,71.847,% of authorized MW,derived,S07,e_combustion_share,,,,2021.0,public,SOME_START_DATES_IMPUTED
786322f1ad34,25,state,Sinaloa,2022,e_combustion_share,72.62,% of authorized MW,derived,S07,e_combustion_share,,,,2022.0,public,SOME_START_DATES_IMPUTED
4d6a43595eb0,25,state,Sinaloa,2023,e_combustion_share,79.178,% of authorized MW,derived,S07,e_combustion_share,,,,2023.0,public,SOME_START_DATES_IMPUTED
6f91bc16e0f2,25,state,Sinaloa,2024,e_combustion_share,79.385,% of authorized MW,derived,S07,e_combustion_share,,,,2024.0,public,
501a6b505124,25,state,Sinaloa,2025,e_combustion_share,78.634,% of authorized MW,derived,S07,e_combustion_share,,,,2025.0,public,
e9a5b8a9c163,25,state,Sinaloa,2026,e_combustion_share,78.437,% of authorized MW,estimated,S07,e_combustion_share,,,,2026.0,public,INCLUDES_PLANNED_OPERATION_DATES
dd15fb86105e,25,state,Sinaloa,2027,e_combustion_share,78.576,% of authorized MW,estimated,S07,e_combustion_share,,,,2026.0,public,INCLUDES_PLANNED_OPERATION_DATES
1e00debda7b4,26,state,Sonora,2020,e_combustion_share,71.039,% of authorized MW,derived,S07,e_combustion_share,,,,2020.0,public,SOME_START_DATES_IMPUTED
7044c98e8cd0,26,state,Sonora,2021,e_combustion_share,71.544,% of authorized MW,derived,S07,e_combustion_share,,,,2021.0,public,SOME_START_DATES_IMPUTED
ad6754a2ab89,26,state,Sonora,2022,e_combustion_share,68.395,% of authorized MW,derived,S07,e_combustion_share,,,,2022.0,public,SOME_START_DATES_IMPUTED
58837c2fc580,26,state,Sonora,2023,e_combustion_share,72.571,% of authorized MW,derived,S07,e_combustion_share,,,,2023.0,public,SOME_START_DATES_IMPUTED
fee90dcb2fde,26,state,Sonora,2024,e_combustion_share,68.877,% of authorized MW,derived,S07,e_combustion_share,,,,2024.0,public,SOME_START_DATES_IMPUTED
4528f756fc68,26,state,Sonora,2025,e_combustion_share,72.137,% of authorized MW,derived,S07,e_combustion_share,,,,2025.0,public,
437fc7d846b1,26,state,Sonora,2026,e_combustion_share,71.972,% of authorized MW,estimated,S07,e_combustion_share,,,,2026.0,public,INCLUDES_PLANNED_OPERATION_DATES
53bbf7444942,26,state,Sonora,2027,e_combustion_share,69.331,% of authorized MW,estimated,S07,e_combustion_share,,,,2026.0,public,INCLUDES_PLANNED_OPERATION_DATES
c93572514baf,27,state,Tabasco,2020,e_combustion_share,100.0,% of authorized MW,derived,S07,e_combustion_share,,,,2020.0,public,SOME_START_DATES_IMPUTED
f2a844ea7db9,27,state,Tabasco,2021,e_combustion_share,100.0,% of authorized MW,derived,S07,e_combustion_share,,,,2021.0,public,SOME_START_DATES_IMPUTED
6a5915f75aec,27,state,Tabasco,2022,e_combustion_share,100.0,% of authorized MW,derived,S07,e_combustion_share,,,,2022.0,public,SOME_START_DATES_IMPUTED
ae523abfcc1e,27,state,Tabasco,2023,e_combustion_share,100.0,% of authorized MW,derived,S07,e_combustion_share,,,,2023.0,public,
7370b3082fa7,27,state,Tabasco,2024,e_combustion_share,100.0,% of authorized MW,derived,S07,e_combustion_share,,,,2024.0,public,
eadcb400d7ad,27,state,Tabasco,2025,e_combustion_share,100.0,% of authorized MW,derived,S07,e_combustion_share,,,,2025.0,public,
642e7a0614f9,27,state,Tabasco,2026,e_combustion_share,100.0,% of authorized MW,estimated,S07,e_combustion_share,,,,2026.0,public,INCLUDES_PLANNED_OPERATION_DATES
1853be66c4f8,27,state,Tabasco,2027,e_combustion_share,100.0,% of authorized MW,estimated,S07,e_combustion_share,,,,2026.0,public,INCLUDES_PLANNED_OPERATION_DATES
d001eec491e4,28,state,Tamaulipas,2020,e_combustion_share,75.338,% of authorized MW,derived,S07,e_combustion_share,,,,2020.0,public,SOME_START_DATES_IMPUTED
51faf5ee7f63,28,state,Tamaulipas,2021,e_combustion_share,74.571,% of authorized MW,derived,S07,e_combustion_share,,,,2021.0,public,SOME_START_DATES_IMPUTED
de6e9b79b0a4,28,state,Tamaulipas,2022,e_combustion_share,75.671,% of authorized MW,derived,S07,e_combustion_share,,,,2022.0,public,SOME_START_DATES_IMPUTED
873f6b08fe16,28,state,Tamaulipas,2023,e_combustion_share,76.938,% of authorized MW,derived,S07,e_combustion_share,,,,2023.0,public,SOME_START_DATES_IMPUTED
a0adde89890b,28,state,Tamaulipas,2024,e_combustion_share,78.662,% of authorized MW,derived,S07,e_combustion_share,,,,2024.0,public,SOME_START_DATES_IMPUTED
eca55967bd1d,28,state,Tamaulipas,2025,e_combustion_share,75.778,% of authorized MW,derived,S07,e_combustion_share,,,,2025.0,public,
63b1e3939d08,28,state,Tamaulipas,2026,e_combustion_share,75.778,% of authorized MW,estimated,S07,e_combustion_share,,,,2026.0,public,INCLUDES_PLANNED_OPERATION_DATES
56c1fb256c22,28,state,Tamaulipas,2027,e_combustion_share,73.684,% of authorized MW,estimated,S07,e_combustion_share,,,,2026.0,public,INCLUDES_PLANNED_OPERATION_DATES
0a381fe2e9d5,29,state,Tlaxcala,2020,e_combustion_share,8.159,% of authorized MW,derived,S07,e_combustion_share,,,,2020.0,public,SOME_START_DATES_IMPUTED
1bb9be0c1659,29,state,Tlaxcala,2021,e_combustion_share,9.418,% of authorized MW,derived,S07,e_combustion_share,,,,2021.0,public,SOME_START_DATES_IMPUTED
67f168f5a1dd,29,state,Tlaxcala,2022,e_combustion_share,14.263,% of authorized MW,derived,S07,e_combustion_share,,,,2022.0,public,SOME_START_DATES_IMPUTED
9b5c94be4df7,29,state,Tlaxcala,2023,e_combustion_share,17.311,% of authorized MW,derived,S07,e_combustion_share,,,,2023.0,public,
82f06d9b17c2,29,state,Tlaxcala,2024,e_combustion_share,17.311,% of authorized MW,derived,S07,e_combustion_share,,,,2024.0,public,
745d399ce1a6,29,state,Tlaxcala,2025,e_combustion_share,17.311,% of authorized MW,derived,S07,e_combustion_share,,,,2025.0,public,
2bf24d9b0471,29,state,Tlaxcala,2026,e_combustion_share,14.484,% of authorized MW,estimated,S07,e_combustion_share,,,,2026.0,public,INCLUDES_PLANNED_OPERATION_DATES
b3471082d99c,29,state,Tlaxcala,2027,e_combustion_share,11.623,% of authorized MW,estimated,S07,e_combustion_share,,,,2026.0,public,INCLUDES_PLANNED_OPERATION_DATES
3c7e799d2f96,30,state,Veracruz,2020,e_combustion_share,82.945,% of authorized MW,derived,S07,e_combustion_share,,,,2020.0,public,SOME_START_DATES_IMPUTED
43390fdc1341,30,state,Veracruz,2021,e_combustion_share,82.518,% of authorized MW,derived,S07,e_combustion_share,,,,2021.0,public,SOME_START_DATES_IMPUTED
18024b338bf6,30,state,Veracruz,2022,e_combustion_share,82.573,% of authorized MW,derived,S07,e_combustion_share,,,,2022.0,public,SOME_START_DATES_IMPUTED
b8856fe0fd5c,30,state,Veracruz,2023,e_combustion_share,82.643,% of authorized MW,derived,S07,e_combustion_share,,,,2023.0,public,SOME_START_DATES_IMPUTED
bccd8b928afd,30,state,Veracruz,2024,e_combustion_share,82.531,% of authorized MW,derived,S07,e_combustion_share,,,,2024.0,public,SOME_START_DATES_IMPUTED
12f34142d5f4,30,state,Veracruz,2025,e_combustion_share,80.713,% of authorized MW,derived,S07,e_combustion_share,,,,2025.0,public,
5dad7c1278d9,30,state,Veracruz,2026,e_combustion_share,80.715,% of authorized MW,estimated,S07,e_combustion_share,,,,2026.0,public,INCLUDES_PLANNED_OPERATION_DATES
f6d624692cd6,30,state,Veracruz,2027,e_combustion_share,80.715,% of authorized MW,estimated,S07,e_combustion_share,,,,2026.0,public,INCLUDES_PLANNED_OPERATION_DATES
f5809825a6ce,31,state,Yucatán,2020,e_combustion_share,78.414,% of authorized MW,derived,S07,e_combustion_share,,,,2020.0,public,SOME_START_DATES_IMPUTED
35f984a13b72,31,state,Yucatán,2021,e_combustion_share,78.414,% of authorized MW,derived,S07,e_combustion_share,,,,2021.0,public,SOME_START_DATES_IMPUTED
2009fc9e33be,31,state,Yucatán,2022,e_combustion_share,82.84,% of authorized MW,derived,S07,e_combustion_share,,,,2022.0,public,SOME_START_DATES_IMPUTED
bc6eb0216e6a,31,state,Yucatán,2023,e_combustion_share,85.066,% of authorized MW,derived,S07,e_combustion_share,,,,2023.0,public,SOME_START_DATES_IMPUTED
ad5abc444f58,31,state,Yucatán,2024,e_combustion_share,89.926,% of authorized MW,derived,S07,e_combustion_share,,,,2024.0,public,SOME_START_DATES_IMPUTED
bd4cf6b70296,31,state,Yucatán,2025,e_combustion_share,86.515,% of authorized MW,derived,S07,e_combustion_share,,,,2025.0,public,
e3cc91ad9080,31,state,Yucatán,2026,e_combustion_share,82.897,% of authorized MW,estimated,S07,e_combustion_share,,,,2026.0,public,INCLUDES_PLANNED_OPERATION_DATES
7074b8d53adf,31,state,Yucatán,2027,e_combustion_share,77.691,% of authorized MW,estimated,S07,e_combustion_share,,,,2026.0,public,INCLUDES_PLANNED_OPERATION_DATES
e2deda921701,32,state,Zacatecas,2020,e_combustion_share,2.133,% of authorized MW,derived,S07,e_combustion_share,,,,2020.0,public,SOME_START_DATES_IMPUTED
b9c4cabf4d4d,32,state,Zacatecas,2021,e_combustion_share,2.133,% of authorized MW,derived,S07,e_combustion_share,,,,2021.0,public,SOME_START_DATES_IMPUTED
bf4b45c233cd,32,state,Zacatecas,2022,e_combustion_share,3.416,% of authorized MW,derived,S07,e_combustion_share,,,,2022.0,public,SOME_START_DATES_IMPUTED
1355adf0308b,32,state,Zacatecas,2023,e_combustion_share,5.373,% of authorized MW,derived,S07,e_combustion_share,,,,2023.0,public,SOME_START_DATES_IMPUTED
1d95ca502499,32,state,Zacatecas,2024,e_combustion_share,5.511,% of authorized MW,derived,S07,e_combustion_share,,,,2024.0,public,SOME_START_DATES_IMPUTED
22609b7a6e48,32,state,Zacatecas,2025,e_combustion_share,5.511,% of authorized MW,derived,S07,e_combustion_share,,,,2025.0,public,SOME_START_DATES_IMPUTED
6da841bd124d,32,state,Zacatecas,2026,e_combustion_share,5.944,% of authorized MW,estimated,S07,e_combustion_share,,,,2026.0,public,INCLUDES_PLANNED_OPERATION_DATES
8b74ff41ccc0,32,state,Zacatecas,2027,e_combustion_share,3.215,% of authorized MW,estimated,S07,e_combustion_share,,,,2026.0,public,INCLUDES_PLANNED_OPERATION_DATES
55dd274d194d,01,state,Aguascalientes,2020,e_selfsupply_new_mw_3y,0.0,MW,derived,S07,e_selfsupply_new_mw_3y,,,,2020.0,public,SOME_START_DATES_IMPUTED
ac07f69034b3,01,state,Aguascalientes,2021,e_selfsupply_new_mw_3y,0.0,MW,derived,S07,e_selfsupply_new_mw_3y,,,,2021.0,public,SOME_START_DATES_IMPUTED
e93c4f8a6e27,01,state,Aguascalientes,2022,e_selfsupply_new_mw_3y,0.0,MW,derived,S07,e_selfsupply_new_mw_3y,,,,2022.0,public,SOME_START_DATES_IMPUTED
8ba8f0979f95,01,state,Aguascalientes,2023,e_selfsupply_new_mw_3y,0.0,MW,derived,S07,e_selfsupply_new_mw_3y,,,,2023.0,public,SOME_START_DATES_IMPUTED
8b77652828f5,01,state,Aguascalientes,2024,e_selfsupply_new_mw_3y,0.0,MW,derived,S07,e_selfsupply_new_mw_3y,,,,2024.0,public,
26489f012c9a,01,state,Aguascalientes,2025,e_selfsupply_new_mw_3y,0.0,MW,derived,S07,e_selfsupply_new_mw_3y,,,,2025.0,public,
1de8853e4e0c,01,state,Aguascalientes,2026,e_selfsupply_new_mw_3y,0.0,MW,estimated,S07,e_selfsupply_new_mw_3y,,,,2026.0,public,INCLUDES_PLANNED_OPERATION_DATES
2762940e63f4,01,state,Aguascalientes,2027,e_selfsupply_new_mw_3y,0.0,MW,estimated,S07,e_selfsupply_new_mw_3y,,,,2026.0,public,INCLUDES_PLANNED_OPERATION_DATES
30039b21ae73,02,state,Baja California,2020,e_selfsupply_new_mw_3y,30.0,MW,derived,S07,e_selfsupply_new_mw_3y,,,,2020.0,public,SOME_START_DATES_IMPUTED
40af3fd359c5,02,state,Baja California,2021,e_selfsupply_new_mw_3y,30.0,MW,derived,S07,e_selfsupply_new_mw_3y,,,,2021.0,public,SOME_START_DATES_IMPUTED
d4bdad0988bd,02,state,Baja California,2022,e_selfsupply_new_mw_3y,0.0,MW,derived,S07,e_selfsupply_new_mw_3y,,,,2022.0,public,SOME_START_DATES_IMPUTED
dadc106f38ac,02,state,Baja California,2023,e_selfsupply_new_mw_3y,0.0,MW,derived,S07,e_selfsupply_new_mw_3y,,,,2023.0,public,SOME_START_DATES_IMPUTED
c390e8995bd7,02,state,Baja California,2024,e_selfsupply_new_mw_3y,0.0,MW,derived,S07,e_selfsupply_new_mw_3y,,,,2024.0,public,SOME_START_DATES_IMPUTED
0134ba6acc50,02,state,Baja California,2025,e_selfsupply_new_mw_3y,0.0,MW,derived,S07,e_selfsupply_new_mw_3y,,,,2025.0,public,
e2b2ee99b954,02,state,Baja California,2026,e_selfsupply_new_mw_3y,0.0,MW,estimated,S07,e_selfsupply_new_mw_3y,,,,2026.0,public,INCLUDES_PLANNED_OPERATION_DATES
13fe00b3ce64,02,state,Baja California,2027,e_selfsupply_new_mw_3y,0.0,MW,estimated,S07,e_selfsupply_new_mw_3y,,,,2026.0,public,INCLUDES_PLANNED_OPERATION_DATES
badb30fc7cb4,03,state,Baja California Sur,2020,e_selfsupply_new_mw_3y,0.0,MW,derived,S07,e_selfsupply_new_mw_3y,,,,2020.0,public,SOME_START_DATES_IMPUTED
7253781352ff,03,state,Baja California Sur,2021,e_selfsupply_new_mw_3y,0.0,MW,derived,S07,e_selfsupply_new_mw_3y,,,,2021.0,public,SOME_START_DATES_IMPUTED
72e0dfc13622,03,state,Baja California Sur,2022,e_selfsupply_new_mw_3y,0.0,MW,derived,S07,e_selfsupply_new_mw_3y,,,,2022.0,public,SOME_START_DATES_IMPUTED
d992d3841f1c,03,state,Baja California Sur,2023,e_selfsupply_new_mw_3y,0.0,MW,derived,S07,e_selfsupply_new_mw_3y,,,,2023.0,public,SOME_START_DATES_IMPUTED
df02114ff517,03,state,Baja California Sur,2024,e_selfsupply_new_mw_3y,0.0,MW,derived,S07,e_selfsupply_new_mw_3y,,,,2024.0,public,SOME_START_DATES_IMPUTED
f556d080768d,03,state,Baja California Sur,2025,e_selfsupply_new_mw_3y,0.0,MW,derived,S07,e_selfsupply_new_mw_3y,,,,2025.0,public,
348438c6c21f,03,state,Baja California Sur,2026,e_selfsupply_new_mw_3y,0.0,MW,estimated,S07,e_selfsupply_new_mw_3y,,,,2026.0,public,INCLUDES_PLANNED_OPERATION_DATES
d1e2c62f1431,03,state,Baja California Sur,2027,e_selfsupply_new_mw_3y,0.0,MW,estimated,S07,e_selfsupply_new_mw_3y,,,,2026.0,public,INCLUDES_PLANNED_OPERATION_DATES
62c89c822653,04,state,Campeche,2020,e_selfsupply_new_mw_3y,0.0,MW,derived,S07,e_selfsupply_new_mw_3y,,,,2020.0,public,SOME_START_DATES_IMPUTED
978a3be7fb18,04,state,Campeche,2021,e_selfsupply_new_mw_3y,0.0,MW,derived,S07,e_selfsupply_new_mw_3y,,,,2021.0,public,SOME_START_DATES_IMPUTED
927eb0801709,04,state,Campeche,2022,e_selfsupply_new_mw_3y,0.0,MW,derived,S07,e_selfsupply_new_mw_3y,,,,2022.0,public,SOME_START_DATES_IMPUTED
94f10b21feb9,04,state,Campeche,2023,e_selfsupply_new_mw_3y,0.0,MW,derived,S07,e_selfsupply_new_mw_3y,,,,2023.0,public,
c421d6ec3c7b,04,state,Campeche,2024,e_selfsupply_new_mw_3y,0.0,MW,derived,S07,e_selfsupply_new_mw_3y,,,,2024.0,public,
82538d361ea6,04,state,Campeche,2025,e_selfsupply_new_mw_3y,0.0,MW,derived,S07,e_selfsupply_new_mw_3y,,,,2025.0,public,
8de140eb7040,04,state,Campeche,2026,e_selfsupply_new_mw_3y,0.0,MW,estimated,S07,e_selfsupply_new_mw_3y,,,,2026.0,public,INCLUDES_PLANNED_OPERATION_DATES
57c9ce38339c,04,state,Campeche,2027,e_selfsupply_new_mw_3y,0.0,MW,estimated,S07,e_selfsupply_new_mw_3y,,,,2026.0,public,INCLUDES_PLANNED_OPERATION_DATES
720ae35c7b41,05,state,Coahuila,2020,e_selfsupply_new_mw_3y,350.0,MW,derived,S07,e_selfsupply_new_mw_3y,,,,2020.0,public,SOME_START_DATES_IMPUTED
415328af54b2,05,state,Coahuila,2021,e_selfsupply_new_mw_3y,200.0,MW,derived,S07,e_selfsupply_new_mw_3y,,,,2021.0,public,SOME_START_DATES_IMPUTED
16eea29c3f8b,05,state,Coahuila,2022,e_selfsupply_new_mw_3y,50.0,MW,derived,S07,e_selfsupply_new_mw_3y,,,,2022.0,public,SOME_START_DATES_IMPUTED
0aeeef5e9eaf,05,state,Coahuila,2023,e_selfsupply_new_mw_3y,50.0,MW,derived,S07,e_selfsupply_new_mw_3y,,,,2023.0,public,SOME_START_DATES_IMPUTED
fac28285c901,05,state,Coahuila,2024,e_selfsupply_new_mw_3y,0.0,MW,derived,S07,e_selfsupply_new_mw_3y,,,,2024.0,public,
56661b58bb5f,05,state,Coahuila,2025,e_selfsupply_new_mw_3y,0.0,MW,derived,S07,e_selfsupply_new_mw_3y,,,,2025.0,public,
def14f3000de,05,state,Coahuila,2026,e_selfsupply_new_mw_3y,1.6,MW,estimated,S07,e_selfsupply_new_mw_3y,,,,2026.0,public,INCLUDES_PLANNED_OPERATION_DATES
8b793257b95a,05,state,Coahuila,2027,e_selfsupply_new_mw_3y,1.6,MW,estimated,S07,e_selfsupply_new_mw_3y,,,,2026.0,public,INCLUDES_PLANNED_OPERATION_DATES
43614f8edc97,06,state,Colima,2020,e_selfsupply_new_mw_3y,0.0,MW,derived,S07,e_selfsupply_new_mw_3y,,,,2020.0,public,SOME_START_DATES_IMPUTED
1bd24b689ea5,06,state,Colima,2021,e_selfsupply_new_mw_3y,0.0,MW,derived,S07,e_selfsupply_new_mw_3y,,,,2021.0,public,SOME_START_DATES_IMPUTED
c883006417c3,06,state,Colima,2022,e_selfsupply_new_mw_3y,0.0,MW,derived,S07,e_selfsupply_new_mw_3y,,,,2022.0,public,SOME_START_DATES_IMPUTED
ff01c99903b6,06,state,Colima,2023,e_selfsupply_new_mw_3y,0.0,MW,derived,S07,e_selfsupply_new_mw_3y,,,,2023.0,public,
a7ba7ae37094,06,state,Colima,2024,e_selfsupply_new_mw_3y,0.0,MW,derived,S07,e_selfsupply_new_mw_3y,,,,2024.0,public,
70862c996429,06,state,Colima,2025,e_selfsupply_new_mw_3y,0.0,MW,derived,S07,e_selfsupply_new_mw_3y,,,,2025.0,public,
ce08a4f1599d,06,state,Colima,2026,e_selfsupply_new_mw_3y,0.0,MW,estimated,S07,e_selfsupply_new_mw_3y,,,,2026.0,public,INCLUDES_PLANNED_OPERATION_DATES
faa45b7d108c,06,state,Colima,2027,e_selfsupply_new_mw_3y,0.0,MW,estimated,S07,e_selfsupply_new_mw_3y,,,,2026.0,public,INCLUDES_PLANNED_OPERATION_DATES
ef90a9d051cd,07,state,Chiapas,2020,e_selfsupply_new_mw_3y,19.97,MW,derived,S07,e_selfsupply_new_mw_3y,,,,2020.0,public,SOME_START_DATES_IMPUTED
7918e3b0739e,07,state,Chiapas,2021,e_selfsupply_new_mw_3y,0.0,MW,derived,S07,e_selfsupply_new_mw_3y,,,,2021.0,public,SOME_START_DATES_IMPUTED
c55a7b3ca6f2,07,state,Chiapas,2022,e_selfsupply_new_mw_3y,0.0,MW,derived,S07,e_selfsupply_new_mw_3y,,,,2022.0,public,SOME_START_DATES_IMPUTED
36f178ef6fbc,07,state,Chiapas,2023,e_selfsupply_new_mw_3y,0.0,MW,derived,S07,e_selfsupply_new_mw_3y,,,,2023.0,public,SOME_START_DATES_IMPUTED
884558d001e0,07,state,Chiapas,2024,e_selfsupply_new_mw_3y,0.0,MW,derived,S07,e_selfsupply_new_mw_3y,,,,2024.0,public,
4f94dc40f10e,07,state,Chiapas,2025,e_selfsupply_new_mw_3y,0.0,MW,derived,S07,e_selfsupply_new_mw_3y,,,,2025.0,public,
e69f6f9371aa,07,state,Chiapas,2026,e_selfsupply_new_mw_3y,0.0,MW,estimated,S07,e_selfsupply_new_mw_3y,,,,2026.0,public,INCLUDES_PLANNED_OPERATION_DATES
47483ae491f8,07,state,Chiapas,2027,e_selfsupply_new_mw_3y,0.0,MW,estimated,S07,e_selfsupply_new_mw_3y,,,,2026.0,public,INCLUDES_PLANNED_OPERATION_DATES
951030e72938,08,state,Chihuahua,2020,e_selfsupply_new_mw_3y,60.0,MW,derived,S07,e_selfsupply_new_mw_3y,,,,2020.0,public,SOME_START_DATES_IMPUTED
4740ba7c3f87,08,state,Chihuahua,2021,e_selfsupply_new_mw_3y,150.0,MW,derived,S07,e_selfsupply_new_mw_3y,,,,2021.0,public,SOME_START_DATES_IMPUTED
947059b52580,08,state,Chihuahua,2022,e_selfsupply_new_mw_3y,150.0,MW,derived,S07,e_selfsupply_new_mw_3y,,,,2022.0,public,SOME_START_DATES_IMPUTED
db251af560bb,08,state,Chihuahua,2023,e_selfsupply_new_mw_3y,150.0,MW,derived,S07,e_selfsupply_new_mw_3y,,,,2023.0,public,SOME_START_DATES_IMPUTED
e3c44505520d,08,state,Chihuahua,2024,e_selfsupply_new_mw_3y,0.0,MW,derived,S07,e_selfsupply_new_mw_3y,,,,2024.0,public,SOME_START_DATES_IMPUTED
ae784f92272a,08,state,Chihuahua,2025,e_selfsupply_new_mw_3y,0.0,MW,derived,S07,e_selfsupply_new_mw_3y,,,,2025.0,public,
72d1883d9a40,08,state,Chihuahua,2026,e_selfsupply_new_mw_3y,0.0,MW,estimated,S07,e_selfsupply_new_mw_3y,,,,2026.0,public,INCLUDES_PLANNED_OPERATION_DATES
c40b47d045a8,08,state,Chihuahua,2027,e_selfsupply_new_mw_3y,0.0,MW,estimated,S07,e_selfsupply_new_mw_3y,,,,2026.0,public,INCLUDES_PLANNED_OPERATION_DATES
8d4646e84304,09,state,Ciudad de México,2020,e_selfsupply_new_mw_3y,0.0,MW,derived,S07,e_selfsupply_new_mw_3y,,,,2020.0,public,SOME_START_DATES_IMPUTED
713e4f78bdc8,09,state,Ciudad de México,2021,e_selfsupply_new_mw_3y,0.0,MW,derived,S07,e_selfsupply_new_mw_3y,,,,2021.0,public,SOME_START_DATES_IMPUTED
d38d7160a6c3,09,state,Ciudad de México,2022,e_selfsupply_new_mw_3y,0.0,MW,derived,S07,e_selfsupply_new_mw_3y,,,,2022.0,public,SOME_START_DATES_IMPUTED
0aa31aec0190,09,state,Ciudad de México,2023,e_selfsupply_new_mw_3y,0.0,MW,derived,S07,e_selfsupply_new_mw_3y,,,,2023.0,public,
6f8dc443ae65,09,state,Ciudad de México,2024,e_selfsupply_new_mw_3y,0.0,MW,derived,S07,e_selfsupply_new_mw_3y,,,,2024.0,public,
ede9d68ba1b6,09,state,Ciudad de México,2025,e_selfsupply_new_mw_3y,0.0,MW,derived,S07,e_selfsupply_new_mw_3y,,,,2025.0,public,
f260a7f25288,09,state,Ciudad de México,2026,e_selfsupply_new_mw_3y,0.0,MW,estimated,S07,e_selfsupply_new_mw_3y,,,,2026.0,public,INCLUDES_PLANNED_OPERATION_DATES
9a3c53f2dec9,09,state,Ciudad de México,2027,e_selfsupply_new_mw_3y,0.0,MW,estimated,S07,e_selfsupply_new_mw_3y,,,,2026.0,public,INCLUDES_PLANNED_OPERATION_DATES
50f3d3b90128,10,state,Durango,2020,e_selfsupply_new_mw_3y,51.1,MW,derived,S07,e_selfsupply_new_mw_3y,,,,2020.0,public,SOME_START_DATES_IMPUTED
cf3be0961977,10,state,Durango,2021,e_selfsupply_new_mw_3y,15.63,MW,derived,S07,e_selfsupply_new_mw_3y,,,,2021.0,public,SOME_START_DATES_IMPUTED
3d9de1eb8483,10,state,Durango,2022,e_selfsupply_new_mw_3y,0.0,MW,derived,S07,e_selfsupply_new_mw_3y,,,,2022.0,public,SOME_START_DATES_IMPUTED
49a1db7851ae,10,state,Durango,2023,e_selfsupply_new_mw_3y,0.0,MW,derived,S07,e_selfsupply_new_mw_3y,,,,2023.0,public,
a01a0a7a08f0,10,state,Durango,2024,e_selfsupply_new_mw_3y,0.0,MW,derived,S07,e_selfsupply_new_mw_3y,,,,2024.0,public,
604295221513,10,state,Durango,2025,e_selfsupply_new_mw_3y,0.0,MW,derived,S07,e_selfsupply_new_mw_3y,,,,2025.0,public,
c130d7ecce07,10,state,Durango,2026,e_selfsupply_new_mw_3y,0.0,MW,estimated,S07,e_selfsupply_new_mw_3y,,,,2026.0,public,INCLUDES_PLANNED_OPERATION_DATES
6455ef4f5486,10,state,Durango,2027,e_selfsupply_new_mw_3y,0.0,MW,estimated,S07,e_selfsupply_new_mw_3y,,,,2026.0,public,INCLUDES_PLANNED_OPERATION_DATES
0bfe5d8bd9ad,11,state,Guanajuato,2020,e_selfsupply_new_mw_3y,5.8,MW,derived,S07,e_selfsupply_new_mw_3y,,,,2020.0,public,SOME_START_DATES_IMPUTED
24e0e64f1079,11,state,Guanajuato,2021,e_selfsupply_new_mw_3y,2.8,MW,derived,S07,e_selfsupply_new_mw_3y,,,,2021.0,public,SOME_START_DATES_IMPUTED
5e8ed9debfb4,11,state,Guanajuato,2022,e_selfsupply_new_mw_3y,30.0,MW,derived,S07,e_selfsupply_new_mw_3y,,,,2022.0,public,SOME_START_DATES_IMPUTED
f43b1499c15c,11,state,Guanajuato,2023,e_selfsupply_new_mw_3y,30.0,MW,derived,S07,e_selfsupply_new_mw_3y,,,,2023.0,public,SOME_START_DATES_IMPUTED
b1396efe89ff,11,state,Guanajuato,2024,e_selfsupply_new_mw_3y,30.0,MW,derived,S07,e_selfsupply_new_mw_3y,,,,2024.0,public,SOME_START_DATES_IMPUTED
abe41c22a464,11,state,Guanajuato,2025,e_selfsupply_new_mw_3y,0.0,MW,derived,S07,e_selfsupply_new_mw_3y,,,,2025.0,public,
064278bf3942,11,state,Guanajuato,2026,e_selfsupply_new_mw_3y,0.0,MW,estimated,S07,e_selfsupply_new_mw_3y,,,,2026.0,public,INCLUDES_PLANNED_OPERATION_DATES
9c0d0e64bf9a,11,state,Guanajuato,2027,e_selfsupply_new_mw_3y,21.91,MW,estimated,S07,e_selfsupply_new_mw_3y,,,,2026.0,public,INCLUDES_PLANNED_OPERATION_DATES
0a89903b10db,12,state,Guerrero,2020,e_selfsupply_new_mw_3y,0.0,MW,derived,S07,e_selfsupply_new_mw_3y,,,,2020.0,public,SOME_START_DATES_IMPUTED
8695b02b2277,12,state,Guerrero,2021,e_selfsupply_new_mw_3y,0.0,MW,derived,S07,e_selfsupply_new_mw_3y,,,,2021.0,public,SOME_START_DATES_IMPUTED
dcd5d7fe1f26,12,state,Guerrero,2022,e_selfsupply_new_mw_3y,0.0,MW,derived,S07,e_selfsupply_new_mw_3y,,,,2022.0,public,SOME_START_DATES_IMPUTED
c504b132250c,12,state,Guerrero,2023,e_selfsupply_new_mw_3y,0.0,MW,derived,S07,e_selfsupply_new_mw_3y,,,,2023.0,public,SOME_START_DATES_IMPUTED
a1630f0d7446,12,state,Guerrero,2024,e_selfsupply_new_mw_3y,0.0,MW,derived,S07,e_selfsupply_new_mw_3y,,,,2024.0,public,
31b1417b95ff,12,state,Guerrero,2025,e_selfsupply_new_mw_3y,0.0,MW,derived,S07,e_selfsupply_new_mw_3y,,,,2025.0,public,
46e8946dfaa6,12,state,Guerrero,2026,e_selfsupply_new_mw_3y,0.0,MW,estimated,S07,e_selfsupply_new_mw_3y,,,,2026.0,public,INCLUDES_PLANNED_OPERATION_DATES
87ede4229219,12,state,Guerrero,2027,e_selfsupply_new_mw_3y,0.0,MW,estimated,S07,e_selfsupply_new_mw_3y,,,,2026.0,public,INCLUDES_PLANNED_OPERATION_DATES
78c5ae85c5c9,13,state,Hidalgo,2020,e_selfsupply_new_mw_3y,1.06,MW,derived,S07,e_selfsupply_new_mw_3y,,,,2020.0,public,SOME_START_DATES_IMPUTED
8cbdb30eaa80,13,state,Hidalgo,2021,e_selfsupply_new_mw_3y,0.0,MW,derived,S07,e_selfsupply_new_mw_3y,,,,2021.0,public,SOME_START_DATES_IMPUTED
e6c0e20af013,13,state,Hidalgo,2022,e_selfsupply_new_mw_3y,0.0,MW,derived,S07,e_selfsupply_new_mw_3y,,,,2022.0,public,SOME_START_DATES_IMPUTED
b59b0afe0a75,13,state,Hidalgo,2023,e_selfsupply_new_mw_3y,0.0,MW,derived,S07,e_selfsupply_new_mw_3y,,,,2023.0,public,SOME_START_DATES_IMPUTED
c2172bec6b1a,13,state,Hidalgo,2024,e_selfsupply_new_mw_3y,0.0,MW,derived,S07,e_selfsupply_new_mw_3y,,,,2024.0,public,
8be693cab554,13,state,Hidalgo,2025,e_selfsupply_new_mw_3y,0.0,MW,derived,S07,e_selfsupply_new_mw_3y,,,,2025.0,public,
efba692cb953,13,state,Hidalgo,2026,e_selfsupply_new_mw_3y,0.0,MW,estimated,S07,e_selfsupply_new_mw_3y,,,,2026.0,public,INCLUDES_PLANNED_OPERATION_DATES
7ff813224fb1,13,state,Hidalgo,2027,e_selfsupply_new_mw_3y,0.0,MW,estimated,S07,e_selfsupply_new_mw_3y,,,,2026.0,public,INCLUDES_PLANNED_OPERATION_DATES
9cb797a6c72e,14,state,Jalisco,2020,e_selfsupply_new_mw_3y,2.95,MW,derived,S07,e_selfsupply_new_mw_3y,,,,2020.0,public,SOME_START_DATES_IMPUTED
502aca4588bb,14,state,Jalisco,2021,e_selfsupply_new_mw_3y,2.95,MW,derived,S07,e_selfsupply_new_mw_3y,,,,2021.0,public,SOME_START_DATES_IMPUTED
2170d6a70412,14,state,Jalisco,2022,e_selfsupply_new_mw_3y,0.0,MW,derived,S07,e_selfsupply_new_mw_3y,,,,2022.0,public,SOME_START_DATES_IMPUTED
3b1cf6c3ce2c,14,state,Jalisco,2023,e_selfsupply_new_mw_3y,0.0,MW,derived,S07,e_selfsupply_new_mw_3y,,,,2023.0,public,SOME_START_DATES_IMPUTED
ff990c09b26b,14,state,Jalisco,2024,e_selfsupply_new_mw_3y,0.0,MW,derived,S07,e_selfsupply_new_mw_3y,,,,2024.0,public,SOME_START_DATES_IMPUTED
8b7cb472bf17,14,state,Jalisco,2025,e_selfsupply_new_mw_3y,0.0,MW,derived,S07,e_selfsupply_new_mw_3y,,,,2025.0,public,
c5ad6bbaa132,14,state,Jalisco,2026,e_selfsupply_new_mw_3y,2.4,MW,estimated,S07,e_selfsupply_new_mw_3y,,,,2026.0,public,INCLUDES_PLANNED_OPERATION_DATES
22eefb330ce4,14,state,Jalisco,2027,e_selfsupply_new_mw_3y,2.4,MW,estimated,S07,e_selfsupply_new_mw_3y,,,,2026.0,public,INCLUDES_PLANNED_OPERATION_DATES
bf1f72b6d4d6,15,state,Estado de México,2020,e_selfsupply_new_mw_3y,0.0,MW,derived,S07,e_selfsupply_new_mw_3y,,,,2020.0,public,SOME_START_DATES_IMPUTED
78c5bcd5c7e0,15,state,Estado de México,2021,e_selfsupply_new_mw_3y,0.0,MW,derived,S07,e_selfsupply_new_mw_3y,,,,2021.0,public,SOME_START_DATES_IMPUTED
700d1302ef7e,15,state,Estado de México,2022,e_selfsupply_new_mw_3y,0.0,MW,derived,S07,e_selfsupply_new_mw_3y,,,,2022.0,public,SOME_START_DATES_IMPUTED
63e5c74a0126,15,state,Estado de México,2023,e_selfsupply_new_mw_3y,0.0,MW,derived,S07,e_selfsupply_new_mw_3y,,,,2023.0,public,SOME_START_DATES_IMPUTED
cc3cf0328038,15,state,Estado de México,2024,e_selfsupply_new_mw_3y,0.0,MW,derived,S07,e_selfsupply_new_mw_3y,,,,2024.0,public,
78b002ffd21d,15,state,Estado de México,2025,e_selfsupply_new_mw_3y,0.0,MW,derived,S07,e_selfsupply_new_mw_3y,,,,2025.0,public,
1b7454f35a23,15,state,Estado de México,2026,e_selfsupply_new_mw_3y,0.0,MW,estimated,S07,e_selfsupply_new_mw_3y,,,,2026.0,public,INCLUDES_PLANNED_OPERATION_DATES
51aa0fc8b85e,15,state,Estado de México,2027,e_selfsupply_new_mw_3y,0.0,MW,estimated,S07,e_selfsupply_new_mw_3y,,,,2026.0,public,INCLUDES_PLANNED_OPERATION_DATES
9f2cdc81a3b5,16,state,Michoacán,2020,e_selfsupply_new_mw_3y,0.0,MW,derived,S07,e_selfsupply_new_mw_3y,,,,2020.0,public,SOME_START_DATES_IMPUTED
d4f679d841ee,16,state,Michoacán,2021,e_selfsupply_new_mw_3y,0.0,MW,derived,S07,e_selfsupply_new_mw_3y,,,,2021.0,public,SOME_START_DATES_IMPUTED
2b3eb6a2cfbc,16,state,Michoacán,2022,e_selfsupply_new_mw_3y,0.0,MW,derived,S07,e_selfsupply_new_mw_3y,,,,2022.0,public,SOME_START_DATES_IMPUTED
fcfbcab7018e,16,state,Michoacán,2023,e_selfsupply_new_mw_3y,0.0,MW,derived,S07,e_selfsupply_new_mw_3y,,,,2023.0,public,
b2e8f58e9dda,16,state,Michoacán,2024,e_selfsupply_new_mw_3y,0.0,MW,derived,S07,e_selfsupply_new_mw_3y,,,,2024.0,public,
81219e0e7279,16,state,Michoacán,2025,e_selfsupply_new_mw_3y,0.0,MW,derived,S07,e_selfsupply_new_mw_3y,,,,2025.0,public,
18e3f82174b2,16,state,Michoacán,2026,e_selfsupply_new_mw_3y,0.0,MW,estimated,S07,e_selfsupply_new_mw_3y,,,,2026.0,public,INCLUDES_PLANNED_OPERATION_DATES
9fb54437e30f,16,state,Michoacán,2027,e_selfsupply_new_mw_3y,0.0,MW,estimated,S07,e_selfsupply_new_mw_3y,,,,2026.0,public,INCLUDES_PLANNED_OPERATION_DATES
7e825e093b76,17,state,Morelos,2020,e_selfsupply_new_mw_3y,0.0,MW,derived,S07,e_selfsupply_new_mw_3y,,,,2020.0,public,SOME_START_DATES_IMPUTED
f392c9dc20bb,17,state,Morelos,2021,e_selfsupply_new_mw_3y,0.0,MW,derived,S07,e_selfsupply_new_mw_3y,,,,2021.0,public,SOME_START_DATES_IMPUTED
d4fa26d05547,17,state,Morelos,2022,e_selfsupply_new_mw_3y,0.0,MW,derived,S07,e_selfsupply_new_mw_3y,,,,2022.0,public,SOME_START_DATES_IMPUTED
5755308f78b9,17,state,Morelos,2023,e_selfsupply_new_mw_3y,0.0,MW,derived,S07,e_selfsupply_new_mw_3y,,,,2023.0,public,
7bea5670590c,17,state,Morelos,2024,e_selfsupply_new_mw_3y,0.0,MW,derived,S07,e_selfsupply_new_mw_3y,,,,2024.0,public,
8d23c102f58f,17,state,Morelos,2025,e_selfsupply_new_mw_3y,0.0,MW,derived,S07,e_selfsupply_new_mw_3y,,,,2025.0,public,
ec1c13dabb63,17,state,Morelos,2026,e_selfsupply_new_mw_3y,0.0,MW,estimated,S07,e_selfsupply_new_mw_3y,,,,2026.0,public,INCLUDES_PLANNED_OPERATION_DATES
8b330d02ca1c,17,state,Morelos,2027,e_selfsupply_new_mw_3y,0.0,MW,estimated,S07,e_selfsupply_new_mw_3y,,,,2026.0,public,INCLUDES_PLANNED_OPERATION_DATES
2063f255e8ec,18,state,Nayarit,2020,e_selfsupply_new_mw_3y,0.0,MW,derived,S07,e_selfsupply_new_mw_3y,,,,2020.0,public,SOME_START_DATES_IMPUTED
0c6822319527,18,state,Nayarit,2021,e_selfsupply_new_mw_3y,0.0,MW,derived,S07,e_selfsupply_new_mw_3y,,,,2021.0,public,SOME_START_DATES_IMPUTED
d4d932a8d37c,18,state,Nayarit,2022,e_selfsupply_new_mw_3y,0.0,MW,derived,S07,e_selfsupply_new_mw_3y,,,,2022.0,public,SOME_START_DATES_IMPUTED
92cd469c0a47,18,state,Nayarit,2023,e_selfsupply_new_mw_3y,0.0,MW,derived,S07,e_selfsupply_new_mw_3y,,,,2023.0,public,SOME_START_DATES_IMPUTED
0190b6630ef8,18,state,Nayarit,2024,e_selfsupply_new_mw_3y,0.0,MW,derived,S07,e_selfsupply_new_mw_3y,,,,2024.0,public,
c9a6ae07bec2,18,state,Nayarit,2025,e_selfsupply_new_mw_3y,0.0,MW,derived,S07,e_selfsupply_new_mw_3y,,,,2025.0,public,
554b6054648c,18,state,Nayarit,2026,e_selfsupply_new_mw_3y,0.0,MW,estimated,S07,e_selfsupply_new_mw_3y,,,,2026.0,public,INCLUDES_PLANNED_OPERATION_DATES
67f887ff07e6,18,state,Nayarit,2027,e_selfsupply_new_mw_3y,0.0,MW,estimated,S07,e_selfsupply_new_mw_3y,,,,2026.0,public,INCLUDES_PLANNED_OPERATION_DATES
678159212d3d,19,state,Nuevo León,2020,e_selfsupply_new_mw_3y,0.0,MW,derived,S07,e_selfsupply_new_mw_3y,,,,2020.0,public,SOME_START_DATES_IMPUTED
9f4382f0b45d,19,state,Nuevo León,2021,e_selfsupply_new_mw_3y,0.0,MW,derived,S07,e_selfsupply_new_mw_3y,,,,2021.0,public,SOME_START_DATES_IMPUTED
e3fb8bf25047,19,state,Nuevo León,2022,e_selfsupply_new_mw_3y,0.0,MW,derived,S07,e_selfsupply_new_mw_3y,,,,2022.0,public,SOME_START_DATES_IMPUTED
c775774f4af2,19,state,Nuevo León,2023,e_selfsupply_new_mw_3y,0.0,MW,derived,S07,e_selfsupply_new_mw_3y,,,,2023.0,public,SOME_START_DATES_IMPUTED
9294338ce3dd,19,state,Nuevo León,2024,e_selfsupply_new_mw_3y,168.0,MW,derived,S07,e_selfsupply_new_mw_3y,,,,2024.0,public,SOME_START_DATES_IMPUTED
2c960fdf1766,19,state,Nuevo León,2025,e_selfsupply_new_mw_3y,168.0,MW,derived,S07,e_selfsupply_new_mw_3y,,,,2025.0,public,
c17679ae8f91,19,state,Nuevo León,2026,e_selfsupply_new_mw_3y,183.2,MW,estimated,S07,e_selfsupply_new_mw_3y,,,,2026.0,public,INCLUDES_PLANNED_OPERATION_DATES
41e57e1e3f08,19,state,Nuevo León,2027,e_selfsupply_new_mw_3y,15.2,MW,estimated,S07,e_selfsupply_new_mw_3y,,,,2026.0,public,INCLUDES_PLANNED_OPERATION_DATES
5c002a0c9fce,20,state,Oaxaca,2020,e_selfsupply_new_mw_3y,613.13,MW,derived,S07,e_selfsupply_new_mw_3y,,,,2020.0,public,SOME_START_DATES_IMPUTED
1d94b382ce21,20,state,Oaxaca,2021,e_selfsupply_new_mw_3y,0.0,MW,derived,S07,e_selfsupply_new_mw_3y,,,,2021.0,public,SOME_START_DATES_IMPUTED
b1692b2fdbd2,20,state,Oaxaca,2022,e_selfsupply_new_mw_3y,0.0,MW,derived,S07,e_selfsupply_new_mw_3y,,,,2022.0,public,SOME_START_DATES_IMPUTED
ada71801ef78,20,state,Oaxaca,2023,e_selfsupply_new_mw_3y,0.0,MW,derived,S07,e_selfsupply_new_mw_3y,,,,2023.0,public,
c8a00b094321,20,state,Oaxaca,2024,e_selfsupply_new_mw_3y,0.0,MW,derived,S07,e_selfsupply_new_mw_3y,,,,2024.0,public,
ef87ac310699,20,state,Oaxaca,2025,e_selfsupply_new_mw_3y,0.0,MW,derived,S07,e_selfsupply_new_mw_3y,,,,2025.0,public,
47e2f8c69078,20,state,Oaxaca,2026,e_selfsupply_new_mw_3y,0.0,MW,estimated,S07,e_selfsupply_new_mw_3y,,,,2026.0,public,INCLUDES_PLANNED_OPERATION_DATES
4d9111ca4059,20,state,Oaxaca,2027,e_selfsupply_new_mw_3y,0.0,MW,estimated,S07,e_selfsupply_new_mw_3y,,,,2026.0,public,INCLUDES_PLANNED_OPERATION_DATES
d2c790e17cda,21,state,Puebla,2020,e_selfsupply_new_mw_3y,225.75,MW,derived,S07,e_selfsupply_new_mw_3y,,,,2020.0,public,SOME_START_DATES_IMPUTED
b290c55c9c91,21,state,Puebla,2021,e_selfsupply_new_mw_3y,225.75,MW,derived,S07,e_selfsupply_new_mw_3y,,,,2021.0,public,SOME_START_DATES_IMPUTED
96be6652078c,21,state,Puebla,2022,e_selfsupply_new_mw_3y,225.75,MW,derived,S07,e_selfsupply_new_mw_3y,,,,2022.0,public,SOME_START_DATES_IMPUTED
6b150802b4b5,21,state,Puebla,2023,e_selfsupply_new_mw_3y,0.0,MW,derived,S07,e_selfsupply_new_mw_3y,,,,2023.0,public,SOME_START_DATES_IMPUTED
de5cd30187de,21,state,Puebla,2024,e_selfsupply_new_mw_3y,0.0,MW,derived,S07,e_selfsupply_new_mw_3y,,,,2024.0,public,SOME_START_DATES_IMPUTED
66c054c3b51f,21,state,Puebla,2025,e_selfsupply_new_mw_3y,0.0,MW,derived,S07,e_selfsupply_new_mw_3y,,,,2025.0,public,SOME_START_DATES_IMPUTED
a044476a9bda,21,state,Puebla,2026,e_selfsupply_new_mw_3y,0.0,MW,estimated,S07,e_selfsupply_new_mw_3y,,,,2026.0,public,INCLUDES_PLANNED_OPERATION_DATES
841eda033f50,21,state,Puebla,2027,e_selfsupply_new_mw_3y,4.2,MW,estimated,S07,e_selfsupply_new_mw_3y,,,,2026.0,public,INCLUDES_PLANNED_OPERATION_DATES
2c6c3bc5db53,22,state,Querétaro,2020,e_selfsupply_new_mw_3y,0.0,MW,derived,S07,e_selfsupply_new_mw_3y,,,,2020.0,public,SOME_START_DATES_IMPUTED
b5fade36c124,22,state,Querétaro,2021,e_selfsupply_new_mw_3y,0.0,MW,derived,S07,e_selfsupply_new_mw_3y,,,,2021.0,public,SOME_START_DATES_IMPUTED
3584d03e6a36,22,state,Querétaro,2022,e_selfsupply_new_mw_3y,0.0,MW,derived,S07,e_selfsupply_new_mw_3y,,,,2022.0,public,SOME_START_DATES_IMPUTED
ca756d432365,22,state,Querétaro,2023,e_selfsupply_new_mw_3y,30.0,MW,derived,S07,e_selfsupply_new_mw_3y,,,,2023.0,public,SOME_START_DATES_IMPUTED
559a10aa953f,22,state,Querétaro,2024,e_selfsupply_new_mw_3y,30.0,MW,derived,S07,e_selfsupply_new_mw_3y,,,,2024.0,public,
975e8b3b8e6c,22,state,Querétaro,2025,e_selfsupply_new_mw_3y,30.0,MW,derived,S07,e_selfsupply_new_mw_3y,,,,2025.0,public,
e840e4814e4e,22,state,Querétaro,2026,e_selfsupply_new_mw_3y,0.0,MW,estimated,S07,e_selfsupply_new_mw_3y,,,,2026.0,public,INCLUDES_PLANNED_OPERATION_DATES
07ec121e0299,22,state,Querétaro,2027,e_selfsupply_new_mw_3y,0.0,MW,estimated,S07,e_selfsupply_new_mw_3y,,,,2026.0,public,INCLUDES_PLANNED_OPERATION_DATES
d3d21219949b,23,state,Quintana Roo,2020,e_selfsupply_new_mw_3y,0.0,MW,derived,S07,e_selfsupply_new_mw_3y,,,,2020.0,public,SOME_START_DATES_IMPUTED
4b9bde2ac923,23,state,Quintana Roo,2021,e_selfsupply_new_mw_3y,0.0,MW,derived,S07,e_selfsupply_new_mw_3y,,,,2021.0,public,SOME_START_DATES_IMPUTED
0cfbbe37f47b,23,state,Quintana Roo,2022,e_selfsupply_new_mw_3y,0.0,MW,derived,S07,e_selfsupply_new_mw_3y,,,,2022.0,public,SOME_START_DATES_IMPUTED
e3c7e60c268e,23,state,Quintana Roo,2023,e_selfsupply_new_mw_3y,0.0,MW,derived,S07,e_selfsupply_new_mw_3y,,,,2023.0,public,SOME_START_DATES_IMPUTED
0a4d54a4f431,23,state,Quintana Roo,2024,e_selfsupply_new_mw_3y,0.0,MW,derived,S07,e_selfsupply_new_mw_3y,,,,2024.0,public,
64af40abe43e,23,state,Quintana Roo,2025,e_selfsupply_new_mw_3y,0.0,MW,derived,S07,e_selfsupply_new_mw_3y,,,,2025.0,public,
dc0b504f9755,23,state,Quintana Roo,2026,e_selfsupply_new_mw_3y,0.0,MW,estimated,S07,e_selfsupply_new_mw_3y,,,,2026.0,public,INCLUDES_PLANNED_OPERATION_DATES
c7f280ed10b7,23,state,Quintana Roo,2027,e_selfsupply_new_mw_3y,0.0,MW,estimated,S07,e_selfsupply_new_mw_3y,,,,2026.0,public,INCLUDES_PLANNED_OPERATION_DATES
7197b114c902,24,state,San Luis Potosí,2020,e_selfsupply_new_mw_3y,30.0,MW,derived,S07,e_selfsupply_new_mw_3y,,,,2020.0,public,SOME_START_DATES_IMPUTED
4899a5e004f6,24,state,San Luis Potosí,2021,e_selfsupply_new_mw_3y,30.0,MW,derived,S07,e_selfsupply_new_mw_3y,,,,2021.0,public,SOME_START_DATES_IMPUTED
13d1784883cb,24,state,San Luis Potosí,2022,e_selfsupply_new_mw_3y,30.0,MW,derived,S07,e_selfsupply_new_mw_3y,,,,2022.0,public,SOME_START_DATES_IMPUTED
913b0348cddb,24,state,San Luis Potosí,2023,e_selfsupply_new_mw_3y,0.0,MW,derived,S07,e_selfsupply_new_mw_3y,,,,2023.0,public,SOME_START_DATES_IMPUTED
1caa7e4d92ee,24,state,San Luis Potosí,2024,e_selfsupply_new_mw_3y,0.0,MW,derived,S07,e_selfsupply_new_mw_3y,,,,2024.0,public,
357fb2a8293d,24,state,San Luis Potosí,2025,e_selfsupply_new_mw_3y,0.0,MW,derived,S07,e_selfsupply_new_mw_3y,,,,2025.0,public,
ec8403203de2,24,state,San Luis Potosí,2026,e_selfsupply_new_mw_3y,0.0,MW,estimated,S07,e_selfsupply_new_mw_3y,,,,2026.0,public,INCLUDES_PLANNED_OPERATION_DATES
f3d0294fb9aa,24,state,San Luis Potosí,2027,e_selfsupply_new_mw_3y,0.0,MW,estimated,S07,e_selfsupply_new_mw_3y,,,,2026.0,public,INCLUDES_PLANNED_OPERATION_DATES
9bb64bec15ef,25,state,Sinaloa,2020,e_selfsupply_new_mw_3y,0.0,MW,derived,S07,e_selfsupply_new_mw_3y,,,,2020.0,public,SOME_START_DATES_IMPUTED
432e514aa9ae,25,state,Sinaloa,2021,e_selfsupply_new_mw_3y,0.0,MW,derived,S07,e_selfsupply_new_mw_3y,,,,2021.0,public,SOME_START_DATES_IMPUTED
c76e5675334b,25,state,Sinaloa,2022,e_selfsupply_new_mw_3y,0.0,MW,derived,S07,e_selfsupply_new_mw_3y,,,,2022.0,public,SOME_START_DATES_IMPUTED
cb4e3753a69a,25,state,Sinaloa,2023,e_selfsupply_new_mw_3y,0.0,MW,derived,S07,e_selfsupply_new_mw_3y,,,,2023.0,public,SOME_START_DATES_IMPUTED
fc4ed39d60fc,25,state,Sinaloa,2024,e_selfsupply_new_mw_3y,0.0,MW,derived,S07,e_selfsupply_new_mw_3y,,,,2024.0,public,
4d68fca090be,25,state,Sinaloa,2025,e_selfsupply_new_mw_3y,0.0,MW,derived,S07,e_selfsupply_new_mw_3y,,,,2025.0,public,
316483ece263,25,state,Sinaloa,2026,e_selfsupply_new_mw_3y,1.2,MW,estimated,S07,e_selfsupply_new_mw_3y,,,,2026.0,public,INCLUDES_PLANNED_OPERATION_DATES
2dba5f3a14f0,25,state,Sinaloa,2027,e_selfsupply_new_mw_3y,8.19,MW,estimated,S07,e_selfsupply_new_mw_3y,,,,2026.0,public,INCLUDES_PLANNED_OPERATION_DATES
a637aa4f1dd3,26,state,Sonora,2020,e_selfsupply_new_mw_3y,132.0,MW,derived,S07,e_selfsupply_new_mw_3y,,,,2020.0,public,SOME_START_DATES_IMPUTED
2c3683881288,26,state,Sonora,2021,e_selfsupply_new_mw_3y,142.0,MW,derived,S07,e_selfsupply_new_mw_3y,,,,2021.0,public,SOME_START_DATES_IMPUTED
1609ebc61f32,26,state,Sonora,2022,e_selfsupply_new_mw_3y,135.0,MW,derived,S07,e_selfsupply_new_mw_3y,,,,2022.0,public,SOME_START_DATES_IMPUTED
c7a9f2af6800,26,state,Sonora,2023,e_selfsupply_new_mw_3y,10.0,MW,derived,S07,e_selfsupply_new_mw_3y,,,,2023.0,public,SOME_START_DATES_IMPUTED
f2e88201eb3e,26,state,Sonora,2024,e_selfsupply_new_mw_3y,0.0,MW,derived,S07,e_selfsupply_new_mw_3y,,,,2024.0,public,SOME_START_DATES_IMPUTED
737f2721dbd6,26,state,Sonora,2025,e_selfsupply_new_mw_3y,0.0,MW,derived,S07,e_selfsupply_new_mw_3y,,,,2025.0,public,
204402ecd069,26,state,Sonora,2026,e_selfsupply_new_mw_3y,18.0,MW,estimated,S07,e_selfsupply_new_mw_3y,,,,2026.0,public,INCLUDES_PLANNED_OPERATION_DATES
69f782f5d381,26,state,Sonora,2027,e_selfsupply_new_mw_3y,18.0,MW,estimated,S07,e_selfsupply_new_mw_3y,,,,2026.0,public,INCLUDES_PLANNED_OPERATION_DATES
946121d2f0c7,27,state,Tabasco,2020,e_selfsupply_new_mw_3y,0.0,MW,derived,S07,e_selfsupply_new_mw_3y,,,,2020.0,public,SOME_START_DATES_IMPUTED
2bc7cb7f7ed4,27,state,Tabasco,2021,e_selfsupply_new_mw_3y,0.0,MW,derived,S07,e_selfsupply_new_mw_3y,,,,2021.0,public,SOME_START_DATES_IMPUTED
d043cedc5182,27,state,Tabasco,2022,e_selfsupply_new_mw_3y,0.0,MW,derived,S07,e_selfsupply_new_mw_3y,,,,2022.0,public,SOME_START_DATES_IMPUTED
6d7abca3c088,27,state,Tabasco,2023,e_selfsupply_new_mw_3y,0.0,MW,derived,S07,e_selfsupply_new_mw_3y,,,,2023.0,public,
ca84b44b7bc6,27,state,Tabasco,2024,e_selfsupply_new_mw_3y,0.0,MW,derived,S07,e_selfsupply_new_mw_3y,,,,2024.0,public,
0b3e80e4a663,27,state,Tabasco,2025,e_selfsupply_new_mw_3y,0.0,MW,derived,S07,e_selfsupply_new_mw_3y,,,,2025.0,public,
f0c63c474579,27,state,Tabasco,2026,e_selfsupply_new_mw_3y,0.0,MW,estimated,S07,e_selfsupply_new_mw_3y,,,,2026.0,public,INCLUDES_PLANNED_OPERATION_DATES
3911ee3b3196,27,state,Tabasco,2027,e_selfsupply_new_mw_3y,0.0,MW,estimated,S07,e_selfsupply_new_mw_3y,,,,2026.0,public,INCLUDES_PLANNED_OPERATION_DATES
4f35d71754d5,28,state,Tamaulipas,2020,e_selfsupply_new_mw_3y,118.0,MW,derived,S07,e_selfsupply_new_mw_3y,,,,2020.0,public,SOME_START_DATES_IMPUTED
4942e5e2a7e6,28,state,Tamaulipas,2021,e_selfsupply_new_mw_3y,118.0,MW,derived,S07,e_selfsupply_new_mw_3y,,,,2021.0,public,SOME_START_DATES_IMPUTED
e6180b2a5d81,28,state,Tamaulipas,2022,e_selfsupply_new_mw_3y,117.0,MW,derived,S07,e_selfsupply_new_mw_3y,,,,2022.0,public,SOME_START_DATES_IMPUTED
2a5e1352fec4,28,state,Tamaulipas,2023,e_selfsupply_new_mw_3y,117.0,MW,derived,S07,e_selfsupply_new_mw_3y,,,,2023.0,public,SOME_START_DATES_IMPUTED
4cc38bff6430,28,state,Tamaulipas,2024,e_selfsupply_new_mw_3y,117.0,MW,derived,S07,e_selfsupply_new_mw_3y,,,,2024.0,public,SOME_START_DATES_IMPUTED
b169befaa73a,28,state,Tamaulipas,2025,e_selfsupply_new_mw_3y,0.0,MW,derived,S07,e_selfsupply_new_mw_3y,,,,2025.0,public,
9af3d740af46,28,state,Tamaulipas,2026,e_selfsupply_new_mw_3y,0.0,MW,estimated,S07,e_selfsupply_new_mw_3y,,,,2026.0,public,INCLUDES_PLANNED_OPERATION_DATES
bd33a4e71334,28,state,Tamaulipas,2027,e_selfsupply_new_mw_3y,100.0,MW,estimated,S07,e_selfsupply_new_mw_3y,,,,2026.0,public,INCLUDES_PLANNED_OPERATION_DATES
b06c68e4cff4,29,state,Tlaxcala,2020,e_selfsupply_new_mw_3y,0.0,MW,derived,S07,e_selfsupply_new_mw_3y,,,,2020.0,public,SOME_START_DATES_IMPUTED
41965dae5feb,29,state,Tlaxcala,2021,e_selfsupply_new_mw_3y,0.0,MW,derived,S07,e_selfsupply_new_mw_3y,,,,2021.0,public,SOME_START_DATES_IMPUTED
3289f32445ed,29,state,Tlaxcala,2022,e_selfsupply_new_mw_3y,0.0,MW,derived,S07,e_selfsupply_new_mw_3y,,,,2022.0,public,SOME_START_DATES_IMPUTED
d86d4d2ead56,29,state,Tlaxcala,2023,e_selfsupply_new_mw_3y,0.0,MW,derived,S07,e_selfsupply_new_mw_3y,,,,2023.0,public,
7e304553d520,29,state,Tlaxcala,2024,e_selfsupply_new_mw_3y,0.0,MW,derived,S07,e_selfsupply_new_mw_3y,,,,2024.0,public,
ea976eba1d27,29,state,Tlaxcala,2025,e_selfsupply_new_mw_3y,0.0,MW,derived,S07,e_selfsupply_new_mw_3y,,,,2025.0,public,
bb4c8d4a9060,29,state,Tlaxcala,2026,e_selfsupply_new_mw_3y,0.0,MW,estimated,S07,e_selfsupply_new_mw_3y,,,,2026.0,public,INCLUDES_PLANNED_OPERATION_DATES
10f41f72805b,29,state,Tlaxcala,2027,e_selfsupply_new_mw_3y,0.0,MW,estimated,S07,e_selfsupply_new_mw_3y,,,,2026.0,public,INCLUDES_PLANNED_OPERATION_DATES
709eeb12f019,30,state,Veracruz,2020,e_selfsupply_new_mw_3y,9.45,MW,derived,S07,e_selfsupply_new_mw_3y,,,,2020.0,public,SOME_START_DATES_IMPUTED
b2a4d37bdd87,30,state,Veracruz,2021,e_selfsupply_new_mw_3y,0.0,MW,derived,S07,e_selfsupply_new_mw_3y,,,,2021.0,public,SOME_START_DATES_IMPUTED
b6f59073c2a2,30,state,Veracruz,2022,e_selfsupply_new_mw_3y,0.0,MW,derived,S07,e_selfsupply_new_mw_3y,,,,2022.0,public,SOME_START_DATES_IMPUTED
289a81d9523a,30,state,Veracruz,2023,e_selfsupply_new_mw_3y,0.0,MW,derived,S07,e_selfsupply_new_mw_3y,,,,2023.0,public,SOME_START_DATES_IMPUTED
a312ba064f8d,30,state,Veracruz,2024,e_selfsupply_new_mw_3y,0.0,MW,derived,S07,e_selfsupply_new_mw_3y,,,,2024.0,public,SOME_START_DATES_IMPUTED
84ea81f9132c,30,state,Veracruz,2025,e_selfsupply_new_mw_3y,0.0,MW,derived,S07,e_selfsupply_new_mw_3y,,,,2025.0,public,
350b5e987b0c,30,state,Veracruz,2026,e_selfsupply_new_mw_3y,1.2,MW,estimated,S07,e_selfsupply_new_mw_3y,,,,2026.0,public,INCLUDES_PLANNED_OPERATION_DATES
9fdecfe32b48,30,state,Veracruz,2027,e_selfsupply_new_mw_3y,1.2,MW,estimated,S07,e_selfsupply_new_mw_3y,,,,2026.0,public,INCLUDES_PLANNED_OPERATION_DATES
2a9d6c777abe,31,state,Yucatán,2020,e_selfsupply_new_mw_3y,70.0,MW,derived,S07,e_selfsupply_new_mw_3y,,,,2020.0,public,SOME_START_DATES_IMPUTED
68e2d524266c,31,state,Yucatán,2021,e_selfsupply_new_mw_3y,0.0,MW,derived,S07,e_selfsupply_new_mw_3y,,,,2021.0,public,SOME_START_DATES_IMPUTED
de2a93a1328e,31,state,Yucatán,2022,e_selfsupply_new_mw_3y,0.0,MW,derived,S07,e_selfsupply_new_mw_3y,,,,2022.0,public,SOME_START_DATES_IMPUTED
f7533353415a,31,state,Yucatán,2023,e_selfsupply_new_mw_3y,0.0,MW,derived,S07,e_selfsupply_new_mw_3y,,,,2023.0,public,SOME_START_DATES_IMPUTED
af381e8324b9,31,state,Yucatán,2024,e_selfsupply_new_mw_3y,0.0,MW,derived,S07,e_selfsupply_new_mw_3y,,,,2024.0,public,SOME_START_DATES_IMPUTED
46fba6c6c8bb,31,state,Yucatán,2025,e_selfsupply_new_mw_3y,0.0,MW,derived,S07,e_selfsupply_new_mw_3y,,,,2025.0,public,
981c0938a4fd,31,state,Yucatán,2026,e_selfsupply_new_mw_3y,0.0,MW,estimated,S07,e_selfsupply_new_mw_3y,,,,2026.0,public,INCLUDES_PLANNED_OPERATION_DATES
339476c5d583,31,state,Yucatán,2027,e_selfsupply_new_mw_3y,0.0,MW,estimated,S07,e_selfsupply_new_mw_3y,,,,2026.0,public,INCLUDES_PLANNED_OPERATION_DATES
a43af5756e41,32,state,Zacatecas,2020,e_selfsupply_new_mw_3y,0.0,MW,derived,S07,e_selfsupply_new_mw_3y,,,,2020.0,public,SOME_START_DATES_IMPUTED
21beabd22f8f,32,state,Zacatecas,2021,e_selfsupply_new_mw_3y,0.0,MW,derived,S07,e_selfsupply_new_mw_3y,,,,2021.0,public,SOME_START_DATES_IMPUTED
d272afcfcebc,32,state,Zacatecas,2022,e_selfsupply_new_mw_3y,0.0,MW,derived,S07,e_selfsupply_new_mw_3y,,,,2022.0,public,SOME_START_DATES_IMPUTED
58d380af4458,32,state,Zacatecas,2023,e_selfsupply_new_mw_3y,0.0,MW,derived,S07,e_selfsupply_new_mw_3y,,,,2023.0,public,SOME_START_DATES_IMPUTED
ac5d6967025c,32,state,Zacatecas,2024,e_selfsupply_new_mw_3y,0.0,MW,derived,S07,e_selfsupply_new_mw_3y,,,,2024.0,public,SOME_START_DATES_IMPUTED
0eda4f687a9f,32,state,Zacatecas,2025,e_selfsupply_new_mw_3y,0.0,MW,derived,S07,e_selfsupply_new_mw_3y,,,,2025.0,public,SOME_START_DATES_IMPUTED
6f979c4bb5a2,32,state,Zacatecas,2026,e_selfsupply_new_mw_3y,0.0,MW,estimated,S07,e_selfsupply_new_mw_3y,,,,2026.0,public,INCLUDES_PLANNED_OPERATION_DATES
1370db4ee894,32,state,Zacatecas,2027,e_selfsupply_new_mw_3y,0.0,MW,estimated,S07,e_selfsupply_new_mw_3y,,,,2026.0,public,INCLUDES_PLANNED_OPERATION_DATES
5805fc8310b6,01,state,Aguascalientes,2020,g_climate_instruments,7.0,instruments,documentary,S10,g_climate_instruments,,,,2020.0,public,
08588acf16dc,01,state,Aguascalientes,2021,g_climate_instruments,8.0,instruments,documentary,S10,g_climate_instruments,,,,2021.0,public,
cc817da79cd7,01,state,Aguascalientes,2022,g_climate_instruments,10.0,instruments,documentary,S10,g_climate_instruments,,,,2022.0,public,
4a5cdd0e2fee,01,state,Aguascalientes,2023,g_climate_instruments,10.0,instruments,documentary,S10,g_climate_instruments,,,,2023.0,public,
daae9a43ff71,01,state,Aguascalientes,2024,g_climate_instruments,12.0,instruments,documentary,S10,g_climate_instruments,,,,2024.0,public,
d348bd12c21a,01,state,Aguascalientes,2025,g_climate_instruments,12.0,instruments,documentary,S10,g_climate_instruments,,,,2025.0,public,
8de40a9a5f14,01,state,Aguascalientes,2026,g_climate_instruments,12.0,instruments,documentary,S10,g_climate_instruments,,,,2026.0,public,
eab471e21b6a,01,state,Aguascalientes,2027,g_climate_instruments,12.0,instruments,documentary,S10,g_climate_instruments,,,,2027.0,public,
239dd8d657e8,02,state,Baja California,2020,g_climate_instruments,7.0,instruments,documentary,S10,g_climate_instruments,,,,2020.0,public,
eeba5bef7e7e,02,state,Baja California,2021,g_climate_instruments,8.0,instruments,documentary,S10,g_climate_instruments,,,,2021.0,public,
cf7a56af970b,02,state,Baja California,2022,g_climate_instruments,9.0,instruments,documentary,S10,g_climate_instruments,,,,2022.0,public,
3bb00f58e8b3,02,state,Baja California,2023,g_climate_instruments,10.0,instruments,documentary,S10,g_climate_instruments,,,,2023.0,public,
a447911b81e2,02,state,Baja California,2024,g_climate_instruments,10.0,instruments,documentary,S10,g_climate_instruments,,,,2024.0,public,
b49c1ea753ab,02,state,Baja California,2025,g_climate_instruments,10.0,instruments,documentary,S10,g_climate_instruments,,,,2025.0,public,
f652e9a5da54,02,state,Baja California,2026,g_climate_instruments,10.0,instruments,documentary,S10,g_climate_instruments,,,,2026.0,public,
125c6cbf37bb,02,state,Baja California,2027,g_climate_instruments,10.0,instruments,documentary,S10,g_climate_instruments,,,,2027.0,public,
a66756bc28cd,03,state,Baja California Sur,2020,g_climate_instruments,6.0,instruments,documentary,S10,g_climate_instruments,,,,2020.0,public,
881c7a61cc94,03,state,Baja California Sur,2021,g_climate_instruments,7.0,instruments,documentary,S10,g_climate_instruments,,,,2021.0,public,
3e2bcaddc16f,03,state,Baja California Sur,2022,g_climate_instruments,7.0,instruments,documentary,S10,g_climate_instruments,,,,2022.0,public,
2df250c5fc60,03,state,Baja California Sur,2023,g_climate_instruments,7.0,instruments,documentary,S10,g_climate_instruments,,,,2023.0,public,
c478ab2193fb,03,state,Baja California Sur,2024,g_climate_instruments,8.0,instruments,documentary,S10,g_climate_instruments,,,,2024.0,public,
a16edfb91ce5,03,state,Baja California Sur,2025,g_climate_instruments,9.0,instruments,documentary,S10,g_climate_instruments,,,,2025.0,public,
bffba8f03fb8,03,state,Baja California Sur,2026,g_climate_instruments,9.0,instruments,documentary,S10,g_climate_instruments,,,,2026.0,public,
d8ad0290bb17,03,state,Baja California Sur,2027,g_climate_instruments,9.0,instruments,documentary,S10,g_climate_instruments,,,,2027.0,public,
b0c8ff3ff785,04,state,Campeche,2020,g_climate_instruments,6.0,instruments,documentary,S10,g_climate_instruments,,,,2020.0,public,
11cb713c48d9,04,state,Campeche,2021,g_climate_instruments,6.0,instruments,documentary,S10,g_climate_instruments,,,,2021.0,public,
ced2dd3c3b14,04,state,Campeche,2022,g_climate_instruments,8.0,instruments,documentary,S10,g_climate_instruments,,,,2022.0,public,
d17a31451324,04,state,Campeche,2023,g_climate_instruments,8.0,instruments,documentary,S10,g_climate_instruments,,,,2023.0,public,
873ffd86ece0,04,state,Campeche,2024,g_climate_instruments,10.0,instruments,documentary,S10,g_climate_instruments,,,,2024.0,public,
35a91933278b,04,state,Campeche,2025,g_climate_instruments,10.0,instruments,documentary,S10,g_climate_instruments,,,,2025.0,public,
bc99ffe35381,04,state,Campeche,2026,g_climate_instruments,10.0,instruments,documentary,S10,g_climate_instruments,,,,2026.0,public,
d566b4781cbb,04,state,Campeche,2027,g_climate_instruments,10.0,instruments,documentary,S10,g_climate_instruments,,,,2027.0,public,
d17850cd7622,05,state,Coahuila,2020,g_climate_instruments,9.0,instruments,documentary,S10,g_climate_instruments,,,,2020.0,public,
5e714e51f9fa,05,state,Coahuila,2021,g_climate_instruments,10.0,instruments,documentary,S10,g_climate_instruments,,,,2021.0,public,
6f1a3fd96d12,05,state,Coahuila,2022,g_climate_instruments,11.0,instruments,documentary,S10,g_climate_instruments,,,,2022.0,public,
33e2b340406f,05,state,Coahuila,2023,g_climate_instruments,14.0,instruments,documentary,S10,g_climate_instruments,,,,2023.0,public,
3534685c7706,05,state,Coahuila,2024,g_climate_instruments,14.0,instruments,documentary,S10,g_climate_instruments,,,,2024.0,public,
970445c0750f,05,state,Coahuila,2025,g_climate_instruments,14.0,instruments,documentary,S10,g_climate_instruments,,,,2025.0,public,
80544799d618,05,state,Coahuila,2026,g_climate_instruments,14.0,instruments,documentary,S10,g_climate_instruments,,,,2026.0,public,
cb7ff5a0ff79,05,state,Coahuila,2027,g_climate_instruments,14.0,instruments,documentary,S10,g_climate_instruments,,,,2027.0,public,
c6ccd5634aeb,06,state,Colima,2020,g_climate_instruments,11.0,instruments,documentary,S10,g_climate_instruments,,,,2020.0,public,
605a3289f0e1,06,state,Colima,2021,g_climate_instruments,13.0,instruments,documentary,S10,g_climate_instruments,,,,2021.0,public,
9e0ba3362a9d,06,state,Colima,2022,g_climate_instruments,13.0,instruments,documentary,S10,g_climate_instruments,,,,2022.0,public,
de423107ae21,06,state,Colima,2023,g_climate_instruments,14.0,instruments,documentary,S10,g_climate_instruments,,,,2023.0,public,
c728d207983e,06,state,Colima,2024,g_climate_instruments,14.0,instruments,documentary,S10,g_climate_instruments,,,,2024.0,public,
f285b495ce85,06,state,Colima,2025,g_climate_instruments,14.0,instruments,documentary,S10,g_climate_instruments,,,,2025.0,public,
601e2a804f40,06,state,Colima,2026,g_climate_instruments,14.0,instruments,documentary,S10,g_climate_instruments,,,,2026.0,public,
5056274dc124,06,state,Colima,2027,g_climate_instruments,14.0,instruments,documentary,S10,g_climate_instruments,,,,2027.0,public,
1e9374f72ff4,07,state,Chiapas,2020,g_climate_instruments,9.0,instruments,documentary,S10,g_climate_instruments,,,,2020.0,public,
fc16e64f0bf1,07,state,Chiapas,2021,g_climate_instruments,9.0,instruments,documentary,S10,g_climate_instruments,,,,2021.0,public,
c155a1802c27,07,state,Chiapas,2022,g_climate_instruments,10.0,instruments,documentary,S10,g_climate_instruments,,,,2022.0,public,
2f525226a7b3,07,state,Chiapas,2023,g_climate_instruments,11.0,instruments,documentary,S10,g_climate_instruments,,,,2023.0,public,
d350980ee04f,07,state,Chiapas,2024,g_climate_instruments,12.0,instruments,documentary,S10,g_climate_instruments,,,,2024.0,public,
0a0f43ddb5d9,07,state,Chiapas,2025,g_climate_instruments,13.0,instruments,documentary,S10,g_climate_instruments,,,,2025.0,public,
c88294addeab,07,state,Chiapas,2026,g_climate_instruments,13.0,instruments,documentary,S10,g_climate_instruments,,,,2026.0,public,
b461298cac12,07,state,Chiapas,2027,g_climate_instruments,13.0,instruments,documentary,S10,g_climate_instruments,,,,2027.0,public,
ef3af44d9454,08,state,Chihuahua,2020,g_climate_instruments,7.0,instruments,documentary,S10,g_climate_instruments,,,,2020.0,public,
0bfb8ac4d8b1,08,state,Chihuahua,2021,g_climate_instruments,7.0,instruments,documentary,S10,g_climate_instruments,,,,2021.0,public,
aa9c3ec949f3,08,state,Chihuahua,2022,g_climate_instruments,10.0,instruments,documentary,S10,g_climate_instruments,,,,2022.0,public,
78f95d80932f,08,state,Chihuahua,2023,g_climate_instruments,10.0,instruments,documentary,S10,g_climate_instruments,,,,2023.0,public,
3a18162febd2,08,state,Chihuahua,2024,g_climate_instruments,10.0,instruments,documentary,S10,g_climate_instruments,,,,2024.0,public,
22559c5461f7,08,state,Chihuahua,2025,g_climate_instruments,10.0,instruments,documentary,S10,g_climate_instruments,,,,2025.0,public,
1af1645012e8,08,state,Chihuahua,2026,g_climate_instruments,10.0,instruments,documentary,S10,g_climate_instruments,,,,2026.0,public,
02c11a19dd7e,08,state,Chihuahua,2027,g_climate_instruments,10.0,instruments,documentary,S10,g_climate_instruments,,,,2027.0,public,
9416323f10aa,09,state,Ciudad de México,2020,g_climate_instruments,9.0,instruments,documentary,S10,g_climate_instruments,,,,2020.0,public,
05338b0fee33,09,state,Ciudad de México,2021,g_climate_instruments,17.0,instruments,documentary,S10,g_climate_instruments,,,,2021.0,public,
b98f45cab040,09,state,Ciudad de México,2022,g_climate_instruments,17.0,instruments,documentary,S10,g_climate_instruments,,,,2022.0,public,
8af0bb385dd7,09,state,Ciudad de México,2023,g_climate_instruments,17.0,instruments,documentary,S10,g_climate_instruments,,,,2023.0,public,
7ea4df75cf0a,09,state,Ciudad de México,2024,g_climate_instruments,17.0,instruments,documentary,S10,g_climate_instruments,,,,2024.0,public,
ca95b23f6418,09,state,Ciudad de México,2025,g_climate_instruments,17.0,instruments,documentary,S10,g_climate_instruments,,,,2025.0,public,
fc6cf809774d,09,state,Ciudad de México,2026,g_climate_instruments,17.0,instruments,documentary,S10,g_climate_instruments,,,,2026.0,public,
9b9f8eb5b92a,09,state,Ciudad de México,2027,g_climate_instruments,17.0,instruments,documentary,S10,g_climate_instruments,,,,2027.0,public,
18a3acbc4bd9,10,state,Durango,2020,g_climate_instruments,7.0,instruments,documentary,S10,g_climate_instruments,,,,2020.0,public,
c9b3066fc4cf,10,state,Durango,2021,g_climate_instruments,10.0,instruments,documentary,S10,g_climate_instruments,,,,2021.0,public,
33d8ec75bfe6,10,state,Durango,2022,g_climate_instruments,10.0,instruments,documentary,S10,g_climate_instruments,,,,2022.0,public,
a42c667ce5a2,10,state,Durango,2023,g_climate_instruments,11.0,instruments,documentary,S10,g_climate_instruments,,,,2023.0,public,
50991043adc2,10,state,Durango,2024,g_climate_instruments,12.0,instruments,documentary,S10,g_climate_instruments,,,,2024.0,public,
d34d3a5c4656,10,state,Durango,2025,g_climate_instruments,12.0,instruments,documentary,S10,g_climate_instruments,,,,2025.0,public,
febad6dbbc8d,10,state,Durango,2026,g_climate_instruments,12.0,instruments,documentary,S10,g_climate_instruments,,,,2026.0,public,
46e83c482630,10,state,Durango,2027,g_climate_instruments,12.0,instruments,documentary,S10,g_climate_instruments,,,,2027.0,public,
122fc921c5cd,11,state,Guanajuato,2020,g_climate_instruments,7.0,instruments,documentary,S10,g_climate_instruments,,,,2020.0,public,
d79cc4e9cc6a,11,state,Guanajuato,2021,g_climate_instruments,8.0,instruments,documentary,S10,g_climate_instruments,,,,2021.0,public,
1f7e791cee45,11,state,Guanajuato,2022,g_climate_instruments,9.0,instruments,documentary,S10,g_climate_instruments,,,,2022.0,public,
d507152e767a,11,state,Guanajuato,2023,g_climate_instruments,10.0,instruments,documentary,S10,g_climate_instruments,,,,2023.0,public,
606cc5c13b46,11,state,Guanajuato,2024,g_climate_instruments,14.0,instruments,documentary,S10,g_climate_instruments,,,,2024.0,public,
29d18cfaf7fa,11,state,Guanajuato,2025,g_climate_instruments,15.0,instruments,documentary,S10,g_climate_instruments,,,,2025.0,public,
4c337029ec82,11,state,Guanajuato,2026,g_climate_instruments,15.0,instruments,documentary,S10,g_climate_instruments,,,,2026.0,public,
652deb12de7f,11,state,Guanajuato,2027,g_climate_instruments,15.0,instruments,documentary,S10,g_climate_instruments,,,,2027.0,public,
bc6af7c7d2a4,12,state,Guerrero,2020,g_climate_instruments,9.0,instruments,documentary,S10,g_climate_instruments,,,,2020.0,public,
ba850cb10e2a,12,state,Guerrero,2021,g_climate_instruments,9.0,instruments,documentary,S10,g_climate_instruments,,,,2021.0,public,
c5638b47bdb4,12,state,Guerrero,2022,g_climate_instruments,9.0,instruments,documentary,S10,g_climate_instruments,,,,2022.0,public,
2297ad7d7e24,12,state,Guerrero,2023,g_climate_instruments,10.0,instruments,documentary,S10,g_climate_instruments,,,,2023.0,public,
bd705b1c8a69,12,state,Guerrero,2024,g_climate_instruments,12.0,instruments,documentary,S10,g_climate_instruments,,,,2024.0,public,
226ac6a2a915,12,state,Guerrero,2025,g_climate_instruments,12.0,instruments,documentary,S10,g_climate_instruments,,,,2025.0,public,
be782df07674,12,state,Guerrero,2026,g_climate_instruments,12.0,instruments,documentary,S10,g_climate_instruments,,,,2026.0,public,
da5bec558f94,12,state,Guerrero,2027,g_climate_instruments,12.0,instruments,documentary,S10,g_climate_instruments,,,,2027.0,public,
2ed018da51c1,13,state,Hidalgo,2020,g_climate_instruments,4.0,instruments,documentary,S10,g_climate_instruments,,,,2020.0,public,
ae7ddc67a702,13,state,Hidalgo,2021,g_climate_instruments,4.0,instruments,documentary,S10,g_climate_instruments,,,,2021.0,public,
5119c16e6cbf,13,state,Hidalgo,2022,g_climate_instruments,6.0,instruments,documentary,S10,g_climate_instruments,,,,2022.0,public,
b91f52d48dfe,13,state,Hidalgo,2023,g_climate_instruments,10.0,instruments,documentary,S10,g_climate_instruments,,,,2023.0,public,
2997f9466e4c,13,state,Hidalgo,2024,g_climate_instruments,13.0,instruments,documentary,S10,g_climate_instruments,,,,2024.0,public,
ae6bd241995b,13,state,Hidalgo,2025,g_climate_instruments,13.0,instruments,documentary,S10,g_climate_instruments,,,,2025.0,public,
cf336a53640f,13,state,Hidalgo,2026,g_climate_instruments,13.0,instruments,documentary,S10,g_climate_instruments,,,,2026.0,public,
8fb3fcbabf8f,13,state,Hidalgo,2027,g_climate_instruments,13.0,instruments,documentary,S10,g_climate_instruments,,,,2027.0,public,
bfe0d9723dcb,14,state,Jalisco,2020,g_climate_instruments,11.0,instruments,documentary,S10,g_climate_instruments,,,,2020.0,public,
d362c880f114,14,state,Jalisco,2021,g_climate_instruments,12.0,instruments,documentary,S10,g_climate_instruments,,,,2021.0,public,
729bc88d2c31,14,state,Jalisco,2022,g_climate_instruments,12.0,instruments,documentary,S10,g_climate_instruments,,,,2022.0,public,
912b04cfac89,14,state,Jalisco,2023,g_climate_instruments,12.0,instruments,documentary,S10,g_climate_instruments,,,,2023.0,public,
bdda599f3b96,14,state,Jalisco,2024,g_climate_instruments,13.0,instruments,documentary,S10,g_climate_instruments,,,,2024.0,public,
bdf8295e52e1,14,state,Jalisco,2025,g_climate_instruments,13.0,instruments,documentary,S10,g_climate_instruments,,,,2025.0,public,
2abb66c455bb,14,state,Jalisco,2026,g_climate_instruments,13.0,instruments,documentary,S10,g_climate_instruments,,,,2026.0,public,
a483717935f0,14,state,Jalisco,2027,g_climate_instruments,13.0,instruments,documentary,S10,g_climate_instruments,,,,2027.0,public,
5ea37b23d44a,15,state,Estado de México,2020,g_climate_instruments,9.0,instruments,documentary,S10,g_climate_instruments,,,,2020.0,public,
84a141b42584,15,state,Estado de México,2021,g_climate_instruments,9.0,instruments,documentary,S10,g_climate_instruments,,,,2021.0,public,
9acbc22b45d8,15,state,Estado de México,2022,g_climate_instruments,11.0,instruments,documentary,S10,g_climate_instruments,,,,2022.0,public,
6e977bebda80,15,state,Estado de México,2023,g_climate_instruments,13.0,instruments,documentary,S10,g_climate_instruments,,,,2023.0,public,
06eff6893663,15,state,Estado de México,2024,g_climate_instruments,15.0,instruments,documentary,S10,g_climate_instruments,,,,2024.0,public,
d3388d1f2eb3,15,state,Estado de México,2025,g_climate_instruments,16.0,instruments,documentary,S10,g_climate_instruments,,,,2025.0,public,
793029ed286d,15,state,Estado de México,2026,g_climate_instruments,16.0,instruments,documentary,S10,g_climate_instruments,,,,2026.0,public,
2886209b1e22,15,state,Estado de México,2027,g_climate_instruments,16.0,instruments,documentary,S10,g_climate_instruments,,,,2027.0,public,
ae8b737b3c02,16,state,Michoacán,2020,g_climate_instruments,10.0,instruments,documentary,S10,g_climate_instruments,,,,2020.0,public,
66e2b6a5adfe,16,state,Michoacán,2021,g_climate_instruments,10.0,instruments,documentary,S10,g_climate_instruments,,,,2021.0,public,
d5502d1094d4,16,state,Michoacán,2022,g_climate_instruments,10.0,instruments,documentary,S10,g_climate_instruments,,,,2022.0,public,
72ebd1c95ca2,16,state,Michoacán,2023,g_climate_instruments,10.0,instruments,documentary,S10,g_climate_instruments,,,,2023.0,public,
d8d5ca5b8733,16,state,Michoacán,2024,g_climate_instruments,10.0,instruments,documentary,S10,g_climate_instruments,,,,2024.0,public,
3ab52fad56fa,16,state,Michoacán,2025,g_climate_instruments,10.0,instruments,documentary,S10,g_climate_instruments,,,,2025.0,public,
d16bc4a207b8,16,state,Michoacán,2026,g_climate_instruments,10.0,instruments,documentary,S10,g_climate_instruments,,,,2026.0,public,
9efff1c264e6,16,state,Michoacán,2027,g_climate_instruments,10.0,instruments,documentary,S10,g_climate_instruments,,,,2027.0,public,
ee350efbba40,17,state,Morelos,2020,g_climate_instruments,5.0,instruments,documentary,S10,g_climate_instruments,,,,2020.0,public,
e302cb03fbe7,17,state,Morelos,2021,g_climate_instruments,6.0,instruments,documentary,S10,g_climate_instruments,,,,2021.0,public,
355b0a5b7de8,17,state,Morelos,2022,g_climate_instruments,7.0,instruments,documentary,S10,g_climate_instruments,,,,2022.0,public,
21443cfafebe,17,state,Morelos,2023,g_climate_instruments,7.0,instruments,documentary,S10,g_climate_instruments,,,,2023.0,public,
cb18f223e2af,17,state,Morelos,2024,g_climate_instruments,7.0,instruments,documentary,S10,g_climate_instruments,,,,2024.0,public,
4534efae50d6,17,state,Morelos,2025,g_climate_instruments,9.0,instruments,documentary,S10,g_climate_instruments,,,,2025.0,public,
fc114864ce8a,17,state,Morelos,2026,g_climate_instruments,9.0,instruments,documentary,S10,g_climate_instruments,,,,2026.0,public,
48d90c883f6e,17,state,Morelos,2027,g_climate_instruments,9.0,instruments,documentary,S10,g_climate_instruments,,,,2027.0,public,
5b08afffae80,18,state,Nayarit,2020,g_climate_instruments,6.0,instruments,documentary,S10,g_climate_instruments,,,,2020.0,public,
e0f80a549a6c,18,state,Nayarit,2021,g_climate_instruments,7.0,instruments,documentary,S10,g_climate_instruments,,,,2021.0,public,
752b371a89d9,18,state,Nayarit,2022,g_climate_instruments,7.0,instruments,documentary,S10,g_climate_instruments,,,,2022.0,public,
40eed3627a61,18,state,Nayarit,2023,g_climate_instruments,7.0,instruments,documentary,S10,g_climate_instruments,,,,2023.0,public,
39f6344d28c0,18,state,Nayarit,2024,g_climate_instruments,7.0,instruments,documentary,S10,g_climate_instruments,,,,2024.0,public,
b2b3884ef1bf,18,state,Nayarit,2025,g_climate_instruments,7.0,instruments,documentary,S10,g_climate_instruments,,,,2025.0,public,
b2c134579e00,18,state,Nayarit,2026,g_climate_instruments,7.0,instruments,documentary,S10,g_climate_instruments,,,,2026.0,public,
144e7edccd6e,18,state,Nayarit,2027,g_climate_instruments,7.0,instruments,documentary,S10,g_climate_instruments,,,,2027.0,public,
9e9f13832099,19,state,Nuevo León,2020,g_climate_instruments,8.0,instruments,documentary,S10,g_climate_instruments,,,,2020.0,public,
137924f740b7,19,state,Nuevo León,2021,g_climate_instruments,8.0,instruments,documentary,S10,g_climate_instruments,,,,2021.0,public,
de7d8637c4dc,19,state,Nuevo León,2022,g_climate_instruments,10.0,instruments,documentary,S10,g_climate_instruments,,,,2022.0,public,
9d1568cc8ab3,19,state,Nuevo León,2023,g_climate_instruments,10.0,instruments,documentary,S10,g_climate_instruments,,,,2023.0,public,
62c1cf35e969,19,state,Nuevo León,2024,g_climate_instruments,13.0,instruments,documentary,S10,g_climate_instruments,,,,2024.0,public,
3bb56c966292,19,state,Nuevo León,2025,g_climate_instruments,13.0,instruments,documentary,S10,g_climate_instruments,,,,2025.0,public,
7a3fcc71b2a5,19,state,Nuevo León,2026,g_climate_instruments,13.0,instruments,documentary,S10,g_climate_instruments,,,,2026.0,public,
340504bebe20,19,state,Nuevo León,2027,g_climate_instruments,13.0,instruments,documentary,S10,g_climate_instruments,,,,2027.0,public,
38e793384a47,20,state,Oaxaca,2020,g_climate_instruments,6.0,instruments,documentary,S10,g_climate_instruments,,,,2020.0,public,
f3358673154b,20,state,Oaxaca,2021,g_climate_instruments,6.0,instruments,documentary,S10,g_climate_instruments,,,,2021.0,public,
451eff46555d,20,state,Oaxaca,2022,g_climate_instruments,7.0,instruments,documentary,S10,g_climate_instruments,,,,2022.0,public,
27bb435f413b,20,state,Oaxaca,2023,g_climate_instruments,8.0,instruments,documentary,S10,g_climate_instruments,,,,2023.0,public,
6e20fc8bf957,20,state,Oaxaca,2024,g_climate_instruments,15.0,instruments,documentary,S10,g_climate_instruments,,,,2024.0,public,
637e7bc150f3,20,state,Oaxaca,2025,g_climate_instruments,15.0,instruments,documentary,S10,g_climate_instruments,,,,2025.0,public,
43e2d3128e6e,20,state,Oaxaca,2026,g_climate_instruments,15.0,instruments,documentary,S10,g_climate_instruments,,,,2026.0,public,
aadcd165bcc7,20,state,Oaxaca,2027,g_climate_instruments,15.0,instruments,documentary,S10,g_climate_instruments,,,,2027.0,public,
5aa2248abfba,21,state,Puebla,2020,g_climate_instruments,5.0,instruments,documentary,S10,g_climate_instruments,,,,2020.0,public,
ce036fade5d7,21,state,Puebla,2021,g_climate_instruments,11.0,instruments,documentary,S10,g_climate_instruments,,,,2021.0,public,
94828d195f00,21,state,Puebla,2022,g_climate_instruments,11.0,instruments,documentary,S10,g_climate_instruments,,,,2022.0,public,
46b928c4e99b,21,state,Puebla,2023,g_climate_instruments,11.0,instruments,documentary,S10,g_climate_instruments,,,,2023.0,public,
53542f47efdb,21,state,Puebla,2024,g_climate_instruments,13.0,instruments,documentary,S10,g_climate_instruments,,,,2024.0,public,
c97d1bb10cbd,21,state,Puebla,2025,g_climate_instruments,15.0,instruments,documentary,S10,g_climate_instruments,,,,2025.0,public,
d77df31029a3,21,state,Puebla,2026,g_climate_instruments,15.0,instruments,documentary,S10,g_climate_instruments,,,,2026.0,public,
8cf895a6c1a1,21,state,Puebla,2027,g_climate_instruments,15.0,instruments,documentary,S10,g_climate_instruments,,,,2027.0,public,
89eaad59f4ea,22,state,Querétaro,2020,g_climate_instruments,6.0,instruments,documentary,S10,g_climate_instruments,,,,2020.0,public,
c9cd5adeac91,22,state,Querétaro,2021,g_climate_instruments,11.0,instruments,documentary,S10,g_climate_instruments,,,,2021.0,public,
47ad5fe340ad,22,state,Querétaro,2022,g_climate_instruments,16.0,instruments,documentary,S10,g_climate_instruments,,,,2022.0,public,
cebdd919c693,22,state,Querétaro,2023,g_climate_instruments,17.0,instruments,documentary,S10,g_climate_instruments,,,,2023.0,public,
549f41eb26b1,22,state,Querétaro,2024,g_climate_instruments,17.0,instruments,documentary,S10,g_climate_instruments,,,,2024.0,public,
ee6ba20f2844,22,state,Querétaro,2025,g_climate_instruments,17.0,instruments,documentary,S10,g_climate_instruments,,,,2025.0,public,
8658444efa69,22,state,Querétaro,2026,g_climate_instruments,17.0,instruments,documentary,S10,g_climate_instruments,,,,2026.0,public,
17e69abb9012,22,state,Querétaro,2027,g_climate_instruments,17.0,instruments,documentary,S10,g_climate_instruments,,,,2027.0,public,
c3fddb63dcc5,23,state,Quintana Roo,2020,g_climate_instruments,9.0,instruments,documentary,S10,g_climate_instruments,,,,2020.0,public,
264368c5bfc1,23,state,Quintana Roo,2021,g_climate_instruments,9.0,instruments,documentary,S10,g_climate_instruments,,,,2021.0,public,
83047336e5f5,23,state,Quintana Roo,2022,g_climate_instruments,10.0,instruments,documentary,S10,g_climate_instruments,,,,2022.0,public,
df4f6dc2a708,23,state,Quintana Roo,2023,g_climate_instruments,12.0,instruments,documentary,S10,g_climate_instruments,,,,2023.0,public,
1d334591a7de,23,state,Quintana Roo,2024,g_climate_instruments,12.0,instruments,documentary,S10,g_climate_instruments,,,,2024.0,public,
2dd281c51cc0,23,state,Quintana Roo,2025,g_climate_instruments,13.0,instruments,documentary,S10,g_climate_instruments,,,,2025.0,public,
8ce8af42ffa5,23,state,Quintana Roo,2026,g_climate_instruments,13.0,instruments,documentary,S10,g_climate_instruments,,,,2026.0,public,
d1e21da6cfc3,23,state,Quintana Roo,2027,g_climate_instruments,13.0,instruments,documentary,S10,g_climate_instruments,,,,2027.0,public,
70f666db95eb,24,state,San Luis Potosí,2020,g_climate_instruments,10.0,instruments,documentary,S10,g_climate_instruments,,,,2020.0,public,
d2e865c094fe,24,state,San Luis Potosí,2021,g_climate_instruments,11.0,instruments,documentary,S10,g_climate_instruments,,,,2021.0,public,
e4168a0aacf4,24,state,San Luis Potosí,2022,g_climate_instruments,11.0,instruments,documentary,S10,g_climate_instruments,,,,2022.0,public,
42e8d8a68a95,24,state,San Luis Potosí,2023,g_climate_instruments,11.0,instruments,documentary,S10,g_climate_instruments,,,,2023.0,public,
f7f8ef6c63b2,24,state,San Luis Potosí,2024,g_climate_instruments,11.0,instruments,documentary,S10,g_climate_instruments,,,,2024.0,public,
e9c5aa8c6530,24,state,San Luis Potosí,2025,g_climate_instruments,11.0,instruments,documentary,S10,g_climate_instruments,,,,2025.0,public,
4607fb539f46,24,state,San Luis Potosí,2026,g_climate_instruments,11.0,instruments,documentary,S10,g_climate_instruments,,,,2026.0,public,
6bd82055eca9,24,state,San Luis Potosí,2027,g_climate_instruments,11.0,instruments,documentary,S10,g_climate_instruments,,,,2027.0,public,
deb6b454af67,25,state,Sinaloa,2020,g_climate_instruments,10.0,instruments,documentary,S10,g_climate_instruments,,,,2020.0,public,
51232908a340,25,state,Sinaloa,2021,g_climate_instruments,10.0,instruments,documentary,S10,g_climate_instruments,,,,2021.0,public,
0ee9ec7b4778,25,state,Sinaloa,2022,g_climate_instruments,10.0,instruments,documentary,S10,g_climate_instruments,,,,2022.0,public,
dd85ce877602,25,state,Sinaloa,2023,g_climate_instruments,10.0,instruments,documentary,S10,g_climate_instruments,,,,2023.0,public,
44eb190041d7,25,state,Sinaloa,2024,g_climate_instruments,10.0,instruments,documentary,S10,g_climate_instruments,,,,2024.0,public,
6494c7d16463,25,state,Sinaloa,2025,g_climate_instruments,10.0,instruments,documentary,S10,g_climate_instruments,,,,2025.0,public,
8ba7ab2b251f,25,state,Sinaloa,2026,g_climate_instruments,10.0,instruments,documentary,S10,g_climate_instruments,,,,2026.0,public,
1aa82752bb2a,25,state,Sinaloa,2027,g_climate_instruments,10.0,instruments,documentary,S10,g_climate_instruments,,,,2027.0,public,
ca47fc64feb0,26,state,Sonora,2020,g_climate_instruments,7.0,instruments,documentary,S10,g_climate_instruments,,,,2020.0,public,
7479b6d32675,26,state,Sonora,2021,g_climate_instruments,10.0,instruments,documentary,S10,g_climate_instruments,,,,2021.0,public,
dced8e7857e3,26,state,Sonora,2022,g_climate_instruments,10.0,instruments,documentary,S10,g_climate_instruments,,,,2022.0,public,
36afbe1d24e9,26,state,Sonora,2023,g_climate_instruments,10.0,instruments,documentary,S10,g_climate_instruments,,,,2023.0,public,
e1a50d5e47ef,26,state,Sonora,2024,g_climate_instruments,11.0,instruments,documentary,S10,g_climate_instruments,,,,2024.0,public,
ba6ac604ceec,26,state,Sonora,2025,g_climate_instruments,11.0,instruments,documentary,S10,g_climate_instruments,,,,2025.0,public,
9b9365859dbb,26,state,Sonora,2026,g_climate_instruments,11.0,instruments,documentary,S10,g_climate_instruments,,,,2026.0,public,
6146e0ffd17c,26,state,Sonora,2027,g_climate_instruments,11.0,instruments,documentary,S10,g_climate_instruments,,,,2027.0,public,
e1836049b359,27,state,Tabasco,2020,g_climate_instruments,11.0,instruments,documentary,S10,g_climate_instruments,,,,2020.0,public,
a58930f34e58,27,state,Tabasco,2021,g_climate_instruments,11.0,instruments,documentary,S10,g_climate_instruments,,,,2021.0,public,
0a4ef5a46571,27,state,Tabasco,2022,g_climate_instruments,11.0,instruments,documentary,S10,g_climate_instruments,,,,2022.0,public,
1c3477a010de,27,state,Tabasco,2023,g_climate_instruments,11.0,instruments,documentary,S10,g_climate_instruments,,,,2023.0,public,
c460f815286b,27,state,Tabasco,2024,g_climate_instruments,12.0,instruments,documentary,S10,g_climate_instruments,,,,2024.0,public,
77af4b859faa,27,state,Tabasco,2025,g_climate_instruments,12.0,instruments,documentary,S10,g_climate_instruments,,,,2025.0,public,
fd427a486f50,27,state,Tabasco,2026,g_climate_instruments,12.0,instruments,documentary,S10,g_climate_instruments,,,,2026.0,public,
e72b45fc1097,27,state,Tabasco,2027,g_climate_instruments,12.0,instruments,documentary,S10,g_climate_instruments,,,,2027.0,public,
30da04290264,28,state,Tamaulipas,2020,g_climate_instruments,9.0,instruments,documentary,S10,g_climate_instruments,,,,2020.0,public,
b68f97a9924b,28,state,Tamaulipas,2021,g_climate_instruments,9.0,instruments,documentary,S10,g_climate_instruments,,,,2021.0,public,
e640b75a7982,28,state,Tamaulipas,2022,g_climate_instruments,11.0,instruments,documentary,S10,g_climate_instruments,,,,2022.0,public,
6372c212b4d3,28,state,Tamaulipas,2023,g_climate_instruments,12.0,instruments,documentary,S10,g_climate_instruments,,,,2023.0,public,
adeb1acb158f,28,state,Tamaulipas,2024,g_climate_instruments,16.0,instruments,documentary,S10,g_climate_instruments,,,,2024.0,public,
e3e4b950fda8,28,state,Tamaulipas,2025,g_climate_instruments,17.0,instruments,documentary,S10,g_climate_instruments,,,,2025.0,public,
fc0eb05585ff,28,state,Tamaulipas,2026,g_climate_instruments,17.0,instruments,documentary,S10,g_climate_instruments,,,,2026.0,public,
5c147c31aae0,28,state,Tamaulipas,2027,g_climate_instruments,17.0,instruments,documentary,S10,g_climate_instruments,,,,2027.0,public,
965982205ec3,29,state,Tlaxcala,2020,g_climate_instruments,5.0,instruments,documentary,S10,g_climate_instruments,,,,2020.0,public,
30d0aee39fb1,29,state,Tlaxcala,2021,g_climate_instruments,5.0,instruments,documentary,S10,g_climate_instruments,,,,2021.0,public,
97285fd60337,29,state,Tlaxcala,2022,g_climate_instruments,8.0,instruments,documentary,S10,g_climate_instruments,,,,2022.0,public,
475128d53522,29,state,Tlaxcala,2023,g_climate_instruments,10.0,instruments,documentary,S10,g_climate_instruments,,,,2023.0,public,
b7212979c0cd,29,state,Tlaxcala,2024,g_climate_instruments,15.0,instruments,documentary,S10,g_climate_instruments,,,,2024.0,public,
a1167a2bec88,29,state,Tlaxcala,2025,g_climate_instruments,15.0,instruments,documentary,S10,g_climate_instruments,,,,2025.0,public,
50867c60a6a6,29,state,Tlaxcala,2026,g_climate_instruments,15.0,instruments,documentary,S10,g_climate_instruments,,,,2026.0,public,
6dce84e988be,29,state,Tlaxcala,2027,g_climate_instruments,15.0,instruments,documentary,S10,g_climate_instruments,,,,2027.0,public,
e361c7a4e2e0,30,state,Veracruz,2020,g_climate_instruments,5.0,instruments,documentary,S10,g_climate_instruments,,,,2020.0,public,
71a390d533fa,30,state,Veracruz,2021,g_climate_instruments,5.0,instruments,documentary,S10,g_climate_instruments,,,,2021.0,public,
f08c80a32f87,30,state,Veracruz,2022,g_climate_instruments,5.0,instruments,documentary,S10,g_climate_instruments,,,,2022.0,public,
c2646c0d655b,30,state,Veracruz,2023,g_climate_instruments,7.0,instruments,documentary,S10,g_climate_instruments,,,,2023.0,public,
06ad562bc340,30,state,Veracruz,2024,g_climate_instruments,9.0,instruments,documentary,S10,g_climate_instruments,,,,2024.0,public,
cc8de794d022,30,state,Veracruz,2025,g_climate_instruments,11.0,instruments,documentary,S10,g_climate_instruments,,,,2025.0,public,
7dd737e946f3,30,state,Veracruz,2026,g_climate_instruments,11.0,instruments,documentary,S10,g_climate_instruments,,,,2026.0,public,
f50773a10ffc,30,state,Veracruz,2027,g_climate_instruments,11.0,instruments,documentary,S10,g_climate_instruments,,,,2027.0,public,
70695641fc3c,31,state,Yucatán,2020,g_climate_instruments,3.0,instruments,documentary,S10,g_climate_instruments,,,,2020.0,public,
f865f8180036,31,state,Yucatán,2021,g_climate_instruments,7.0,instruments,documentary,S10,g_climate_instruments,,,,2021.0,public,
25e69ba0db79,31,state,Yucatán,2022,g_climate_instruments,7.0,instruments,documentary,S10,g_climate_instruments,,,,2022.0,public,
87b0324ab5c7,31,state,Yucatán,2023,g_climate_instruments,8.0,instruments,documentary,S10,g_climate_instruments,,,,2023.0,public,
9487fca996db,31,state,Yucatán,2024,g_climate_instruments,14.0,instruments,documentary,S10,g_climate_instruments,,,,2024.0,public,
a4c4102480af,31,state,Yucatán,2025,g_climate_instruments,15.0,instruments,documentary,S10,g_climate_instruments,,,,2025.0,public,
1c0e1cf4b47a,31,state,Yucatán,2026,g_climate_instruments,15.0,instruments,documentary,S10,g_climate_instruments,,,,2026.0,public,
04faca7f7f05,31,state,Yucatán,2027,g_climate_instruments,15.0,instruments,documentary,S10,g_climate_instruments,,,,2027.0,public,
5c3e8bb11a7e,32,state,Zacatecas,2020,g_climate_instruments,9.0,instruments,documentary,S10,g_climate_instruments,,,,2020.0,public,
99a80b25d7d4,32,state,Zacatecas,2021,g_climate_instruments,9.0,instruments,documentary,S10,g_climate_instruments,,,,2021.0,public,
52f07f3414de,32,state,Zacatecas,2022,g_climate_instruments,9.0,instruments,documentary,S10,g_climate_instruments,,,,2022.0,public,
bcd6dbfd8268,32,state,Zacatecas,2023,g_climate_instruments,9.0,instruments,documentary,S10,g_climate_instruments,,,,2023.0,public,
c029c9549b43,32,state,Zacatecas,2024,g_climate_instruments,9.0,instruments,documentary,S10,g_climate_instruments,,,,2024.0,public,
b79f812602b7,32,state,Zacatecas,2025,g_climate_instruments,9.0,instruments,documentary,S10,g_climate_instruments,,,,2025.0,public,
6aa26cf1d0dd,32,state,Zacatecas,2026,g_climate_instruments,9.0,instruments,documentary,S10,g_climate_instruments,,,,2026.0,public,
2cea2c5f009a,32,state,Zacatecas,2027,g_climate_instruments,9.0,instruments,documentary,S10,g_climate_instruments,,,,2027.0,public,
8ec46007bf3b,01,state,Aguascalientes,2020,g_groundwater_ordinance_area,100.0,% of state area,geospatial,S04|S05|S06|S12,g_groundwater_ordinance_area,,,,2020.0,public,GEOMETRY_AS_OF_FILE_DATE
9e7c1d9bd986,01,state,Aguascalientes,2021,g_groundwater_ordinance_area,100.0,% of state area,geospatial,S04|S05|S06|S12,g_groundwater_ordinance_area,,,,2021.0,public,GEOMETRY_AS_OF_FILE_DATE
1dec6b57e47e,01,state,Aguascalientes,2022,g_groundwater_ordinance_area,100.0,% of state area,geospatial,S04|S05|S06|S12,g_groundwater_ordinance_area,,,,2022.0,public,GEOMETRY_AS_OF_FILE_DATE
a63f4b346d3c,01,state,Aguascalientes,2023,g_groundwater_ordinance_area,100.0,% of state area,geospatial,S04|S05|S06|S12,g_groundwater_ordinance_area,,,,2023.0,public,GEOMETRY_AS_OF_FILE_DATE
504c7f623dc5,01,state,Aguascalientes,2024,g_groundwater_ordinance_area,100.0,% of state area,geospatial,S04|S05|S06|S12,g_groundwater_ordinance_area,,,,2024.0,public,GEOMETRY_AS_OF_FILE_DATE
431ce2a1f4c7,01,state,Aguascalientes,2025,g_groundwater_ordinance_area,100.0,% of state area,geospatial,S04|S05|S06|S12,g_groundwater_ordinance_area,,,,2025.0,public,GEOMETRY_AS_OF_FILE_DATE
bfb674ae7082,01,state,Aguascalientes,2026,g_groundwater_ordinance_area,100.0,% of state area,geospatial,S04|S05|S06|S12,g_groundwater_ordinance_area,,,,2026.0,public,GEOMETRY_AS_OF_FILE_DATE
35e004d9da79,01,state,Aguascalientes,2027,g_groundwater_ordinance_area,100.0,% of state area,geospatial,S04|S05|S06|S12,g_groundwater_ordinance_area,,,,2027.0,public,GEOMETRY_AS_OF_FILE_DATE
7bf439068b5b,02,state,Baja California,2020,g_groundwater_ordinance_area,97.463,% of state area,geospatial,S04|S05|S06|S12,g_groundwater_ordinance_area,,,,2020.0,public,GEOMETRY_AS_OF_FILE_DATE
8a51be5ac25e,02,state,Baja California,2021,g_groundwater_ordinance_area,97.463,% of state area,geospatial,S04|S05|S06|S12,g_groundwater_ordinance_area,,,,2021.0,public,GEOMETRY_AS_OF_FILE_DATE
e08403960ab6,02,state,Baja California,2022,g_groundwater_ordinance_area,97.463,% of state area,geospatial,S04|S05|S06|S12,g_groundwater_ordinance_area,,,,2022.0,public,GEOMETRY_AS_OF_FILE_DATE
b3ebab25853b,02,state,Baja California,2023,g_groundwater_ordinance_area,97.463,% of state area,geospatial,S04|S05|S06|S12,g_groundwater_ordinance_area,,,,2023.0,public,GEOMETRY_AS_OF_FILE_DATE
f21e2def421a,02,state,Baja California,2024,g_groundwater_ordinance_area,97.463,% of state area,geospatial,S04|S05|S06|S12,g_groundwater_ordinance_area,,,,2024.0,public,GEOMETRY_AS_OF_FILE_DATE
0ef71c976918,02,state,Baja California,2025,g_groundwater_ordinance_area,97.463,% of state area,geospatial,S04|S05|S06|S12,g_groundwater_ordinance_area,,,,2025.0,public,GEOMETRY_AS_OF_FILE_DATE
ed6764dc5e01,02,state,Baja California,2026,g_groundwater_ordinance_area,97.463,% of state area,geospatial,S04|S05|S06|S12,g_groundwater_ordinance_area,,,,2026.0,public,GEOMETRY_AS_OF_FILE_DATE
f652d52ec6c0,02,state,Baja California,2027,g_groundwater_ordinance_area,97.463,% of state area,geospatial,S04|S05|S06|S12,g_groundwater_ordinance_area,,,,2027.0,public,GEOMETRY_AS_OF_FILE_DATE
9e18a8f37ac2,03,state,Baja California Sur,2020,g_groundwater_ordinance_area,98.67,% of state area,geospatial,S04|S05|S06|S12,g_groundwater_ordinance_area,,,,2020.0,public,GEOMETRY_AS_OF_FILE_DATE
ad396da7babb,03,state,Baja California Sur,2021,g_groundwater_ordinance_area,98.67,% of state area,geospatial,S04|S05|S06|S12,g_groundwater_ordinance_area,,,,2021.0,public,GEOMETRY_AS_OF_FILE_DATE
472f4db9031a,03,state,Baja California Sur,2022,g_groundwater_ordinance_area,98.67,% of state area,geospatial,S04|S05|S06|S12,g_groundwater_ordinance_area,,,,2022.0,public,GEOMETRY_AS_OF_FILE_DATE
0b087e8a0532,03,state,Baja California Sur,2023,g_groundwater_ordinance_area,98.67,% of state area,geospatial,S04|S05|S06|S12,g_groundwater_ordinance_area,,,,2023.0,public,GEOMETRY_AS_OF_FILE_DATE
05f5974be1b7,03,state,Baja California Sur,2024,g_groundwater_ordinance_area,98.67,% of state area,geospatial,S04|S05|S06|S12,g_groundwater_ordinance_area,,,,2024.0,public,GEOMETRY_AS_OF_FILE_DATE
1a4f350e9351,03,state,Baja California Sur,2025,g_groundwater_ordinance_area,98.67,% of state area,geospatial,S04|S05|S06|S12,g_groundwater_ordinance_area,,,,2025.0,public,GEOMETRY_AS_OF_FILE_DATE
291ebaf99b21,03,state,Baja California Sur,2026,g_groundwater_ordinance_area,98.67,% of state area,geospatial,S04|S05|S06|S12,g_groundwater_ordinance_area,,,,2026.0,public,GEOMETRY_AS_OF_FILE_DATE
9a94d21e09ab,03,state,Baja California Sur,2027,g_groundwater_ordinance_area,98.67,% of state area,geospatial,S04|S05|S06|S12,g_groundwater_ordinance_area,,,,2027.0,public,GEOMETRY_AS_OF_FILE_DATE
ab751e581fd7,04,state,Campeche,2020,g_groundwater_ordinance_area,99.195,% of state area,geospatial,S04|S05|S06|S12,g_groundwater_ordinance_area,,,,2020.0,public,GEOMETRY_AS_OF_FILE_DATE
1ee90fe32af0,04,state,Campeche,2021,g_groundwater_ordinance_area,99.195,% of state area,geospatial,S04|S05|S06|S12,g_groundwater_ordinance_area,,,,2021.0,public,GEOMETRY_AS_OF_FILE_DATE
157fbf82e298,04,state,Campeche,2022,g_groundwater_ordinance_area,99.195,% of state area,geospatial,S04|S05|S06|S12,g_groundwater_ordinance_area,,,,2022.0,public,GEOMETRY_AS_OF_FILE_DATE
afb84b1e6b60,04,state,Campeche,2023,g_groundwater_ordinance_area,99.195,% of state area,geospatial,S04|S05|S06|S12,g_groundwater_ordinance_area,,,,2023.0,public,GEOMETRY_AS_OF_FILE_DATE
e6aca6a27365,04,state,Campeche,2024,g_groundwater_ordinance_area,99.195,% of state area,geospatial,S04|S05|S06|S12,g_groundwater_ordinance_area,,,,2024.0,public,GEOMETRY_AS_OF_FILE_DATE
4be97093b810,04,state,Campeche,2025,g_groundwater_ordinance_area,99.195,% of state area,geospatial,S04|S05|S06|S12,g_groundwater_ordinance_area,,,,2025.0,public,GEOMETRY_AS_OF_FILE_DATE
4b0262eb8151,04,state,Campeche,2026,g_groundwater_ordinance_area,99.195,% of state area,geospatial,S04|S05|S06|S12,g_groundwater_ordinance_area,,,,2026.0,public,GEOMETRY_AS_OF_FILE_DATE
e1b68a4a6d04,04,state,Campeche,2027,g_groundwater_ordinance_area,99.195,% of state area,geospatial,S04|S05|S06|S12,g_groundwater_ordinance_area,,,,2027.0,public,GEOMETRY_AS_OF_FILE_DATE
e5eb88d83425,05,state,Coahuila,2020,g_groundwater_ordinance_area,99.605,% of state area,geospatial,S04|S05|S06|S12,g_groundwater_ordinance_area,,,,2020.0,public,GEOMETRY_AS_OF_FILE_DATE
be60134641ea,05,state,Coahuila,2021,g_groundwater_ordinance_area,99.605,% of state area,geospatial,S04|S05|S06|S12,g_groundwater_ordinance_area,,,,2021.0,public,GEOMETRY_AS_OF_FILE_DATE
ee16f27d793e,05,state,Coahuila,2022,g_groundwater_ordinance_area,99.605,% of state area,geospatial,S04|S05|S06|S12,g_groundwater_ordinance_area,,,,2022.0,public,GEOMETRY_AS_OF_FILE_DATE
dc47835cf5ea,05,state,Coahuila,2023,g_groundwater_ordinance_area,99.605,% of state area,geospatial,S04|S05|S06|S12,g_groundwater_ordinance_area,,,,2023.0,public,GEOMETRY_AS_OF_FILE_DATE
54a442a5a46e,05,state,Coahuila,2024,g_groundwater_ordinance_area,99.605,% of state area,geospatial,S04|S05|S06|S12,g_groundwater_ordinance_area,,,,2024.0,public,GEOMETRY_AS_OF_FILE_DATE
72a7223ba47b,05,state,Coahuila,2025,g_groundwater_ordinance_area,99.605,% of state area,geospatial,S04|S05|S06|S12,g_groundwater_ordinance_area,,,,2025.0,public,GEOMETRY_AS_OF_FILE_DATE
855bac229ca0,05,state,Coahuila,2026,g_groundwater_ordinance_area,99.605,% of state area,geospatial,S04|S05|S06|S12,g_groundwater_ordinance_area,,,,2026.0,public,GEOMETRY_AS_OF_FILE_DATE
e016777ff3f5,05,state,Coahuila,2027,g_groundwater_ordinance_area,99.605,% of state area,geospatial,S04|S05|S06|S12,g_groundwater_ordinance_area,,,,2027.0,public,GEOMETRY_AS_OF_FILE_DATE
95bfe3e404e3,06,state,Colima,2020,g_groundwater_ordinance_area,96.19,% of state area,geospatial,S04|S05|S06|S12,g_groundwater_ordinance_area,,,,2020.0,public,GEOMETRY_AS_OF_FILE_DATE
820fcdfae7ce,06,state,Colima,2021,g_groundwater_ordinance_area,96.19,% of state area,geospatial,S04|S05|S06|S12,g_groundwater_ordinance_area,,,,2021.0,public,GEOMETRY_AS_OF_FILE_DATE
ee3f5b85b00c,06,state,Colima,2022,g_groundwater_ordinance_area,96.19,% of state area,geospatial,S04|S05|S06|S12,g_groundwater_ordinance_area,,,,2022.0,public,GEOMETRY_AS_OF_FILE_DATE
d89b75f9b120,06,state,Colima,2023,g_groundwater_ordinance_area,96.19,% of state area,geospatial,S04|S05|S06|S12,g_groundwater_ordinance_area,,,,2023.0,public,GEOMETRY_AS_OF_FILE_DATE
0226e5539358,06,state,Colima,2024,g_groundwater_ordinance_area,96.19,% of state area,geospatial,S04|S05|S06|S12,g_groundwater_ordinance_area,,,,2024.0,public,GEOMETRY_AS_OF_FILE_DATE
5c598f54e36c,06,state,Colima,2025,g_groundwater_ordinance_area,96.19,% of state area,geospatial,S04|S05|S06|S12,g_groundwater_ordinance_area,,,,2025.0,public,GEOMETRY_AS_OF_FILE_DATE
788b538b5711,06,state,Colima,2026,g_groundwater_ordinance_area,96.19,% of state area,geospatial,S04|S05|S06|S12,g_groundwater_ordinance_area,,,,2026.0,public,GEOMETRY_AS_OF_FILE_DATE
e282041b2129,06,state,Colima,2027,g_groundwater_ordinance_area,96.19,% of state area,geospatial,S04|S05|S06|S12,g_groundwater_ordinance_area,,,,2027.0,public,GEOMETRY_AS_OF_FILE_DATE
455ee0d9ca5a,07,state,Chiapas,2020,g_groundwater_ordinance_area,99.654,% of state area,geospatial,S04|S05|S06|S12,g_groundwater_ordinance_area,,,,2020.0,public,GEOMETRY_AS_OF_FILE_DATE
a48b40eae0b2,07,state,Chiapas,2021,g_groundwater_ordinance_area,99.654,% of state area,geospatial,S04|S05|S06|S12,g_groundwater_ordinance_area,,,,2021.0,public,GEOMETRY_AS_OF_FILE_DATE
e6f1da3b7acb,07,state,Chiapas,2022,g_groundwater_ordinance_area,99.654,% of state area,geospatial,S04|S05|S06|S12,g_groundwater_ordinance_area,,,,2022.0,public,GEOMETRY_AS_OF_FILE_DATE
41637f063c65,07,state,Chiapas,2023,g_groundwater_ordinance_area,99.654,% of state area,geospatial,S04|S05|S06|S12,g_groundwater_ordinance_area,,,,2023.0,public,GEOMETRY_AS_OF_FILE_DATE
fa54cca3b1ee,07,state,Chiapas,2024,g_groundwater_ordinance_area,99.654,% of state area,geospatial,S04|S05|S06|S12,g_groundwater_ordinance_area,,,,2024.0,public,GEOMETRY_AS_OF_FILE_DATE
5df2b582d73b,07,state,Chiapas,2025,g_groundwater_ordinance_area,99.654,% of state area,geospatial,S04|S05|S06|S12,g_groundwater_ordinance_area,,,,2025.0,public,GEOMETRY_AS_OF_FILE_DATE
7987488b53de,07,state,Chiapas,2026,g_groundwater_ordinance_area,99.654,% of state area,geospatial,S04|S05|S06|S12,g_groundwater_ordinance_area,,,,2026.0,public,GEOMETRY_AS_OF_FILE_DATE
04e54d3c5fb4,07,state,Chiapas,2027,g_groundwater_ordinance_area,99.654,% of state area,geospatial,S04|S05|S06|S12,g_groundwater_ordinance_area,,,,2027.0,public,GEOMETRY_AS_OF_FILE_DATE
cf6dcfa5b906,08,state,Chihuahua,2020,g_groundwater_ordinance_area,99.874,% of state area,geospatial,S04|S05|S06|S12,g_groundwater_ordinance_area,,,,2020.0,public,GEOMETRY_AS_OF_FILE_DATE
10d36e35cba2,08,state,Chihuahua,2021,g_groundwater_ordinance_area,99.874,% of state area,geospatial,S04|S05|S06|S12,g_groundwater_ordinance_area,,,,2021.0,public,GEOMETRY_AS_OF_FILE_DATE
883db62de5de,08,state,Chihuahua,2022,g_groundwater_ordinance_area,99.874,% of state area,geospatial,S04|S05|S06|S12,g_groundwater_ordinance_area,,,,2022.0,public,GEOMETRY_AS_OF_FILE_DATE
bba19b07a54e,08,state,Chihuahua,2023,g_groundwater_ordinance_area,99.874,% of state area,geospatial,S04|S05|S06|S12,g_groundwater_ordinance_area,,,,2023.0,public,GEOMETRY_AS_OF_FILE_DATE
83bb24e87085,08,state,Chihuahua,2024,g_groundwater_ordinance_area,99.874,% of state area,geospatial,S04|S05|S06|S12,g_groundwater_ordinance_area,,,,2024.0,public,GEOMETRY_AS_OF_FILE_DATE
91410d2136f7,08,state,Chihuahua,2025,g_groundwater_ordinance_area,99.874,% of state area,geospatial,S04|S05|S06|S12,g_groundwater_ordinance_area,,,,2025.0,public,GEOMETRY_AS_OF_FILE_DATE
041750afb7f3,08,state,Chihuahua,2026,g_groundwater_ordinance_area,99.874,% of state area,geospatial,S04|S05|S06|S12,g_groundwater_ordinance_area,,,,2026.0,public,GEOMETRY_AS_OF_FILE_DATE
da542092ded8,08,state,Chihuahua,2027,g_groundwater_ordinance_area,99.874,% of state area,geospatial,S04|S05|S06|S12,g_groundwater_ordinance_area,,,,2027.0,public,GEOMETRY_AS_OF_FILE_DATE
2f5dc64356d2,09,state,Ciudad de México,2020,g_groundwater_ordinance_area,100.0,% of state area,geospatial,S04|S05|S06|S12,g_groundwater_ordinance_area,,,,2020.0,public,GEOMETRY_AS_OF_FILE_DATE
3522fbe68126,09,state,Ciudad de México,2021,g_groundwater_ordinance_area,100.0,% of state area,geospatial,S04|S05|S06|S12,g_groundwater_ordinance_area,,,,2021.0,public,GEOMETRY_AS_OF_FILE_DATE
bffcd881d5ee,09,state,Ciudad de México,2022,g_groundwater_ordinance_area,100.0,% of state area,geospatial,S04|S05|S06|S12,g_groundwater_ordinance_area,,,,2022.0,public,GEOMETRY_AS_OF_FILE_DATE
12fddc88f78d,09,state,Ciudad de México,2023,g_groundwater_ordinance_area,100.0,% of state area,geospatial,S04|S05|S06|S12,g_groundwater_ordinance_area,,,,2023.0,public,GEOMETRY_AS_OF_FILE_DATE
60acd4ac9f60,09,state,Ciudad de México,2024,g_groundwater_ordinance_area,100.0,% of state area,geospatial,S04|S05|S06|S12,g_groundwater_ordinance_area,,,,2024.0,public,GEOMETRY_AS_OF_FILE_DATE
9cf91c5263bd,09,state,Ciudad de México,2025,g_groundwater_ordinance_area,100.0,% of state area,geospatial,S04|S05|S06|S12,g_groundwater_ordinance_area,,,,2025.0,public,GEOMETRY_AS_OF_FILE_DATE
1fdf0d9fe958,09,state,Ciudad de México,2026,g_groundwater_ordinance_area,100.0,% of state area,geospatial,S04|S05|S06|S12,g_groundwater_ordinance_area,,,,2026.0,public,GEOMETRY_AS_OF_FILE_DATE
9677c29655b9,09,state,Ciudad de México,2027,g_groundwater_ordinance_area,100.0,% of state area,geospatial,S04|S05|S06|S12,g_groundwater_ordinance_area,,,,2027.0,public,GEOMETRY_AS_OF_FILE_DATE
b37ef5c9d130,10,state,Durango,2020,g_groundwater_ordinance_area,100.0,% of state area,geospatial,S04|S05|S06|S12,g_groundwater_ordinance_area,,,,2020.0,public,GEOMETRY_AS_OF_FILE_DATE
4a2e67f6e68f,10,state,Durango,2021,g_groundwater_ordinance_area,100.0,% of state area,geospatial,S04|S05|S06|S12,g_groundwater_ordinance_area,,,,2021.0,public,GEOMETRY_AS_OF_FILE_DATE
40ae91905b68,10,state,Durango,2022,g_groundwater_ordinance_area,100.0,% of state area,geospatial,S04|S05|S06|S12,g_groundwater_ordinance_area,,,,2022.0,public,GEOMETRY_AS_OF_FILE_DATE
55acde4862b6,10,state,Durango,2023,g_groundwater_ordinance_area,100.0,% of state area,geospatial,S04|S05|S06|S12,g_groundwater_ordinance_area,,,,2023.0,public,GEOMETRY_AS_OF_FILE_DATE
7dd4ac1331df,10,state,Durango,2024,g_groundwater_ordinance_area,100.0,% of state area,geospatial,S04|S05|S06|S12,g_groundwater_ordinance_area,,,,2024.0,public,GEOMETRY_AS_OF_FILE_DATE
bc688f2d3f41,10,state,Durango,2025,g_groundwater_ordinance_area,100.0,% of state area,geospatial,S04|S05|S06|S12,g_groundwater_ordinance_area,,,,2025.0,public,GEOMETRY_AS_OF_FILE_DATE
d6c67e77bf8f,10,state,Durango,2026,g_groundwater_ordinance_area,100.0,% of state area,geospatial,S04|S05|S06|S12,g_groundwater_ordinance_area,,,,2026.0,public,GEOMETRY_AS_OF_FILE_DATE
02034bfb9656,10,state,Durango,2027,g_groundwater_ordinance_area,100.0,% of state area,geospatial,S04|S05|S06|S12,g_groundwater_ordinance_area,,,,2027.0,public,GEOMETRY_AS_OF_FILE_DATE
dfa9ded10954,11,state,Guanajuato,2020,g_groundwater_ordinance_area,100.0,% of state area,geospatial,S04|S05|S06|S12,g_groundwater_ordinance_area,,,,2020.0,public,GEOMETRY_AS_OF_FILE_DATE
1e6e9e781c5f,11,state,Guanajuato,2021,g_groundwater_ordinance_area,100.0,% of state area,geospatial,S04|S05|S06|S12,g_groundwater_ordinance_area,,,,2021.0,public,GEOMETRY_AS_OF_FILE_DATE
eba353c54857,11,state,Guanajuato,2022,g_groundwater_ordinance_area,100.0,% of state area,geospatial,S04|S05|S06|S12,g_groundwater_ordinance_area,,,,2022.0,public,GEOMETRY_AS_OF_FILE_DATE
ed1df97ffec8,11,state,Guanajuato,2023,g_groundwater_ordinance_area,100.0,% of state area,geospatial,S04|S05|S06|S12,g_groundwater_ordinance_area,,,,2023.0,public,GEOMETRY_AS_OF_FILE_DATE
6abeedd7f766,11,state,Guanajuato,2024,g_groundwater_ordinance_area,100.0,% of state area,geospatial,S04|S05|S06|S12,g_groundwater_ordinance_area,,,,2024.0,public,GEOMETRY_AS_OF_FILE_DATE
abf86223ea4a,11,state,Guanajuato,2025,g_groundwater_ordinance_area,100.0,% of state area,geospatial,S04|S05|S06|S12,g_groundwater_ordinance_area,,,,2025.0,public,GEOMETRY_AS_OF_FILE_DATE
88f1e1f86922,11,state,Guanajuato,2026,g_groundwater_ordinance_area,100.0,% of state area,geospatial,S04|S05|S06|S12,g_groundwater_ordinance_area,,,,2026.0,public,GEOMETRY_AS_OF_FILE_DATE
a33e05384e1a,11,state,Guanajuato,2027,g_groundwater_ordinance_area,100.0,% of state area,geospatial,S04|S05|S06|S12,g_groundwater_ordinance_area,,,,2027.0,public,GEOMETRY_AS_OF_FILE_DATE
de190da1eebc,12,state,Guerrero,2020,g_groundwater_ordinance_area,99.882,% of state area,geospatial,S04|S05|S06|S12,g_groundwater_ordinance_area,,,,2020.0,public,GEOMETRY_AS_OF_FILE_DATE
2e8d2f0f9313,12,state,Guerrero,2021,g_groundwater_ordinance_area,99.882,% of state area,geospatial,S04|S05|S06|S12,g_groundwater_ordinance_area,,,,2021.0,public,GEOMETRY_AS_OF_FILE_DATE
029195c923d2,12,state,Guerrero,2022,g_groundwater_ordinance_area,99.882,% of state area,geospatial,S04|S05|S06|S12,g_groundwater_ordinance_area,,,,2022.0,public,GEOMETRY_AS_OF_FILE_DATE
f8efccdca65f,12,state,Guerrero,2023,g_groundwater_ordinance_area,99.882,% of state area,geospatial,S04|S05|S06|S12,g_groundwater_ordinance_area,,,,2023.0,public,GEOMETRY_AS_OF_FILE_DATE
50bcf41d081e,12,state,Guerrero,2024,g_groundwater_ordinance_area,99.882,% of state area,geospatial,S04|S05|S06|S12,g_groundwater_ordinance_area,,,,2024.0,public,GEOMETRY_AS_OF_FILE_DATE
b1b050d38f7c,12,state,Guerrero,2025,g_groundwater_ordinance_area,99.882,% of state area,geospatial,S04|S05|S06|S12,g_groundwater_ordinance_area,,,,2025.0,public,GEOMETRY_AS_OF_FILE_DATE
289c584dc7c8,12,state,Guerrero,2026,g_groundwater_ordinance_area,99.882,% of state area,geospatial,S04|S05|S06|S12,g_groundwater_ordinance_area,,,,2026.0,public,GEOMETRY_AS_OF_FILE_DATE
45ecce65086c,12,state,Guerrero,2027,g_groundwater_ordinance_area,99.882,% of state area,geospatial,S04|S05|S06|S12,g_groundwater_ordinance_area,,,,2027.0,public,GEOMETRY_AS_OF_FILE_DATE
c7abfbaae54d,13,state,Hidalgo,2020,g_groundwater_ordinance_area,100.0,% of state area,geospatial,S04|S05|S06|S12,g_groundwater_ordinance_area,,,,2020.0,public,GEOMETRY_AS_OF_FILE_DATE
346cff1ba0f1,13,state,Hidalgo,2021,g_groundwater_ordinance_area,100.0,% of state area,geospatial,S04|S05|S06|S12,g_groundwater_ordinance_area,,,,2021.0,public,GEOMETRY_AS_OF_FILE_DATE
2ee9ed701413,13,state,Hidalgo,2022,g_groundwater_ordinance_area,100.0,% of state area,geospatial,S04|S05|S06|S12,g_groundwater_ordinance_area,,,,2022.0,public,GEOMETRY_AS_OF_FILE_DATE
de2958a34941,13,state,Hidalgo,2023,g_groundwater_ordinance_area,100.0,% of state area,geospatial,S04|S05|S06|S12,g_groundwater_ordinance_area,,,,2023.0,public,GEOMETRY_AS_OF_FILE_DATE
046363dc824a,13,state,Hidalgo,2024,g_groundwater_ordinance_area,100.0,% of state area,geospatial,S04|S05|S06|S12,g_groundwater_ordinance_area,,,,2024.0,public,GEOMETRY_AS_OF_FILE_DATE
9b384bbddde6,13,state,Hidalgo,2025,g_groundwater_ordinance_area,100.0,% of state area,geospatial,S04|S05|S06|S12,g_groundwater_ordinance_area,,,,2025.0,public,GEOMETRY_AS_OF_FILE_DATE
5490cf50b993,13,state,Hidalgo,2026,g_groundwater_ordinance_area,100.0,% of state area,geospatial,S04|S05|S06|S12,g_groundwater_ordinance_area,,,,2026.0,public,GEOMETRY_AS_OF_FILE_DATE
23fc434fc5a9,13,state,Hidalgo,2027,g_groundwater_ordinance_area,100.0,% of state area,geospatial,S04|S05|S06|S12,g_groundwater_ordinance_area,,,,2027.0,public,GEOMETRY_AS_OF_FILE_DATE
26cf41654d16,14,state,Jalisco,2020,g_groundwater_ordinance_area,99.849,% of state area,geospatial,S04|S05|S06|S12,g_groundwater_ordinance_area,,,,2020.0,public,GEOMETRY_AS_OF_FILE_DATE
08e5c905e7e3,14,state,Jalisco,2021,g_groundwater_ordinance_area,99.849,% of state area,geospatial,S04|S05|S06|S12,g_groundwater_ordinance_area,,,,2021.0,public,GEOMETRY_AS_OF_FILE_DATE
86f04e1a1e34,14,state,Jalisco,2022,g_groundwater_ordinance_area,99.849,% of state area,geospatial,S04|S05|S06|S12,g_groundwater_ordinance_area,,,,2022.0,public,GEOMETRY_AS_OF_FILE_DATE
31f76c4b22a3,14,state,Jalisco,2023,g_groundwater_ordinance_area,99.849,% of state area,geospatial,S04|S05|S06|S12,g_groundwater_ordinance_area,,,,2023.0,public,GEOMETRY_AS_OF_FILE_DATE
bf0378fee0d9,14,state,Jalisco,2024,g_groundwater_ordinance_area,99.849,% of state area,geospatial,S04|S05|S06|S12,g_groundwater_ordinance_area,,,,2024.0,public,GEOMETRY_AS_OF_FILE_DATE
f4b8a5dc2a3a,14,state,Jalisco,2025,g_groundwater_ordinance_area,99.849,% of state area,geospatial,S04|S05|S06|S12,g_groundwater_ordinance_area,,,,2025.0,public,GEOMETRY_AS_OF_FILE_DATE
0daec80128d2,14,state,Jalisco,2026,g_groundwater_ordinance_area,99.849,% of state area,geospatial,S04|S05|S06|S12,g_groundwater_ordinance_area,,,,2026.0,public,GEOMETRY_AS_OF_FILE_DATE
72e39c08c2b0,14,state,Jalisco,2027,g_groundwater_ordinance_area,99.849,% of state area,geospatial,S04|S05|S06|S12,g_groundwater_ordinance_area,,,,2027.0,public,GEOMETRY_AS_OF_FILE_DATE
d86abc12c8be,15,state,Estado de México,2020,g_groundwater_ordinance_area,100.0,% of state area,geospatial,S04|S05|S06|S12,g_groundwater_ordinance_area,,,,2020.0,public,GEOMETRY_AS_OF_FILE_DATE
c9ec1e115d4b,15,state,Estado de México,2021,g_groundwater_ordinance_area,100.0,% of state area,geospatial,S04|S05|S06|S12,g_groundwater_ordinance_area,,,,2021.0,public,GEOMETRY_AS_OF_FILE_DATE
f6e93e401c6d,15,state,Estado de México,2022,g_groundwater_ordinance_area,100.0,% of state area,geospatial,S04|S05|S06|S12,g_groundwater_ordinance_area,,,,2022.0,public,GEOMETRY_AS_OF_FILE_DATE
2b1307619ed1,15,state,Estado de México,2023,g_groundwater_ordinance_area,100.0,% of state area,geospatial,S04|S05|S06|S12,g_groundwater_ordinance_area,,,,2023.0,public,GEOMETRY_AS_OF_FILE_DATE
d30c49b936ca,15,state,Estado de México,2024,g_groundwater_ordinance_area,100.0,% of state area,geospatial,S04|S05|S06|S12,g_groundwater_ordinance_area,,,,2024.0,public,GEOMETRY_AS_OF_FILE_DATE
f9306e2f879b,15,state,Estado de México,2025,g_groundwater_ordinance_area,100.0,% of state area,geospatial,S04|S05|S06|S12,g_groundwater_ordinance_area,,,,2025.0,public,GEOMETRY_AS_OF_FILE_DATE
7cf93d961d45,15,state,Estado de México,2026,g_groundwater_ordinance_area,100.0,% of state area,geospatial,S04|S05|S06|S12,g_groundwater_ordinance_area,,,,2026.0,public,GEOMETRY_AS_OF_FILE_DATE
0e79d6277baa,15,state,Estado de México,2027,g_groundwater_ordinance_area,100.0,% of state area,geospatial,S04|S05|S06|S12,g_groundwater_ordinance_area,,,,2027.0,public,GEOMETRY_AS_OF_FILE_DATE
948d4b777629,16,state,Michoacán,2020,g_groundwater_ordinance_area,99.962,% of state area,geospatial,S04|S05|S06|S12,g_groundwater_ordinance_area,,,,2020.0,public,GEOMETRY_AS_OF_FILE_DATE
2b9af4462496,16,state,Michoacán,2021,g_groundwater_ordinance_area,99.962,% of state area,geospatial,S04|S05|S06|S12,g_groundwater_ordinance_area,,,,2021.0,public,GEOMETRY_AS_OF_FILE_DATE
54effc8e1633,16,state,Michoacán,2022,g_groundwater_ordinance_area,99.962,% of state area,geospatial,S04|S05|S06|S12,g_groundwater_ordinance_area,,,,2022.0,public,GEOMETRY_AS_OF_FILE_DATE
5bbeb7cf0b11,16,state,Michoacán,2023,g_groundwater_ordinance_area,99.962,% of state area,geospatial,S04|S05|S06|S12,g_groundwater_ordinance_area,,,,2023.0,public,GEOMETRY_AS_OF_FILE_DATE
7bc8f2d157e1,16,state,Michoacán,2024,g_groundwater_ordinance_area,99.962,% of state area,geospatial,S04|S05|S06|S12,g_groundwater_ordinance_area,,,,2024.0,public,GEOMETRY_AS_OF_FILE_DATE
bf4e6fe15436,16,state,Michoacán,2025,g_groundwater_ordinance_area,99.962,% of state area,geospatial,S04|S05|S06|S12,g_groundwater_ordinance_area,,,,2025.0,public,GEOMETRY_AS_OF_FILE_DATE
19e65b4dd1c0,16,state,Michoacán,2026,g_groundwater_ordinance_area,99.962,% of state area,geospatial,S04|S05|S06|S12,g_groundwater_ordinance_area,,,,2026.0,public,GEOMETRY_AS_OF_FILE_DATE
59293402dca2,16,state,Michoacán,2027,g_groundwater_ordinance_area,99.962,% of state area,geospatial,S04|S05|S06|S12,g_groundwater_ordinance_area,,,,2027.0,public,GEOMETRY_AS_OF_FILE_DATE
d1c3c9d07242,17,state,Morelos,2020,g_groundwater_ordinance_area,100.0,% of state area,geospatial,S04|S05|S06|S12,g_groundwater_ordinance_area,,,,2020.0,public,GEOMETRY_AS_OF_FILE_DATE
624f05b62136,17,state,Morelos,2021,g_groundwater_ordinance_area,100.0,% of state area,geospatial,S04|S05|S06|S12,g_groundwater_ordinance_area,,,,2021.0,public,GEOMETRY_AS_OF_FILE_DATE
25591dbfcf95,17,state,Morelos,2022,g_groundwater_ordinance_area,100.0,% of state area,geospatial,S04|S05|S06|S12,g_groundwater_ordinance_area,,,,2022.0,public,GEOMETRY_AS_OF_FILE_DATE
91e8e234f03c,17,state,Morelos,2023,g_groundwater_ordinance_area,100.0,% of state area,geospatial,S04|S05|S06|S12,g_groundwater_ordinance_area,,,,2023.0,public,GEOMETRY_AS_OF_FILE_DATE
8b9d72209fe1,17,state,Morelos,2024,g_groundwater_ordinance_area,100.0,% of state area,geospatial,S04|S05|S06|S12,g_groundwater_ordinance_area,,,,2024.0,public,GEOMETRY_AS_OF_FILE_DATE
cae5d655664a,17,state,Morelos,2025,g_groundwater_ordinance_area,100.0,% of state area,geospatial,S04|S05|S06|S12,g_groundwater_ordinance_area,,,,2025.0,public,GEOMETRY_AS_OF_FILE_DATE
7e14b32906e5,17,state,Morelos,2026,g_groundwater_ordinance_area,100.0,% of state area,geospatial,S04|S05|S06|S12,g_groundwater_ordinance_area,,,,2026.0,public,GEOMETRY_AS_OF_FILE_DATE
62525836edf8,17,state,Morelos,2027,g_groundwater_ordinance_area,100.0,% of state area,geospatial,S04|S05|S06|S12,g_groundwater_ordinance_area,,,,2027.0,public,GEOMETRY_AS_OF_FILE_DATE
a9e07db15cee,18,state,Nayarit,2020,g_groundwater_ordinance_area,99.426,% of state area,geospatial,S04|S05|S06|S12,g_groundwater_ordinance_area,,,,2020.0,public,GEOMETRY_AS_OF_FILE_DATE
834c55acf2e4,18,state,Nayarit,2021,g_groundwater_ordinance_area,99.426,% of state area,geospatial,S04|S05|S06|S12,g_groundwater_ordinance_area,,,,2021.0,public,GEOMETRY_AS_OF_FILE_DATE
111331ba0469,18,state,Nayarit,2022,g_groundwater_ordinance_area,99.426,% of state area,geospatial,S04|S05|S06|S12,g_groundwater_ordinance_area,,,,2022.0,public,GEOMETRY_AS_OF_FILE_DATE
21825de903be,18,state,Nayarit,2023,g_groundwater_ordinance_area,99.426,% of state area,geospatial,S04|S05|S06|S12,g_groundwater_ordinance_area,,,,2023.0,public,GEOMETRY_AS_OF_FILE_DATE
fc8c640dfbcb,18,state,Nayarit,2024,g_groundwater_ordinance_area,99.426,% of state area,geospatial,S04|S05|S06|S12,g_groundwater_ordinance_area,,,,2024.0,public,GEOMETRY_AS_OF_FILE_DATE
6a1f16891e92,18,state,Nayarit,2025,g_groundwater_ordinance_area,99.426,% of state area,geospatial,S04|S05|S06|S12,g_groundwater_ordinance_area,,,,2025.0,public,GEOMETRY_AS_OF_FILE_DATE
fa9c4cb50291,18,state,Nayarit,2026,g_groundwater_ordinance_area,99.426,% of state area,geospatial,S04|S05|S06|S12,g_groundwater_ordinance_area,,,,2026.0,public,GEOMETRY_AS_OF_FILE_DATE
9685304569a3,18,state,Nayarit,2027,g_groundwater_ordinance_area,99.426,% of state area,geospatial,S04|S05|S06|S12,g_groundwater_ordinance_area,,,,2027.0,public,GEOMETRY_AS_OF_FILE_DATE
e024a62414b0,19,state,Nuevo León,2020,g_groundwater_ordinance_area,99.975,% of state area,geospatial,S04|S05|S06|S12,g_groundwater_ordinance_area,,,,2020.0,public,GEOMETRY_AS_OF_FILE_DATE
56257497269d,19,state,Nuevo León,2021,g_groundwater_ordinance_area,99.975,% of state area,geospatial,S04|S05|S06|S12,g_groundwater_ordinance_area,,,,2021.0,public,GEOMETRY_AS_OF_FILE_DATE
c6c78ac1824c,19,state,Nuevo León,2022,g_groundwater_ordinance_area,99.975,% of state area,geospatial,S04|S05|S06|S12,g_groundwater_ordinance_area,,,,2022.0,public,GEOMETRY_AS_OF_FILE_DATE
bccb5638d011,19,state,Nuevo León,2023,g_groundwater_ordinance_area,99.975,% of state area,geospatial,S04|S05|S06|S12,g_groundwater_ordinance_area,,,,2023.0,public,GEOMETRY_AS_OF_FILE_DATE
3018b071d5b8,19,state,Nuevo León,2024,g_groundwater_ordinance_area,99.975,% of state area,geospatial,S04|S05|S06|S12,g_groundwater_ordinance_area,,,,2024.0,public,GEOMETRY_AS_OF_FILE_DATE
78834fabf20c,19,state,Nuevo León,2025,g_groundwater_ordinance_area,99.975,% of state area,geospatial,S04|S05|S06|S12,g_groundwater_ordinance_area,,,,2025.0,public,GEOMETRY_AS_OF_FILE_DATE
95f90a4a344e,19,state,Nuevo León,2026,g_groundwater_ordinance_area,99.975,% of state area,geospatial,S04|S05|S06|S12,g_groundwater_ordinance_area,,,,2026.0,public,GEOMETRY_AS_OF_FILE_DATE
c10b8e442aa8,19,state,Nuevo León,2027,g_groundwater_ordinance_area,99.975,% of state area,geospatial,S04|S05|S06|S12,g_groundwater_ordinance_area,,,,2027.0,public,GEOMETRY_AS_OF_FILE_DATE
eb0294a80261,20,state,Oaxaca,2020,g_groundwater_ordinance_area,95.774,% of state area,geospatial,S04|S05|S06|S12,g_groundwater_ordinance_area,,,,2020.0,public,GEOMETRY_AS_OF_FILE_DATE
2ea49254a89a,20,state,Oaxaca,2021,g_groundwater_ordinance_area,99.856,% of state area,geospatial,S04|S05|S06|S12,g_groundwater_ordinance_area,,,,2021.0,public,GEOMETRY_AS_OF_FILE_DATE
cf6d973fcd79,20,state,Oaxaca,2022,g_groundwater_ordinance_area,99.856,% of state area,geospatial,S04|S05|S06|S12,g_groundwater_ordinance_area,,,,2022.0,public,GEOMETRY_AS_OF_FILE_DATE
abd60f858e7e,20,state,Oaxaca,2023,g_groundwater_ordinance_area,99.856,% of state area,geospatial,S04|S05|S06|S12,g_groundwater_ordinance_area,,,,2023.0,public,GEOMETRY_AS_OF_FILE_DATE
8211fd1ace1f,20,state,Oaxaca,2024,g_groundwater_ordinance_area,99.856,% of state area,geospatial,S04|S05|S06|S12,g_groundwater_ordinance_area,,,,2024.0,public,GEOMETRY_AS_OF_FILE_DATE
f7f060421bfb,20,state,Oaxaca,2025,g_groundwater_ordinance_area,99.856,% of state area,geospatial,S04|S05|S06|S12,g_groundwater_ordinance_area,,,,2025.0,public,GEOMETRY_AS_OF_FILE_DATE
5aa4df7c0ab0,20,state,Oaxaca,2026,g_groundwater_ordinance_area,99.856,% of state area,geospatial,S04|S05|S06|S12,g_groundwater_ordinance_area,,,,2026.0,public,GEOMETRY_AS_OF_FILE_DATE
1326851b6107,20,state,Oaxaca,2027,g_groundwater_ordinance_area,99.856,% of state area,geospatial,S04|S05|S06|S12,g_groundwater_ordinance_area,,,,2027.0,public,GEOMETRY_AS_OF_FILE_DATE
24868262e67d,21,state,Puebla,2020,g_groundwater_ordinance_area,100.0,% of state area,geospatial,S04|S05|S06|S12,g_groundwater_ordinance_area,,,,2020.0,public,GEOMETRY_AS_OF_FILE_DATE
db6cb1d4f892,21,state,Puebla,2021,g_groundwater_ordinance_area,100.0,% of state area,geospatial,S04|S05|S06|S12,g_groundwater_ordinance_area,,,,2021.0,public,GEOMETRY_AS_OF_FILE_DATE
6a857ff9972e,21,state,Puebla,2022,g_groundwater_ordinance_area,100.0,% of state area,geospatial,S04|S05|S06|S12,g_groundwater_ordinance_area,,,,2022.0,public,GEOMETRY_AS_OF_FILE_DATE
be2c80ac6cc2,21,state,Puebla,2023,g_groundwater_ordinance_area,100.0,% of state area,geospatial,S04|S05|S06|S12,g_groundwater_ordinance_area,,,,2023.0,public,GEOMETRY_AS_OF_FILE_DATE
3c999ff2799f,21,state,Puebla,2024,g_groundwater_ordinance_area,100.0,% of state area,geospatial,S04|S05|S06|S12,g_groundwater_ordinance_area,,,,2024.0,public,GEOMETRY_AS_OF_FILE_DATE
2346383f3b53,21,state,Puebla,2025,g_groundwater_ordinance_area,100.0,% of state area,geospatial,S04|S05|S06|S12,g_groundwater_ordinance_area,,,,2025.0,public,GEOMETRY_AS_OF_FILE_DATE
ca63c23912e1,21,state,Puebla,2026,g_groundwater_ordinance_area,100.0,% of state area,geospatial,S04|S05|S06|S12,g_groundwater_ordinance_area,,,,2026.0,public,GEOMETRY_AS_OF_FILE_DATE
551bd98a3d56,21,state,Puebla,2027,g_groundwater_ordinance_area,100.0,% of state area,geospatial,S04|S05|S06|S12,g_groundwater_ordinance_area,,,,2027.0,public,GEOMETRY_AS_OF_FILE_DATE
950c1e628ed1,22,state,Querétaro,2020,g_groundwater_ordinance_area,100.0,% of state area,geospatial,S04|S05|S06|S12,g_groundwater_ordinance_area,,,,2020.0,public,GEOMETRY_AS_OF_FILE_DATE
d7ec1c6e6dc6,22,state,Querétaro,2021,g_groundwater_ordinance_area,100.0,% of state area,geospatial,S04|S05|S06|S12,g_groundwater_ordinance_area,,,,2021.0,public,GEOMETRY_AS_OF_FILE_DATE
08214ff0e2ad,22,state,Querétaro,2022,g_groundwater_ordinance_area,100.0,% of state area,geospatial,S04|S05|S06|S12,g_groundwater_ordinance_area,,,,2022.0,public,GEOMETRY_AS_OF_FILE_DATE
970e52c0b581,22,state,Querétaro,2023,g_groundwater_ordinance_area,100.0,% of state area,geospatial,S04|S05|S06|S12,g_groundwater_ordinance_area,,,,2023.0,public,GEOMETRY_AS_OF_FILE_DATE
452e2b379a59,22,state,Querétaro,2024,g_groundwater_ordinance_area,100.0,% of state area,geospatial,S04|S05|S06|S12,g_groundwater_ordinance_area,,,,2024.0,public,GEOMETRY_AS_OF_FILE_DATE
6e3c17f76a92,22,state,Querétaro,2025,g_groundwater_ordinance_area,100.0,% of state area,geospatial,S04|S05|S06|S12,g_groundwater_ordinance_area,,,,2025.0,public,GEOMETRY_AS_OF_FILE_DATE
6d9d46a7064e,22,state,Querétaro,2026,g_groundwater_ordinance_area,100.0,% of state area,geospatial,S04|S05|S06|S12,g_groundwater_ordinance_area,,,,2026.0,public,GEOMETRY_AS_OF_FILE_DATE
71586cec65a0,22,state,Querétaro,2027,g_groundwater_ordinance_area,100.0,% of state area,geospatial,S04|S05|S06|S12,g_groundwater_ordinance_area,,,,2027.0,public,GEOMETRY_AS_OF_FILE_DATE
6aeea03d18bd,23,state,Quintana Roo,2020,g_groundwater_ordinance_area,98.312,% of state area,geospatial,S04|S05|S06|S12,g_groundwater_ordinance_area,,,,2020.0,public,GEOMETRY_AS_OF_FILE_DATE
47e80ffabe94,23,state,Quintana Roo,2021,g_groundwater_ordinance_area,98.312,% of state area,geospatial,S04|S05|S06|S12,g_groundwater_ordinance_area,,,,2021.0,public,GEOMETRY_AS_OF_FILE_DATE
27877649141d,23,state,Quintana Roo,2022,g_groundwater_ordinance_area,98.312,% of state area,geospatial,S04|S05|S06|S12,g_groundwater_ordinance_area,,,,2022.0,public,GEOMETRY_AS_OF_FILE_DATE
faa6ccec044d,23,state,Quintana Roo,2023,g_groundwater_ordinance_area,98.312,% of state area,geospatial,S04|S05|S06|S12,g_groundwater_ordinance_area,,,,2023.0,public,GEOMETRY_AS_OF_FILE_DATE
a8f87c424b1d,23,state,Quintana Roo,2024,g_groundwater_ordinance_area,98.312,% of state area,geospatial,S04|S05|S06|S12,g_groundwater_ordinance_area,,,,2024.0,public,GEOMETRY_AS_OF_FILE_DATE
a36b370e99f4,23,state,Quintana Roo,2025,g_groundwater_ordinance_area,98.312,% of state area,geospatial,S04|S05|S06|S12,g_groundwater_ordinance_area,,,,2025.0,public,GEOMETRY_AS_OF_FILE_DATE
729fbfbdaec9,23,state,Quintana Roo,2026,g_groundwater_ordinance_area,98.312,% of state area,geospatial,S04|S05|S06|S12,g_groundwater_ordinance_area,,,,2026.0,public,GEOMETRY_AS_OF_FILE_DATE
58e6c83a851e,23,state,Quintana Roo,2027,g_groundwater_ordinance_area,98.312,% of state area,geospatial,S04|S05|S06|S12,g_groundwater_ordinance_area,,,,2027.0,public,GEOMETRY_AS_OF_FILE_DATE
76ce9a64fb52,24,state,San Luis Potosí,2020,g_groundwater_ordinance_area,100.0,% of state area,geospatial,S04|S05|S06|S12,g_groundwater_ordinance_area,,,,2020.0,public,GEOMETRY_AS_OF_FILE_DATE
35336b3c5a88,24,state,San Luis Potosí,2021,g_groundwater_ordinance_area,100.0,% of state area,geospatial,S04|S05|S06|S12,g_groundwater_ordinance_area,,,,2021.0,public,GEOMETRY_AS_OF_FILE_DATE
a0ac53a7028c,24,state,San Luis Potosí,2022,g_groundwater_ordinance_area,100.0,% of state area,geospatial,S04|S05|S06|S12,g_groundwater_ordinance_area,,,,2022.0,public,GEOMETRY_AS_OF_FILE_DATE
6751687bb98d,24,state,San Luis Potosí,2023,g_groundwater_ordinance_area,100.0,% of state area,geospatial,S04|S05|S06|S12,g_groundwater_ordinance_area,,,,2023.0,public,GEOMETRY_AS_OF_FILE_DATE
ee2636c59444,24,state,San Luis Potosí,2024,g_groundwater_ordinance_area,100.0,% of state area,geospatial,S04|S05|S06|S12,g_groundwater_ordinance_area,,,,2024.0,public,GEOMETRY_AS_OF_FILE_DATE
35283bae795f,24,state,San Luis Potosí,2025,g_groundwater_ordinance_area,100.0,% of state area,geospatial,S04|S05|S06|S12,g_groundwater_ordinance_area,,,,2025.0,public,GEOMETRY_AS_OF_FILE_DATE
0cca96bda74e,24,state,San Luis Potosí,2026,g_groundwater_ordinance_area,100.0,% of state area,geospatial,S04|S05|S06|S12,g_groundwater_ordinance_area,,,,2026.0,public,GEOMETRY_AS_OF_FILE_DATE
f20f884b8e3e,24,state,San Luis Potosí,2027,g_groundwater_ordinance_area,100.0,% of state area,geospatial,S04|S05|S06|S12,g_groundwater_ordinance_area,,,,2027.0,public,GEOMETRY_AS_OF_FILE_DATE
a66178a96481,25,state,Sinaloa,2020,g_groundwater_ordinance_area,99.786,% of state area,geospatial,S04|S05|S06|S12,g_groundwater_ordinance_area,,,,2020.0,public,GEOMETRY_AS_OF_FILE_DATE
68470f96b963,25,state,Sinaloa,2021,g_groundwater_ordinance_area,99.786,% of state area,geospatial,S04|S05|S06|S12,g_groundwater_ordinance_area,,,,2021.0,public,GEOMETRY_AS_OF_FILE_DATE
1cf7d5f37ba3,25,state,Sinaloa,2022,g_groundwater_ordinance_area,99.786,% of state area,geospatial,S04|S05|S06|S12,g_groundwater_ordinance_area,,,,2022.0,public,GEOMETRY_AS_OF_FILE_DATE
be5e79f0b9b7,25,state,Sinaloa,2023,g_groundwater_ordinance_area,99.786,% of state area,geospatial,S04|S05|S06|S12,g_groundwater_ordinance_area,,,,2023.0,public,GEOMETRY_AS_OF_FILE_DATE
1819b1c53281,25,state,Sinaloa,2024,g_groundwater_ordinance_area,99.786,% of state area,geospatial,S04|S05|S06|S12,g_groundwater_ordinance_area,,,,2024.0,public,GEOMETRY_AS_OF_FILE_DATE
c60687c43316,25,state,Sinaloa,2025,g_groundwater_ordinance_area,99.786,% of state area,geospatial,S04|S05|S06|S12,g_groundwater_ordinance_area,,,,2025.0,public,GEOMETRY_AS_OF_FILE_DATE
02100de2d38e,25,state,Sinaloa,2026,g_groundwater_ordinance_area,99.786,% of state area,geospatial,S04|S05|S06|S12,g_groundwater_ordinance_area,,,,2026.0,public,GEOMETRY_AS_OF_FILE_DATE
9577de13277e,25,state,Sinaloa,2027,g_groundwater_ordinance_area,99.786,% of state area,geospatial,S04|S05|S06|S12,g_groundwater_ordinance_area,,,,2027.0,public,GEOMETRY_AS_OF_FILE_DATE
c7ec2b0bd77b,26,state,Sonora,2020,g_groundwater_ordinance_area,99.144,% of state area,geospatial,S04|S05|S06|S12,g_groundwater_ordinance_area,,,,2020.0,public,GEOMETRY_AS_OF_FILE_DATE
eb59252800af,26,state,Sonora,2021,g_groundwater_ordinance_area,99.144,% of state area,geospatial,S04|S05|S06|S12,g_groundwater_ordinance_area,,,,2021.0,public,GEOMETRY_AS_OF_FILE_DATE
32d426f523b0,26,state,Sonora,2022,g_groundwater_ordinance_area,99.144,% of state area,geospatial,S04|S05|S06|S12,g_groundwater_ordinance_area,,,,2022.0,public,GEOMETRY_AS_OF_FILE_DATE
536e2d16a5b9,26,state,Sonora,2023,g_groundwater_ordinance_area,99.144,% of state area,geospatial,S04|S05|S06|S12,g_groundwater_ordinance_area,,,,2023.0,public,GEOMETRY_AS_OF_FILE_DATE
90677db3c9d6,26,state,Sonora,2024,g_groundwater_ordinance_area,99.144,% of state area,geospatial,S04|S05|S06|S12,g_groundwater_ordinance_area,,,,2024.0,public,GEOMETRY_AS_OF_FILE_DATE
24c5ae1e2079,26,state,Sonora,2025,g_groundwater_ordinance_area,99.144,% of state area,geospatial,S04|S05|S06|S12,g_groundwater_ordinance_area,,,,2025.0,public,GEOMETRY_AS_OF_FILE_DATE
853bc522fa7f,26,state,Sonora,2026,g_groundwater_ordinance_area,99.144,% of state area,geospatial,S04|S05|S06|S12,g_groundwater_ordinance_area,,,,2026.0,public,GEOMETRY_AS_OF_FILE_DATE
96c19d403a8e,26,state,Sonora,2027,g_groundwater_ordinance_area,99.144,% of state area,geospatial,S04|S05|S06|S12,g_groundwater_ordinance_area,,,,2027.0,public,GEOMETRY_AS_OF_FILE_DATE
c00c520975f7,27,state,Tabasco,2020,g_groundwater_ordinance_area,99.239,% of state area,geospatial,S04|S05|S06|S12,g_groundwater_ordinance_area,,,,2020.0,public,GEOMETRY_AS_OF_FILE_DATE
958c94fd4fd4,27,state,Tabasco,2021,g_groundwater_ordinance_area,99.239,% of state area,geospatial,S04|S05|S06|S12,g_groundwater_ordinance_area,,,,2021.0,public,GEOMETRY_AS_OF_FILE_DATE
093fe9008ec3,27,state,Tabasco,2022,g_groundwater_ordinance_area,99.239,% of state area,geospatial,S04|S05|S06|S12,g_groundwater_ordinance_area,,,,2022.0,public,GEOMETRY_AS_OF_FILE_DATE
d1a945cb2178,27,state,Tabasco,2023,g_groundwater_ordinance_area,99.239,% of state area,geospatial,S04|S05|S06|S12,g_groundwater_ordinance_area,,,,2023.0,public,GEOMETRY_AS_OF_FILE_DATE
591de3cb16f8,27,state,Tabasco,2024,g_groundwater_ordinance_area,99.239,% of state area,geospatial,S04|S05|S06|S12,g_groundwater_ordinance_area,,,,2024.0,public,GEOMETRY_AS_OF_FILE_DATE
e6db0661305c,27,state,Tabasco,2025,g_groundwater_ordinance_area,99.239,% of state area,geospatial,S04|S05|S06|S12,g_groundwater_ordinance_area,,,,2025.0,public,GEOMETRY_AS_OF_FILE_DATE
e8cbcb9841ad,27,state,Tabasco,2026,g_groundwater_ordinance_area,99.239,% of state area,geospatial,S04|S05|S06|S12,g_groundwater_ordinance_area,,,,2026.0,public,GEOMETRY_AS_OF_FILE_DATE
f62234a55305,27,state,Tabasco,2027,g_groundwater_ordinance_area,99.239,% of state area,geospatial,S04|S05|S06|S12,g_groundwater_ordinance_area,,,,2027.0,public,GEOMETRY_AS_OF_FILE_DATE
40c887abdc9d,28,state,Tamaulipas,2020,g_groundwater_ordinance_area,98.841,% of state area,geospatial,S04|S05|S06|S12,g_groundwater_ordinance_area,,,,2020.0,public,GEOMETRY_AS_OF_FILE_DATE
5d7e2147156e,28,state,Tamaulipas,2021,g_groundwater_ordinance_area,98.841,% of state area,geospatial,S04|S05|S06|S12,g_groundwater_ordinance_area,,,,2021.0,public,GEOMETRY_AS_OF_FILE_DATE
ddb2d5163b03,28,state,Tamaulipas,2022,g_groundwater_ordinance_area,98.841,% of state area,geospatial,S04|S05|S06|S12,g_groundwater_ordinance_area,,,,2022.0,public,GEOMETRY_AS_OF_FILE_DATE
9c5e0be7fcf7,28,state,Tamaulipas,2023,g_groundwater_ordinance_area,98.841,% of state area,geospatial,S04|S05|S06|S12,g_groundwater_ordinance_area,,,,2023.0,public,GEOMETRY_AS_OF_FILE_DATE
ce038c77a8f7,28,state,Tamaulipas,2024,g_groundwater_ordinance_area,98.841,% of state area,geospatial,S04|S05|S06|S12,g_groundwater_ordinance_area,,,,2024.0,public,GEOMETRY_AS_OF_FILE_DATE
ab3ae98b5c41,28,state,Tamaulipas,2025,g_groundwater_ordinance_area,98.841,% of state area,geospatial,S04|S05|S06|S12,g_groundwater_ordinance_area,,,,2025.0,public,GEOMETRY_AS_OF_FILE_DATE
2256a4fa435c,28,state,Tamaulipas,2026,g_groundwater_ordinance_area,98.841,% of state area,geospatial,S04|S05|S06|S12,g_groundwater_ordinance_area,,,,2026.0,public,GEOMETRY_AS_OF_FILE_DATE
71706ad89f88,28,state,Tamaulipas,2027,g_groundwater_ordinance_area,98.841,% of state area,geospatial,S04|S05|S06|S12,g_groundwater_ordinance_area,,,,2027.0,public,GEOMETRY_AS_OF_FILE_DATE
f607ef02451d,29,state,Tlaxcala,2020,g_groundwater_ordinance_area,99.987,% of state area,geospatial,S04|S05|S06|S12,g_groundwater_ordinance_area,,,,2020.0,public,GEOMETRY_AS_OF_FILE_DATE
5395e7520568,29,state,Tlaxcala,2021,g_groundwater_ordinance_area,99.987,% of state area,geospatial,S04|S05|S06|S12,g_groundwater_ordinance_area,,,,2021.0,public,GEOMETRY_AS_OF_FILE_DATE
89d9afa6a0c4,29,state,Tlaxcala,2022,g_groundwater_ordinance_area,99.987,% of state area,geospatial,S04|S05|S06|S12,g_groundwater_ordinance_area,,,,2022.0,public,GEOMETRY_AS_OF_FILE_DATE
4e6f7bbd33f1,29,state,Tlaxcala,2023,g_groundwater_ordinance_area,99.987,% of state area,geospatial,S04|S05|S06|S12,g_groundwater_ordinance_area,,,,2023.0,public,GEOMETRY_AS_OF_FILE_DATE
0ab51322788b,29,state,Tlaxcala,2024,g_groundwater_ordinance_area,99.987,% of state area,geospatial,S04|S05|S06|S12,g_groundwater_ordinance_area,,,,2024.0,public,GEOMETRY_AS_OF_FILE_DATE
429579363c59,29,state,Tlaxcala,2025,g_groundwater_ordinance_area,99.987,% of state area,geospatial,S04|S05|S06|S12,g_groundwater_ordinance_area,,,,2025.0,public,GEOMETRY_AS_OF_FILE_DATE
765633cb3f34,29,state,Tlaxcala,2026,g_groundwater_ordinance_area,99.987,% of state area,geospatial,S04|S05|S06|S12,g_groundwater_ordinance_area,,,,2026.0,public,GEOMETRY_AS_OF_FILE_DATE
9348da726be0,29,state,Tlaxcala,2027,g_groundwater_ordinance_area,99.987,% of state area,geospatial,S04|S05|S06|S12,g_groundwater_ordinance_area,,,,2027.0,public,GEOMETRY_AS_OF_FILE_DATE
672792164849,30,state,Veracruz,2020,g_groundwater_ordinance_area,99.091,% of state area,geospatial,S04|S05|S06|S12,g_groundwater_ordinance_area,,,,2020.0,public,GEOMETRY_AS_OF_FILE_DATE
b8c3dc7a4524,30,state,Veracruz,2021,g_groundwater_ordinance_area,99.091,% of state area,geospatial,S04|S05|S06|S12,g_groundwater_ordinance_area,,,,2021.0,public,GEOMETRY_AS_OF_FILE_DATE
d79133108651,30,state,Veracruz,2022,g_groundwater_ordinance_area,99.091,% of state area,geospatial,S04|S05|S06|S12,g_groundwater_ordinance_area,,,,2022.0,public,GEOMETRY_AS_OF_FILE_DATE
10374e763f88,30,state,Veracruz,2023,g_groundwater_ordinance_area,99.091,% of state area,geospatial,S04|S05|S06|S12,g_groundwater_ordinance_area,,,,2023.0,public,GEOMETRY_AS_OF_FILE_DATE
fc53f051b709,30,state,Veracruz,2024,g_groundwater_ordinance_area,99.091,% of state area,geospatial,S04|S05|S06|S12,g_groundwater_ordinance_area,,,,2024.0,public,GEOMETRY_AS_OF_FILE_DATE
91e73d24b339,30,state,Veracruz,2025,g_groundwater_ordinance_area,99.091,% of state area,geospatial,S04|S05|S06|S12,g_groundwater_ordinance_area,,,,2025.0,public,GEOMETRY_AS_OF_FILE_DATE
a5a7e5ef73f2,30,state,Veracruz,2026,g_groundwater_ordinance_area,99.091,% of state area,geospatial,S04|S05|S06|S12,g_groundwater_ordinance_area,,,,2026.0,public,GEOMETRY_AS_OF_FILE_DATE
d686859d6884,30,state,Veracruz,2027,g_groundwater_ordinance_area,99.091,% of state area,geospatial,S04|S05|S06|S12,g_groundwater_ordinance_area,,,,2027.0,public,GEOMETRY_AS_OF_FILE_DATE
e6c0234714fc,31,state,Yucatán,2020,g_groundwater_ordinance_area,99.161,% of state area,geospatial,S04|S05|S06|S12,g_groundwater_ordinance_area,,,,2020.0,public,GEOMETRY_AS_OF_FILE_DATE
0fd9271fd939,31,state,Yucatán,2021,g_groundwater_ordinance_area,99.161,% of state area,geospatial,S04|S05|S06|S12,g_groundwater_ordinance_area,,,,2021.0,public,GEOMETRY_AS_OF_FILE_DATE
09666f2b39c7,31,state,Yucatán,2022,g_groundwater_ordinance_area,99.161,% of state area,geospatial,S04|S05|S06|S12,g_groundwater_ordinance_area,,,,2022.0,public,GEOMETRY_AS_OF_FILE_DATE
62ed4a89928a,31,state,Yucatán,2023,g_groundwater_ordinance_area,99.161,% of state area,geospatial,S04|S05|S06|S12,g_groundwater_ordinance_area,,,,2023.0,public,GEOMETRY_AS_OF_FILE_DATE
486a92948a69,31,state,Yucatán,2024,g_groundwater_ordinance_area,99.161,% of state area,geospatial,S04|S05|S06|S12,g_groundwater_ordinance_area,,,,2024.0,public,GEOMETRY_AS_OF_FILE_DATE
3070c481f820,31,state,Yucatán,2025,g_groundwater_ordinance_area,99.161,% of state area,geospatial,S04|S05|S06|S12,g_groundwater_ordinance_area,,,,2025.0,public,GEOMETRY_AS_OF_FILE_DATE
5470b3b56c59,31,state,Yucatán,2026,g_groundwater_ordinance_area,99.161,% of state area,geospatial,S04|S05|S06|S12,g_groundwater_ordinance_area,,,,2026.0,public,GEOMETRY_AS_OF_FILE_DATE
e2c5c5041b6f,31,state,Yucatán,2027,g_groundwater_ordinance_area,99.161,% of state area,geospatial,S04|S05|S06|S12,g_groundwater_ordinance_area,,,,2027.0,public,GEOMETRY_AS_OF_FILE_DATE
ba26eaaa7cf2,32,state,Zacatecas,2020,g_groundwater_ordinance_area,100.0,% of state area,geospatial,S04|S05|S06|S12,g_groundwater_ordinance_area,,,,2020.0,public,GEOMETRY_AS_OF_FILE_DATE
94a075ee0eda,32,state,Zacatecas,2021,g_groundwater_ordinance_area,100.0,% of state area,geospatial,S04|S05|S06|S12,g_groundwater_ordinance_area,,,,2021.0,public,GEOMETRY_AS_OF_FILE_DATE
58ec7fec0792,32,state,Zacatecas,2022,g_groundwater_ordinance_area,100.0,% of state area,geospatial,S04|S05|S06|S12,g_groundwater_ordinance_area,,,,2022.0,public,GEOMETRY_AS_OF_FILE_DATE
145380f61417,32,state,Zacatecas,2023,g_groundwater_ordinance_area,100.0,% of state area,geospatial,S04|S05|S06|S12,g_groundwater_ordinance_area,,,,2023.0,public,GEOMETRY_AS_OF_FILE_DATE
cfd5a4877c06,32,state,Zacatecas,2024,g_groundwater_ordinance_area,100.0,% of state area,geospatial,S04|S05|S06|S12,g_groundwater_ordinance_area,,,,2024.0,public,GEOMETRY_AS_OF_FILE_DATE
4e8ab6ad7b06,32,state,Zacatecas,2025,g_groundwater_ordinance_area,100.0,% of state area,geospatial,S04|S05|S06|S12,g_groundwater_ordinance_area,,,,2025.0,public,GEOMETRY_AS_OF_FILE_DATE
5a645e9520ee,32,state,Zacatecas,2026,g_groundwater_ordinance_area,100.0,% of state area,geospatial,S04|S05|S06|S12,g_groundwater_ordinance_area,,,,2026.0,public,GEOMETRY_AS_OF_FILE_DATE
a51e38f2eb06,32,state,Zacatecas,2027,g_groundwater_ordinance_area,100.0,% of state area,geospatial,S04|S05|S06|S12,g_groundwater_ordinance_area,,,,2027.0,public,GEOMETRY_AS_OF_FILE_DATE
a89b28c80896,01,state,Aguascalientes,2020,g_veda_area,100.0,% of state area,geospatial,S04|S12,g_veda_area,,,,2020.0,public,GEOMETRY_AS_OF_FILE_DATE
993fd13544e5,01,state,Aguascalientes,2021,g_veda_area,100.0,% of state area,geospatial,S04|S12,g_veda_area,,,,2021.0,public,GEOMETRY_AS_OF_FILE_DATE
b698e85061d8,01,state,Aguascalientes,2022,g_veda_area,100.0,% of state area,geospatial,S04|S12,g_veda_area,,,,2022.0,public,GEOMETRY_AS_OF_FILE_DATE
771ada235918,01,state,Aguascalientes,2023,g_veda_area,100.0,% of state area,geospatial,S04|S12,g_veda_area,,,,2023.0,public,GEOMETRY_AS_OF_FILE_DATE
dccd93da87e3,01,state,Aguascalientes,2024,g_veda_area,100.0,% of state area,geospatial,S04|S12,g_veda_area,,,,2024.0,public,GEOMETRY_AS_OF_FILE_DATE
1b147b90c0b3,01,state,Aguascalientes,2025,g_veda_area,100.0,% of state area,geospatial,S04|S12,g_veda_area,,,,2025.0,public,GEOMETRY_AS_OF_FILE_DATE
34a8cc0a71ed,01,state,Aguascalientes,2026,g_veda_area,100.0,% of state area,geospatial,S04|S12,g_veda_area,,,,2026.0,public,GEOMETRY_AS_OF_FILE_DATE
916dc6c27f2a,01,state,Aguascalientes,2027,g_veda_area,100.0,% of state area,geospatial,S04|S12,g_veda_area,,,,2027.0,public,GEOMETRY_AS_OF_FILE_DATE
f527e5a8e318,02,state,Baja California,2020,g_veda_area,97.463,% of state area,geospatial,S04|S12,g_veda_area,,,,2020.0,public,GEOMETRY_AS_OF_FILE_DATE
d3b58d7ed297,02,state,Baja California,2021,g_veda_area,97.463,% of state area,geospatial,S04|S12,g_veda_area,,,,2021.0,public,GEOMETRY_AS_OF_FILE_DATE
e414ddbd71d3,02,state,Baja California,2022,g_veda_area,97.463,% of state area,geospatial,S04|S12,g_veda_area,,,,2022.0,public,GEOMETRY_AS_OF_FILE_DATE
f96df1e5e1b5,02,state,Baja California,2023,g_veda_area,97.463,% of state area,geospatial,S04|S12,g_veda_area,,,,2023.0,public,GEOMETRY_AS_OF_FILE_DATE
2b5f02ba2fb6,02,state,Baja California,2024,g_veda_area,97.463,% of state area,geospatial,S04|S12,g_veda_area,,,,2024.0,public,GEOMETRY_AS_OF_FILE_DATE
35005990a2a2,02,state,Baja California,2025,g_veda_area,97.463,% of state area,geospatial,S04|S12,g_veda_area,,,,2025.0,public,GEOMETRY_AS_OF_FILE_DATE
bf22c84e243f,02,state,Baja California,2026,g_veda_area,97.463,% of state area,geospatial,S04|S12,g_veda_area,,,,2026.0,public,GEOMETRY_AS_OF_FILE_DATE
f9550cb27aee,02,state,Baja California,2027,g_veda_area,97.463,% of state area,geospatial,S04|S12,g_veda_area,,,,2027.0,public,GEOMETRY_AS_OF_FILE_DATE
6da7e6c7fa84,03,state,Baja California Sur,2020,g_veda_area,98.67,% of state area,geospatial,S04|S12,g_veda_area,,,,2020.0,public,GEOMETRY_AS_OF_FILE_DATE
ba8fa047f8e3,03,state,Baja California Sur,2021,g_veda_area,98.67,% of state area,geospatial,S04|S12,g_veda_area,,,,2021.0,public,GEOMETRY_AS_OF_FILE_DATE
b072aa3f6614,03,state,Baja California Sur,2022,g_veda_area,98.67,% of state area,geospatial,S04|S12,g_veda_area,,,,2022.0,public,GEOMETRY_AS_OF_FILE_DATE
fa5005285b36,03,state,Baja California Sur,2023,g_veda_area,98.67,% of state area,geospatial,S04|S12,g_veda_area,,,,2023.0,public,GEOMETRY_AS_OF_FILE_DATE
cbbd0af88e53,03,state,Baja California Sur,2024,g_veda_area,98.67,% of state area,geospatial,S04|S12,g_veda_area,,,,2024.0,public,GEOMETRY_AS_OF_FILE_DATE
679fd3861376,03,state,Baja California Sur,2025,g_veda_area,98.67,% of state area,geospatial,S04|S12,g_veda_area,,,,2025.0,public,GEOMETRY_AS_OF_FILE_DATE
16e4950efdf1,03,state,Baja California Sur,2026,g_veda_area,98.67,% of state area,geospatial,S04|S12,g_veda_area,,,,2026.0,public,GEOMETRY_AS_OF_FILE_DATE
784c78cd2c5f,03,state,Baja California Sur,2027,g_veda_area,98.67,% of state area,geospatial,S04|S12,g_veda_area,,,,2027.0,public,GEOMETRY_AS_OF_FILE_DATE
f73387799c85,04,state,Campeche,2020,g_veda_area,98.507,% of state area,geospatial,S04|S12,g_veda_area,,,,2020.0,public,GEOMETRY_AS_OF_FILE_DATE
9ae800379cbf,04,state,Campeche,2021,g_veda_area,98.507,% of state area,geospatial,S04|S12,g_veda_area,,,,2021.0,public,GEOMETRY_AS_OF_FILE_DATE
a0c6e4cc785e,04,state,Campeche,2022,g_veda_area,98.507,% of state area,geospatial,S04|S12,g_veda_area,,,,2022.0,public,GEOMETRY_AS_OF_FILE_DATE
03f372871508,04,state,Campeche,2023,g_veda_area,98.507,% of state area,geospatial,S04|S12,g_veda_area,,,,2023.0,public,GEOMETRY_AS_OF_FILE_DATE
44a6cb18d543,04,state,Campeche,2024,g_veda_area,98.507,% of state area,geospatial,S04|S12,g_veda_area,,,,2024.0,public,GEOMETRY_AS_OF_FILE_DATE
a1a31ceffcb0,04,state,Campeche,2025,g_veda_area,98.507,% of state area,geospatial,S04|S12,g_veda_area,,,,2025.0,public,GEOMETRY_AS_OF_FILE_DATE
32aad4203840,04,state,Campeche,2026,g_veda_area,98.507,% of state area,geospatial,S04|S12,g_veda_area,,,,2026.0,public,GEOMETRY_AS_OF_FILE_DATE
ae99e7690f20,04,state,Campeche,2027,g_veda_area,98.507,% of state area,geospatial,S04|S12,g_veda_area,,,,2027.0,public,GEOMETRY_AS_OF_FILE_DATE
4aa4ee761c54,05,state,Coahuila,2020,g_veda_area,16.499,% of state area,geospatial,S04|S12,g_veda_area,,,,2020.0,public,GEOMETRY_AS_OF_FILE_DATE
5f23ec461e15,05,state,Coahuila,2021,g_veda_area,16.499,% of state area,geospatial,S04|S12,g_veda_area,,,,2021.0,public,GEOMETRY_AS_OF_FILE_DATE
6c427e3ded55,05,state,Coahuila,2022,g_veda_area,16.499,% of state area,geospatial,S04|S12,g_veda_area,,,,2022.0,public,GEOMETRY_AS_OF_FILE_DATE
195a937716d4,05,state,Coahuila,2023,g_veda_area,16.499,% of state area,geospatial,S04|S12,g_veda_area,,,,2023.0,public,GEOMETRY_AS_OF_FILE_DATE
964fa9cdfe41,05,state,Coahuila,2024,g_veda_area,16.499,% of state area,geospatial,S04|S12,g_veda_area,,,,2024.0,public,GEOMETRY_AS_OF_FILE_DATE
a097512e76f3,05,state,Coahuila,2025,g_veda_area,16.499,% of state area,geospatial,S04|S12,g_veda_area,,,,2025.0,public,GEOMETRY_AS_OF_FILE_DATE
bcb762437ff3,05,state,Coahuila,2026,g_veda_area,16.499,% of state area,geospatial,S04|S12,g_veda_area,,,,2026.0,public,GEOMETRY_AS_OF_FILE_DATE
c50dea79e5f0,05,state,Coahuila,2027,g_veda_area,16.499,% of state area,geospatial,S04|S12,g_veda_area,,,,2027.0,public,GEOMETRY_AS_OF_FILE_DATE
ee6aed491fbe,06,state,Colima,2020,g_veda_area,96.19,% of state area,geospatial,S04|S12,g_veda_area,,,,2020.0,public,GEOMETRY_AS_OF_FILE_DATE
eadb2e194e48,06,state,Colima,2021,g_veda_area,96.19,% of state area,geospatial,S04|S12,g_veda_area,,,,2021.0,public,GEOMETRY_AS_OF_FILE_DATE
08e10a0d95db,06,state,Colima,2022,g_veda_area,96.19,% of state area,geospatial,S04|S12,g_veda_area,,,,2022.0,public,GEOMETRY_AS_OF_FILE_DATE
b63c50399492,06,state,Colima,2023,g_veda_area,96.19,% of state area,geospatial,S04|S12,g_veda_area,,,,2023.0,public,GEOMETRY_AS_OF_FILE_DATE
3d6876c5d2bb,06,state,Colima,2024,g_veda_area,96.19,% of state area,geospatial,S04|S12,g_veda_area,,,,2024.0,public,GEOMETRY_AS_OF_FILE_DATE
a6a07de3c635,06,state,Colima,2025,g_veda_area,96.19,% of state area,geospatial,S04|S12,g_veda_area,,,,2025.0,public,GEOMETRY_AS_OF_FILE_DATE
d52b7891ab09,06,state,Colima,2026,g_veda_area,96.19,% of state area,geospatial,S04|S12,g_veda_area,,,,2026.0,public,GEOMETRY_AS_OF_FILE_DATE
77c12c375a9a,06,state,Colima,2027,g_veda_area,96.19,% of state area,geospatial,S04|S12,g_veda_area,,,,2027.0,public,GEOMETRY_AS_OF_FILE_DATE
98495f5661b0,07,state,Chiapas,2020,g_veda_area,55.557,% of state area,geospatial,S04|S12,g_veda_area,,,,2020.0,public,GEOMETRY_AS_OF_FILE_DATE
7f8c0e7d141c,07,state,Chiapas,2021,g_veda_area,55.557,% of state area,geospatial,S04|S12,g_veda_area,,,,2021.0,public,GEOMETRY_AS_OF_FILE_DATE
1bb2ace459d7,07,state,Chiapas,2022,g_veda_area,55.557,% of state area,geospatial,S04|S12,g_veda_area,,,,2022.0,public,GEOMETRY_AS_OF_FILE_DATE
41ef11df148f,07,state,Chiapas,2023,g_veda_area,55.557,% of state area,geospatial,S04|S12,g_veda_area,,,,2023.0,public,GEOMETRY_AS_OF_FILE_DATE
a7d1e400c788,07,state,Chiapas,2024,g_veda_area,55.557,% of state area,geospatial,S04|S12,g_veda_area,,,,2024.0,public,GEOMETRY_AS_OF_FILE_DATE
29364d1363d8,07,state,Chiapas,2025,g_veda_area,55.557,% of state area,geospatial,S04|S12,g_veda_area,,,,2025.0,public,GEOMETRY_AS_OF_FILE_DATE
b0d49f0e8273,07,state,Chiapas,2026,g_veda_area,55.557,% of state area,geospatial,S04|S12,g_veda_area,,,,2026.0,public,GEOMETRY_AS_OF_FILE_DATE
03b11e4e2b57,07,state,Chiapas,2027,g_veda_area,55.557,% of state area,geospatial,S04|S12,g_veda_area,,,,2027.0,public,GEOMETRY_AS_OF_FILE_DATE
5fdd2f6b9519,08,state,Chihuahua,2020,g_veda_area,33.174,% of state area,geospatial,S04|S12,g_veda_area,,,,2020.0,public,GEOMETRY_AS_OF_FILE_DATE
3eb0bbdbf08e,08,state,Chihuahua,2021,g_veda_area,33.174,% of state area,geospatial,S04|S12,g_veda_area,,,,2021.0,public,GEOMETRY_AS_OF_FILE_DATE
b8eb74057d43,08,state,Chihuahua,2022,g_veda_area,33.174,% of state area,geospatial,S04|S12,g_veda_area,,,,2022.0,public,GEOMETRY_AS_OF_FILE_DATE
8dbb3ce8b93a,08,state,Chihuahua,2023,g_veda_area,33.174,% of state area,geospatial,S04|S12,g_veda_area,,,,2023.0,public,GEOMETRY_AS_OF_FILE_DATE
0e836af18a66,08,state,Chihuahua,2024,g_veda_area,33.174,% of state area,geospatial,S04|S12,g_veda_area,,,,2024.0,public,GEOMETRY_AS_OF_FILE_DATE
9eb449c9fd12,08,state,Chihuahua,2025,g_veda_area,33.174,% of state area,geospatial,S04|S12,g_veda_area,,,,2025.0,public,GEOMETRY_AS_OF_FILE_DATE
8a893e42304b,08,state,Chihuahua,2026,g_veda_area,33.174,% of state area,geospatial,S04|S12,g_veda_area,,,,2026.0,public,GEOMETRY_AS_OF_FILE_DATE
59a97ee21660,08,state,Chihuahua,2027,g_veda_area,33.174,% of state area,geospatial,S04|S12,g_veda_area,,,,2027.0,public,GEOMETRY_AS_OF_FILE_DATE
09be84c44c4e,09,state,Ciudad de México,2020,g_veda_area,93.045,% of state area,geospatial,S04|S12,g_veda_area,,,,2020.0,public,GEOMETRY_AS_OF_FILE_DATE
2d78ff79c62b,09,state,Ciudad de México,2021,g_veda_area,93.045,% of state area,geospatial,S04|S12,g_veda_area,,,,2021.0,public,GEOMETRY_AS_OF_FILE_DATE
73266bbc7f87,09,state,Ciudad de México,2022,g_veda_area,93.045,% of state area,geospatial,S04|S12,g_veda_area,,,,2022.0,public,GEOMETRY_AS_OF_FILE_DATE
7d1cdbba3cc9,09,state,Ciudad de México,2023,g_veda_area,93.045,% of state area,geospatial,S04|S12,g_veda_area,,,,2023.0,public,GEOMETRY_AS_OF_FILE_DATE
3b6961166426,09,state,Ciudad de México,2024,g_veda_area,93.045,% of state area,geospatial,S04|S12,g_veda_area,,,,2024.0,public,GEOMETRY_AS_OF_FILE_DATE
1f061d941f25,09,state,Ciudad de México,2025,g_veda_area,93.045,% of state area,geospatial,S04|S12,g_veda_area,,,,2025.0,public,GEOMETRY_AS_OF_FILE_DATE
a9fb05a37657,09,state,Ciudad de México,2026,g_veda_area,93.045,% of state area,geospatial,S04|S12,g_veda_area,,,,2026.0,public,GEOMETRY_AS_OF_FILE_DATE
168677305bf1,09,state,Ciudad de México,2027,g_veda_area,93.045,% of state area,geospatial,S04|S12,g_veda_area,,,,2027.0,public,GEOMETRY_AS_OF_FILE_DATE
29b61dd57629,10,state,Durango,2020,g_veda_area,20.551,% of state area,geospatial,S04|S12,g_veda_area,,,,2020.0,public,GEOMETRY_AS_OF_FILE_DATE
77668ace6d87,10,state,Durango,2021,g_veda_area,20.551,% of state area,geospatial,S04|S12,g_veda_area,,,,2021.0,public,GEOMETRY_AS_OF_FILE_DATE
6f1c48c421b7,10,state,Durango,2022,g_veda_area,20.551,% of state area,geospatial,S04|S12,g_veda_area,,,,2022.0,public,GEOMETRY_AS_OF_FILE_DATE
b79a94523b85,10,state,Durango,2023,g_veda_area,20.551,% of state area,geospatial,S04|S12,g_veda_area,,,,2023.0,public,GEOMETRY_AS_OF_FILE_DATE
ebf5e0b78886,10,state,Durango,2024,g_veda_area,20.551,% of state area,geospatial,S04|S12,g_veda_area,,,,2024.0,public,GEOMETRY_AS_OF_FILE_DATE
ed01b1a66189,10,state,Durango,2025,g_veda_area,20.551,% of state area,geospatial,S04|S12,g_veda_area,,,,2025.0,public,GEOMETRY_AS_OF_FILE_DATE
1a99afc8de48,10,state,Durango,2026,g_veda_area,20.551,% of state area,geospatial,S04|S12,g_veda_area,,,,2026.0,public,GEOMETRY_AS_OF_FILE_DATE
f24416309be3,10,state,Durango,2027,g_veda_area,20.551,% of state area,geospatial,S04|S12,g_veda_area,,,,2027.0,public,GEOMETRY_AS_OF_FILE_DATE
99d4e87ae68b,11,state,Guanajuato,2020,g_veda_area,99.488,% of state area,geospatial,S04|S12,g_veda_area,,,,2020.0,public,GEOMETRY_AS_OF_FILE_DATE
0feca3d4f172,11,state,Guanajuato,2021,g_veda_area,99.488,% of state area,geospatial,S04|S12,g_veda_area,,,,2021.0,public,GEOMETRY_AS_OF_FILE_DATE
2845c7f19b3f,11,state,Guanajuato,2022,g_veda_area,99.488,% of state area,geospatial,S04|S12,g_veda_area,,,,2022.0,public,GEOMETRY_AS_OF_FILE_DATE
4cdcdcecd0a5,11,state,Guanajuato,2023,g_veda_area,99.488,% of state area,geospatial,S04|S12,g_veda_area,,,,2023.0,public,GEOMETRY_AS_OF_FILE_DATE
af37dfd3f4bf,11,state,Guanajuato,2024,g_veda_area,99.488,% of state area,geospatial,S04|S12,g_veda_area,,,,2024.0,public,GEOMETRY_AS_OF_FILE_DATE
56c1f7641f23,11,state,Guanajuato,2025,g_veda_area,99.488,% of state area,geospatial,S04|S12,g_veda_area,,,,2025.0,public,GEOMETRY_AS_OF_FILE_DATE
d0a078145abb,11,state,Guanajuato,2026,g_veda_area,99.488,% of state area,geospatial,S04|S12,g_veda_area,,,,2026.0,public,GEOMETRY_AS_OF_FILE_DATE
94ce3f1218ca,11,state,Guanajuato,2027,g_veda_area,99.488,% of state area,geospatial,S04|S12,g_veda_area,,,,2027.0,public,GEOMETRY_AS_OF_FILE_DATE
9e6f12ea296e,12,state,Guerrero,2020,g_veda_area,41.169,% of state area,geospatial,S04|S12,g_veda_area,,,,2020.0,public,GEOMETRY_AS_OF_FILE_DATE
cbf7265b162f,12,state,Guerrero,2021,g_veda_area,41.169,% of state area,geospatial,S04|S12,g_veda_area,,,,2021.0,public,GEOMETRY_AS_OF_FILE_DATE
c621b0ebe3a7,12,state,Guerrero,2022,g_veda_area,41.169,% of state area,geospatial,S04|S12,g_veda_area,,,,2022.0,public,GEOMETRY_AS_OF_FILE_DATE
10cc0ec39e3c,12,state,Guerrero,2023,g_veda_area,41.169,% of state area,geospatial,S04|S12,g_veda_area,,,,2023.0,public,GEOMETRY_AS_OF_FILE_DATE
89c327abfe1d,12,state,Guerrero,2024,g_veda_area,41.169,% of state area,geospatial,S04|S12,g_veda_area,,,,2024.0,public,GEOMETRY_AS_OF_FILE_DATE
1b805a757769,12,state,Guerrero,2025,g_veda_area,41.169,% of state area,geospatial,S04|S12,g_veda_area,,,,2025.0,public,GEOMETRY_AS_OF_FILE_DATE
f6971c5f7321,12,state,Guerrero,2026,g_veda_area,41.169,% of state area,geospatial,S04|S12,g_veda_area,,,,2026.0,public,GEOMETRY_AS_OF_FILE_DATE
e9176e96fb77,12,state,Guerrero,2027,g_veda_area,41.169,% of state area,geospatial,S04|S12,g_veda_area,,,,2027.0,public,GEOMETRY_AS_OF_FILE_DATE
98f23db7e30f,13,state,Hidalgo,2020,g_veda_area,24.356,% of state area,geospatial,S04|S12,g_veda_area,,,,2020.0,public,GEOMETRY_AS_OF_FILE_DATE
0075f943558a,13,state,Hidalgo,2021,g_veda_area,24.356,% of state area,geospatial,S04|S12,g_veda_area,,,,2021.0,public,GEOMETRY_AS_OF_FILE_DATE
ec5a4f2619ae,13,state,Hidalgo,2022,g_veda_area,24.356,% of state area,geospatial,S04|S12,g_veda_area,,,,2022.0,public,GEOMETRY_AS_OF_FILE_DATE
cfb0f6a29380,13,state,Hidalgo,2023,g_veda_area,24.356,% of state area,geospatial,S04|S12,g_veda_area,,,,2023.0,public,GEOMETRY_AS_OF_FILE_DATE
992d2319df4a,13,state,Hidalgo,2024,g_veda_area,24.356,% of state area,geospatial,S04|S12,g_veda_area,,,,2024.0,public,GEOMETRY_AS_OF_FILE_DATE
6c77bef5583d,13,state,Hidalgo,2025,g_veda_area,24.356,% of state area,geospatial,S04|S12,g_veda_area,,,,2025.0,public,GEOMETRY_AS_OF_FILE_DATE
1be52ff6cbe2,13,state,Hidalgo,2026,g_veda_area,24.356,% of state area,geospatial,S04|S12,g_veda_area,,,,2026.0,public,GEOMETRY_AS_OF_FILE_DATE
5d59cf75baaf,13,state,Hidalgo,2027,g_veda_area,24.356,% of state area,geospatial,S04|S12,g_veda_area,,,,2027.0,public,GEOMETRY_AS_OF_FILE_DATE
fa10b23a62f3,14,state,Jalisco,2020,g_veda_area,97.597,% of state area,geospatial,S04|S12,g_veda_area,,,,2020.0,public,GEOMETRY_AS_OF_FILE_DATE
3c8fa22b881a,14,state,Jalisco,2021,g_veda_area,97.597,% of state area,geospatial,S04|S12,g_veda_area,,,,2021.0,public,GEOMETRY_AS_OF_FILE_DATE
dc9d06ee1710,14,state,Jalisco,2022,g_veda_area,97.597,% of state area,geospatial,S04|S12,g_veda_area,,,,2022.0,public,GEOMETRY_AS_OF_FILE_DATE
263245d72881,14,state,Jalisco,2023,g_veda_area,97.597,% of state area,geospatial,S04|S12,g_veda_area,,,,2023.0,public,GEOMETRY_AS_OF_FILE_DATE
aa30fce9d0c0,14,state,Jalisco,2024,g_veda_area,97.597,% of state area,geospatial,S04|S12,g_veda_area,,,,2024.0,public,GEOMETRY_AS_OF_FILE_DATE
2b903e77dae4,14,state,Jalisco,2025,g_veda_area,97.597,% of state area,geospatial,S04|S12,g_veda_area,,,,2025.0,public,GEOMETRY_AS_OF_FILE_DATE
628b20a89b45,14,state,Jalisco,2026,g_veda_area,97.597,% of state area,geospatial,S04|S12,g_veda_area,,,,2026.0,public,GEOMETRY_AS_OF_FILE_DATE
8cd925370dc5,14,state,Jalisco,2027,g_veda_area,97.597,% of state area,geospatial,S04|S12,g_veda_area,,,,2027.0,public,GEOMETRY_AS_OF_FILE_DATE
265cac822594,15,state,Estado de México,2020,g_veda_area,98.623,% of state area,geospatial,S04|S12,g_veda_area,,,,2020.0,public,GEOMETRY_AS_OF_FILE_DATE
c8050b6c5d4e,15,state,Estado de México,2021,g_veda_area,98.623,% of state area,geospatial,S04|S12,g_veda_area,,,,2021.0,public,GEOMETRY_AS_OF_FILE_DATE
c5190bbd7300,15,state,Estado de México,2022,g_veda_area,98.623,% of state area,geospatial,S04|S12,g_veda_area,,,,2022.0,public,GEOMETRY_AS_OF_FILE_DATE
fff1d46fd91a,15,state,Estado de México,2023,g_veda_area,98.623,% of state area,geospatial,S04|S12,g_veda_area,,,,2023.0,public,GEOMETRY_AS_OF_FILE_DATE
602950bcb06a,15,state,Estado de México,2024,g_veda_area,98.623,% of state area,geospatial,S04|S12,g_veda_area,,,,2024.0,public,GEOMETRY_AS_OF_FILE_DATE
02d8740fb9db,15,state,Estado de México,2025,g_veda_area,98.623,% of state area,geospatial,S04|S12,g_veda_area,,,,2025.0,public,GEOMETRY_AS_OF_FILE_DATE
7e3736ac0aee,15,state,Estado de México,2026,g_veda_area,98.623,% of state area,geospatial,S04|S12,g_veda_area,,,,2026.0,public,GEOMETRY_AS_OF_FILE_DATE
3626409d7d0e,15,state,Estado de México,2027,g_veda_area,98.623,% of state area,geospatial,S04|S12,g_veda_area,,,,2027.0,public,GEOMETRY_AS_OF_FILE_DATE
cc17df18ebd1,16,state,Michoacán,2020,g_veda_area,99.747,% of state area,geospatial,S04|S12,g_veda_area,,,,2020.0,public,GEOMETRY_AS_OF_FILE_DATE
4a81d92adfb7,16,state,Michoacán,2021,g_veda_area,99.747,% of state area,geospatial,S04|S12,g_veda_area,,,,2021.0,public,GEOMETRY_AS_OF_FILE_DATE
9ca56af24bc0,16,state,Michoacán,2022,g_veda_area,99.747,% of state area,geospatial,S04|S12,g_veda_area,,,,2022.0,public,GEOMETRY_AS_OF_FILE_DATE
07debcdc62e4,16,state,Michoacán,2023,g_veda_area,99.747,% of state area,geospatial,S04|S12,g_veda_area,,,,2023.0,public,GEOMETRY_AS_OF_FILE_DATE
4f41b5e85299,16,state,Michoacán,2024,g_veda_area,99.747,% of state area,geospatial,S04|S12,g_veda_area,,,,2024.0,public,GEOMETRY_AS_OF_FILE_DATE
464d722ae2b3,16,state,Michoacán,2025,g_veda_area,99.747,% of state area,geospatial,S04|S12,g_veda_area,,,,2025.0,public,GEOMETRY_AS_OF_FILE_DATE
1895f6be7a00,16,state,Michoacán,2026,g_veda_area,99.747,% of state area,geospatial,S04|S12,g_veda_area,,,,2026.0,public,GEOMETRY_AS_OF_FILE_DATE
05168fec2ef2,16,state,Michoacán,2027,g_veda_area,99.747,% of state area,geospatial,S04|S12,g_veda_area,,,,2027.0,public,GEOMETRY_AS_OF_FILE_DATE
96758bb054bc,17,state,Morelos,2020,g_veda_area,96.619,% of state area,geospatial,S04|S12,g_veda_area,,,,2020.0,public,GEOMETRY_AS_OF_FILE_DATE
639985af6ba9,17,state,Morelos,2021,g_veda_area,96.619,% of state area,geospatial,S04|S12,g_veda_area,,,,2021.0,public,GEOMETRY_AS_OF_FILE_DATE
b488e77060de,17,state,Morelos,2022,g_veda_area,96.619,% of state area,geospatial,S04|S12,g_veda_area,,,,2022.0,public,GEOMETRY_AS_OF_FILE_DATE
1a15d1da38c1,17,state,Morelos,2023,g_veda_area,96.619,% of state area,geospatial,S04|S12,g_veda_area,,,,2023.0,public,GEOMETRY_AS_OF_FILE_DATE
31addff65d3b,17,state,Morelos,2024,g_veda_area,96.619,% of state area,geospatial,S04|S12,g_veda_area,,,,2024.0,public,GEOMETRY_AS_OF_FILE_DATE
00456f35db70,17,state,Morelos,2025,g_veda_area,96.619,% of state area,geospatial,S04|S12,g_veda_area,,,,2025.0,public,GEOMETRY_AS_OF_FILE_DATE
584a8998ca1e,17,state,Morelos,2026,g_veda_area,96.619,% of state area,geospatial,S04|S12,g_veda_area,,,,2026.0,public,GEOMETRY_AS_OF_FILE_DATE
2881bb1b0d9e,17,state,Morelos,2027,g_veda_area,96.619,% of state area,geospatial,S04|S12,g_veda_area,,,,2027.0,public,GEOMETRY_AS_OF_FILE_DATE
594133947a0f,18,state,Nayarit,2020,g_veda_area,39.167,% of state area,geospatial,S04|S12,g_veda_area,,,,2020.0,public,GEOMETRY_AS_OF_FILE_DATE
5296c89eb4cc,18,state,Nayarit,2021,g_veda_area,39.167,% of state area,geospatial,S04|S12,g_veda_area,,,,2021.0,public,GEOMETRY_AS_OF_FILE_DATE
de945470178c,18,state,Nayarit,2022,g_veda_area,39.167,% of state area,geospatial,S04|S12,g_veda_area,,,,2022.0,public,GEOMETRY_AS_OF_FILE_DATE
a422fbb71e8e,18,state,Nayarit,2023,g_veda_area,39.167,% of state area,geospatial,S04|S12,g_veda_area,,,,2023.0,public,GEOMETRY_AS_OF_FILE_DATE
c5b858a0e1ef,18,state,Nayarit,2024,g_veda_area,39.167,% of state area,geospatial,S04|S12,g_veda_area,,,,2024.0,public,GEOMETRY_AS_OF_FILE_DATE
514aff75bd58,18,state,Nayarit,2025,g_veda_area,39.167,% of state area,geospatial,S04|S12,g_veda_area,,,,2025.0,public,GEOMETRY_AS_OF_FILE_DATE
961029267434,18,state,Nayarit,2026,g_veda_area,39.167,% of state area,geospatial,S04|S12,g_veda_area,,,,2026.0,public,GEOMETRY_AS_OF_FILE_DATE
b6e6238a9b50,18,state,Nayarit,2027,g_veda_area,39.167,% of state area,geospatial,S04|S12,g_veda_area,,,,2027.0,public,GEOMETRY_AS_OF_FILE_DATE
c3de10227a43,19,state,Nuevo León,2020,g_veda_area,23.814,% of state area,geospatial,S04|S12,g_veda_area,,,,2020.0,public,GEOMETRY_AS_OF_FILE_DATE
9e36be54d250,19,state,Nuevo León,2021,g_veda_area,23.814,% of state area,geospatial,S04|S12,g_veda_area,,,,2021.0,public,GEOMETRY_AS_OF_FILE_DATE
27affce2bcfd,19,state,Nuevo León,2022,g_veda_area,23.814,% of state area,geospatial,S04|S12,g_veda_area,,,,2022.0,public,GEOMETRY_AS_OF_FILE_DATE
da6e01edd8e7,19,state,Nuevo León,2023,g_veda_area,23.814,% of state area,geospatial,S04|S12,g_veda_area,,,,2023.0,public,GEOMETRY_AS_OF_FILE_DATE
b47fcacdb43a,19,state,Nuevo León,2024,g_veda_area,23.814,% of state area,geospatial,S04|S12,g_veda_area,,,,2024.0,public,GEOMETRY_AS_OF_FILE_DATE
f8140230d94d,19,state,Nuevo León,2025,g_veda_area,23.814,% of state area,geospatial,S04|S12,g_veda_area,,,,2025.0,public,GEOMETRY_AS_OF_FILE_DATE
33ba5ce3cf24,19,state,Nuevo León,2026,g_veda_area,23.814,% of state area,geospatial,S04|S12,g_veda_area,,,,2026.0,public,GEOMETRY_AS_OF_FILE_DATE
07cf3b312b3a,19,state,Nuevo León,2027,g_veda_area,23.814,% of state area,geospatial,S04|S12,g_veda_area,,,,2027.0,public,GEOMETRY_AS_OF_FILE_DATE
b4359aa89930,20,state,Oaxaca,2020,g_veda_area,29.254,% of state area,geospatial,S04|S12,g_veda_area,,,,2020.0,public,GEOMETRY_AS_OF_FILE_DATE
990227fcba33,20,state,Oaxaca,2021,g_veda_area,29.254,% of state area,geospatial,S04|S12,g_veda_area,,,,2021.0,public,GEOMETRY_AS_OF_FILE_DATE
cacd18b91063,20,state,Oaxaca,2022,g_veda_area,29.254,% of state area,geospatial,S04|S12,g_veda_area,,,,2022.0,public,GEOMETRY_AS_OF_FILE_DATE
dea8f4d46a29,20,state,Oaxaca,2023,g_veda_area,29.254,% of state area,geospatial,S04|S12,g_veda_area,,,,2023.0,public,GEOMETRY_AS_OF_FILE_DATE
61c5e6396902,20,state,Oaxaca,2024,g_veda_area,29.254,% of state area,geospatial,S04|S12,g_veda_area,,,,2024.0,public,GEOMETRY_AS_OF_FILE_DATE
b579701de648,20,state,Oaxaca,2025,g_veda_area,29.254,% of state area,geospatial,S04|S12,g_veda_area,,,,2025.0,public,GEOMETRY_AS_OF_FILE_DATE
2b51073eec6d,20,state,Oaxaca,2026,g_veda_area,29.254,% of state area,geospatial,S04|S12,g_veda_area,,,,2026.0,public,GEOMETRY_AS_OF_FILE_DATE
de01cb1feba5,20,state,Oaxaca,2027,g_veda_area,29.254,% of state area,geospatial,S04|S12,g_veda_area,,,,2027.0,public,GEOMETRY_AS_OF_FILE_DATE
c68ce5ffffef,21,state,Puebla,2020,g_veda_area,46.548,% of state area,geospatial,S04|S12,g_veda_area,,,,2020.0,public,GEOMETRY_AS_OF_FILE_DATE
d6cc527bcb42,21,state,Puebla,2021,g_veda_area,46.548,% of state area,geospatial,S04|S12,g_veda_area,,,,2021.0,public,GEOMETRY_AS_OF_FILE_DATE
b3c77ef469c2,21,state,Puebla,2022,g_veda_area,46.548,% of state area,geospatial,S04|S12,g_veda_area,,,,2022.0,public,GEOMETRY_AS_OF_FILE_DATE
4b59e0fce8cb,21,state,Puebla,2023,g_veda_area,46.548,% of state area,geospatial,S04|S12,g_veda_area,,,,2023.0,public,GEOMETRY_AS_OF_FILE_DATE
89a3576970f9,21,state,Puebla,2024,g_veda_area,46.548,% of state area,geospatial,S04|S12,g_veda_area,,,,2024.0,public,GEOMETRY_AS_OF_FILE_DATE
a7265fbab28a,21,state,Puebla,2025,g_veda_area,46.548,% of state area,geospatial,S04|S12,g_veda_area,,,,2025.0,public,GEOMETRY_AS_OF_FILE_DATE
bf512c569e0f,21,state,Puebla,2026,g_veda_area,46.548,% of state area,geospatial,S04|S12,g_veda_area,,,,2026.0,public,GEOMETRY_AS_OF_FILE_DATE
649ce1080894,21,state,Puebla,2027,g_veda_area,46.548,% of state area,geospatial,S04|S12,g_veda_area,,,,2027.0,public,GEOMETRY_AS_OF_FILE_DATE
776f7e153865,22,state,Querétaro,2020,g_veda_area,50.597,% of state area,geospatial,S04|S12,g_veda_area,,,,2020.0,public,GEOMETRY_AS_OF_FILE_DATE
8fe8d169af51,22,state,Querétaro,2021,g_veda_area,50.597,% of state area,geospatial,S04|S12,g_veda_area,,,,2021.0,public,GEOMETRY_AS_OF_FILE_DATE
c147ce65079a,22,state,Querétaro,2022,g_veda_area,50.597,% of state area,geospatial,S04|S12,g_veda_area,,,,2022.0,public,GEOMETRY_AS_OF_FILE_DATE
acc875176758,22,state,Querétaro,2023,g_veda_area,50.597,% of state area,geospatial,S04|S12,g_veda_area,,,,2023.0,public,GEOMETRY_AS_OF_FILE_DATE
360dba9c2e2b,22,state,Querétaro,2024,g_veda_area,50.597,% of state area,geospatial,S04|S12,g_veda_area,,,,2024.0,public,GEOMETRY_AS_OF_FILE_DATE
6a4055bd2a4a,22,state,Querétaro,2025,g_veda_area,50.597,% of state area,geospatial,S04|S12,g_veda_area,,,,2025.0,public,GEOMETRY_AS_OF_FILE_DATE
e3dab701ab08,22,state,Querétaro,2026,g_veda_area,50.597,% of state area,geospatial,S04|S12,g_veda_area,,,,2026.0,public,GEOMETRY_AS_OF_FILE_DATE
20fa38892110,22,state,Querétaro,2027,g_veda_area,50.597,% of state area,geospatial,S04|S12,g_veda_area,,,,2027.0,public,GEOMETRY_AS_OF_FILE_DATE
4ac893f7d395,23,state,Quintana Roo,2020,g_veda_area,49.204,% of state area,geospatial,S04|S12,g_veda_area,,,,2020.0,public,GEOMETRY_AS_OF_FILE_DATE
24129e345948,23,state,Quintana Roo,2021,g_veda_area,49.204,% of state area,geospatial,S04|S12,g_veda_area,,,,2021.0,public,GEOMETRY_AS_OF_FILE_DATE
22999e3bd5ce,23,state,Quintana Roo,2022,g_veda_area,49.204,% of state area,geospatial,S04|S12,g_veda_area,,,,2022.0,public,GEOMETRY_AS_OF_FILE_DATE
e875cd837807,23,state,Quintana Roo,2023,g_veda_area,49.204,% of state area,geospatial,S04|S12,g_veda_area,,,,2023.0,public,GEOMETRY_AS_OF_FILE_DATE
ac08cf89b3c5,23,state,Quintana Roo,2024,g_veda_area,49.204,% of state area,geospatial,S04|S12,g_veda_area,,,,2024.0,public,GEOMETRY_AS_OF_FILE_DATE
8022ac99d11e,23,state,Quintana Roo,2025,g_veda_area,49.204,% of state area,geospatial,S04|S12,g_veda_area,,,,2025.0,public,GEOMETRY_AS_OF_FILE_DATE
47cd65f02502,23,state,Quintana Roo,2026,g_veda_area,49.204,% of state area,geospatial,S04|S12,g_veda_area,,,,2026.0,public,GEOMETRY_AS_OF_FILE_DATE
221677500386,23,state,Quintana Roo,2027,g_veda_area,49.204,% of state area,geospatial,S04|S12,g_veda_area,,,,2027.0,public,GEOMETRY_AS_OF_FILE_DATE
bb4d33ed03e0,24,state,San Luis Potosí,2020,g_veda_area,38.485,% of state area,geospatial,S04|S12,g_veda_area,,,,2020.0,public,GEOMETRY_AS_OF_FILE_DATE
d947149a0a04,24,state,San Luis Potosí,2021,g_veda_area,38.485,% of state area,geospatial,S04|S12,g_veda_area,,,,2021.0,public,GEOMETRY_AS_OF_FILE_DATE
88207dde734d,24,state,San Luis Potosí,2022,g_veda_area,38.485,% of state area,geospatial,S04|S12,g_veda_area,,,,2022.0,public,GEOMETRY_AS_OF_FILE_DATE
f8d252d641c4,24,state,San Luis Potosí,2023,g_veda_area,38.485,% of state area,geospatial,S04|S12,g_veda_area,,,,2023.0,public,GEOMETRY_AS_OF_FILE_DATE
4902f16dc5bd,24,state,San Luis Potosí,2024,g_veda_area,38.485,% of state area,geospatial,S04|S12,g_veda_area,,,,2024.0,public,GEOMETRY_AS_OF_FILE_DATE
e0ea3c4cca67,24,state,San Luis Potosí,2025,g_veda_area,38.485,% of state area,geospatial,S04|S12,g_veda_area,,,,2025.0,public,GEOMETRY_AS_OF_FILE_DATE
2b0bd2b7c086,24,state,San Luis Potosí,2026,g_veda_area,38.485,% of state area,geospatial,S04|S12,g_veda_area,,,,2026.0,public,GEOMETRY_AS_OF_FILE_DATE
f5f94053939f,24,state,San Luis Potosí,2027,g_veda_area,38.485,% of state area,geospatial,S04|S12,g_veda_area,,,,2027.0,public,GEOMETRY_AS_OF_FILE_DATE
cf439bb5ac43,25,state,Sinaloa,2020,g_veda_area,28.635,% of state area,geospatial,S04|S12,g_veda_area,,,,2020.0,public,GEOMETRY_AS_OF_FILE_DATE
6bab31804883,25,state,Sinaloa,2021,g_veda_area,28.635,% of state area,geospatial,S04|S12,g_veda_area,,,,2021.0,public,GEOMETRY_AS_OF_FILE_DATE
bda571791ad5,25,state,Sinaloa,2022,g_veda_area,28.635,% of state area,geospatial,S04|S12,g_veda_area,,,,2022.0,public,GEOMETRY_AS_OF_FILE_DATE
4a0ac1a497c0,25,state,Sinaloa,2023,g_veda_area,28.635,% of state area,geospatial,S04|S12,g_veda_area,,,,2023.0,public,GEOMETRY_AS_OF_FILE_DATE
5027c5c80883,25,state,Sinaloa,2024,g_veda_area,28.635,% of state area,geospatial,S04|S12,g_veda_area,,,,2024.0,public,GEOMETRY_AS_OF_FILE_DATE
771a1a8d5b4e,25,state,Sinaloa,2025,g_veda_area,28.635,% of state area,geospatial,S04|S12,g_veda_area,,,,2025.0,public,GEOMETRY_AS_OF_FILE_DATE
fd50f5846408,25,state,Sinaloa,2026,g_veda_area,28.635,% of state area,geospatial,S04|S12,g_veda_area,,,,2026.0,public,GEOMETRY_AS_OF_FILE_DATE
050dbdeaffdc,25,state,Sinaloa,2027,g_veda_area,28.635,% of state area,geospatial,S04|S12,g_veda_area,,,,2027.0,public,GEOMETRY_AS_OF_FILE_DATE
dcc4e3f2beba,26,state,Sonora,2020,g_veda_area,75.636,% of state area,geospatial,S04|S12,g_veda_area,,,,2020.0,public,GEOMETRY_AS_OF_FILE_DATE
e0d9fabbe80b,26,state,Sonora,2021,g_veda_area,75.636,% of state area,geospatial,S04|S12,g_veda_area,,,,2021.0,public,GEOMETRY_AS_OF_FILE_DATE
d59ca0b009e4,26,state,Sonora,2022,g_veda_area,75.636,% of state area,geospatial,S04|S12,g_veda_area,,,,2022.0,public,GEOMETRY_AS_OF_FILE_DATE
b7c5adee1055,26,state,Sonora,2023,g_veda_area,75.636,% of state area,geospatial,S04|S12,g_veda_area,,,,2023.0,public,GEOMETRY_AS_OF_FILE_DATE
cba11510640a,26,state,Sonora,2024,g_veda_area,75.636,% of state area,geospatial,S04|S12,g_veda_area,,,,2024.0,public,GEOMETRY_AS_OF_FILE_DATE
0ac253e8503f,26,state,Sonora,2025,g_veda_area,75.636,% of state area,geospatial,S04|S12,g_veda_area,,,,2025.0,public,GEOMETRY_AS_OF_FILE_DATE
20da8fac3da5,26,state,Sonora,2026,g_veda_area,75.636,% of state area,geospatial,S04|S12,g_veda_area,,,,2026.0,public,GEOMETRY_AS_OF_FILE_DATE
1d63e2617262,26,state,Sonora,2027,g_veda_area,75.636,% of state area,geospatial,S04|S12,g_veda_area,,,,2027.0,public,GEOMETRY_AS_OF_FILE_DATE
50e4418c9218,27,state,Tabasco,2020,g_veda_area,73.389,% of state area,geospatial,S04|S12,g_veda_area,,,,2020.0,public,GEOMETRY_AS_OF_FILE_DATE
c23cab5e2b98,27,state,Tabasco,2021,g_veda_area,73.389,% of state area,geospatial,S04|S12,g_veda_area,,,,2021.0,public,GEOMETRY_AS_OF_FILE_DATE
01047798bc5b,27,state,Tabasco,2022,g_veda_area,73.389,% of state area,geospatial,S04|S12,g_veda_area,,,,2022.0,public,GEOMETRY_AS_OF_FILE_DATE
26edc08290fb,27,state,Tabasco,2023,g_veda_area,73.389,% of state area,geospatial,S04|S12,g_veda_area,,,,2023.0,public,GEOMETRY_AS_OF_FILE_DATE
c0e3458f875f,27,state,Tabasco,2024,g_veda_area,73.389,% of state area,geospatial,S04|S12,g_veda_area,,,,2024.0,public,GEOMETRY_AS_OF_FILE_DATE
c3dcfcad9911,27,state,Tabasco,2025,g_veda_area,73.389,% of state area,geospatial,S04|S12,g_veda_area,,,,2025.0,public,GEOMETRY_AS_OF_FILE_DATE
9146465ef450,27,state,Tabasco,2026,g_veda_area,73.389,% of state area,geospatial,S04|S12,g_veda_area,,,,2026.0,public,GEOMETRY_AS_OF_FILE_DATE
6d5694c2d95e,27,state,Tabasco,2027,g_veda_area,73.389,% of state area,geospatial,S04|S12,g_veda_area,,,,2027.0,public,GEOMETRY_AS_OF_FILE_DATE
efcd26a573e1,28,state,Tamaulipas,2020,g_veda_area,39.58,% of state area,geospatial,S04|S12,g_veda_area,,,,2020.0,public,GEOMETRY_AS_OF_FILE_DATE
d740b45a0dbe,28,state,Tamaulipas,2021,g_veda_area,39.58,% of state area,geospatial,S04|S12,g_veda_area,,,,2021.0,public,GEOMETRY_AS_OF_FILE_DATE
40817b4a6799,28,state,Tamaulipas,2022,g_veda_area,39.58,% of state area,geospatial,S04|S12,g_veda_area,,,,2022.0,public,GEOMETRY_AS_OF_FILE_DATE
20f6fd4e905c,28,state,Tamaulipas,2023,g_veda_area,39.58,% of state area,geospatial,S04|S12,g_veda_area,,,,2023.0,public,GEOMETRY_AS_OF_FILE_DATE
b1d05b30c6a0,28,state,Tamaulipas,2024,g_veda_area,39.58,% of state area,geospatial,S04|S12,g_veda_area,,,,2024.0,public,GEOMETRY_AS_OF_FILE_DATE
5a03fec5973c,28,state,Tamaulipas,2025,g_veda_area,39.58,% of state area,geospatial,S04|S12,g_veda_area,,,,2025.0,public,GEOMETRY_AS_OF_FILE_DATE
d6c05ef5c3f6,28,state,Tamaulipas,2026,g_veda_area,39.58,% of state area,geospatial,S04|S12,g_veda_area,,,,2026.0,public,GEOMETRY_AS_OF_FILE_DATE
0677f0f5cb38,28,state,Tamaulipas,2027,g_veda_area,39.58,% of state area,geospatial,S04|S12,g_veda_area,,,,2027.0,public,GEOMETRY_AS_OF_FILE_DATE
9b60eb9bc5e6,29,state,Tlaxcala,2020,g_veda_area,62.844,% of state area,geospatial,S04|S12,g_veda_area,,,,2020.0,public,GEOMETRY_AS_OF_FILE_DATE
c246bf280d7e,29,state,Tlaxcala,2021,g_veda_area,62.844,% of state area,geospatial,S04|S12,g_veda_area,,,,2021.0,public,GEOMETRY_AS_OF_FILE_DATE
e23a284662ef,29,state,Tlaxcala,2022,g_veda_area,62.844,% of state area,geospatial,S04|S12,g_veda_area,,,,2022.0,public,GEOMETRY_AS_OF_FILE_DATE
dc5c136c2943,29,state,Tlaxcala,2023,g_veda_area,62.844,% of state area,geospatial,S04|S12,g_veda_area,,,,2023.0,public,GEOMETRY_AS_OF_FILE_DATE
2b4c95e57490,29,state,Tlaxcala,2024,g_veda_area,62.844,% of state area,geospatial,S04|S12,g_veda_area,,,,2024.0,public,GEOMETRY_AS_OF_FILE_DATE
db8b51252426,29,state,Tlaxcala,2025,g_veda_area,62.844,% of state area,geospatial,S04|S12,g_veda_area,,,,2025.0,public,GEOMETRY_AS_OF_FILE_DATE
950d215ff701,29,state,Tlaxcala,2026,g_veda_area,62.844,% of state area,geospatial,S04|S12,g_veda_area,,,,2026.0,public,GEOMETRY_AS_OF_FILE_DATE
1a91c85115a8,29,state,Tlaxcala,2027,g_veda_area,62.844,% of state area,geospatial,S04|S12,g_veda_area,,,,2027.0,public,GEOMETRY_AS_OF_FILE_DATE
d8bfd8e49736,30,state,Veracruz,2020,g_veda_area,37.643,% of state area,geospatial,S04|S12,g_veda_area,,,,2020.0,public,GEOMETRY_AS_OF_FILE_DATE
672c188f5001,30,state,Veracruz,2021,g_veda_area,37.643,% of state area,geospatial,S04|S12,g_veda_area,,,,2021.0,public,GEOMETRY_AS_OF_FILE_DATE
7ad384c8d03c,30,state,Veracruz,2022,g_veda_area,37.643,% of state area,geospatial,S04|S12,g_veda_area,,,,2022.0,public,GEOMETRY_AS_OF_FILE_DATE
3ef8a17c243d,30,state,Veracruz,2023,g_veda_area,37.643,% of state area,geospatial,S04|S12,g_veda_area,,,,2023.0,public,GEOMETRY_AS_OF_FILE_DATE
9228dc2025bf,30,state,Veracruz,2024,g_veda_area,37.643,% of state area,geospatial,S04|S12,g_veda_area,,,,2024.0,public,GEOMETRY_AS_OF_FILE_DATE
e7e30b27e4ea,30,state,Veracruz,2025,g_veda_area,37.643,% of state area,geospatial,S04|S12,g_veda_area,,,,2025.0,public,GEOMETRY_AS_OF_FILE_DATE
85967912315d,30,state,Veracruz,2026,g_veda_area,37.643,% of state area,geospatial,S04|S12,g_veda_area,,,,2026.0,public,GEOMETRY_AS_OF_FILE_DATE
49cc0cd5a618,30,state,Veracruz,2027,g_veda_area,37.643,% of state area,geospatial,S04|S12,g_veda_area,,,,2027.0,public,GEOMETRY_AS_OF_FILE_DATE
592e877b54dc,31,state,Yucatán,2020,g_veda_area,98.242,% of state area,geospatial,S04|S12,g_veda_area,,,,2020.0,public,GEOMETRY_AS_OF_FILE_DATE
12203ad1c7ad,31,state,Yucatán,2021,g_veda_area,98.242,% of state area,geospatial,S04|S12,g_veda_area,,,,2021.0,public,GEOMETRY_AS_OF_FILE_DATE
3a92f288302f,31,state,Yucatán,2022,g_veda_area,98.242,% of state area,geospatial,S04|S12,g_veda_area,,,,2022.0,public,GEOMETRY_AS_OF_FILE_DATE
3cd55c8bca27,31,state,Yucatán,2023,g_veda_area,98.242,% of state area,geospatial,S04|S12,g_veda_area,,,,2023.0,public,GEOMETRY_AS_OF_FILE_DATE
491f9a509c8f,31,state,Yucatán,2024,g_veda_area,98.242,% of state area,geospatial,S04|S12,g_veda_area,,,,2024.0,public,GEOMETRY_AS_OF_FILE_DATE
ea85933f719c,31,state,Yucatán,2025,g_veda_area,98.242,% of state area,geospatial,S04|S12,g_veda_area,,,,2025.0,public,GEOMETRY_AS_OF_FILE_DATE
68dd2eaa248a,31,state,Yucatán,2026,g_veda_area,98.242,% of state area,geospatial,S04|S12,g_veda_area,,,,2026.0,public,GEOMETRY_AS_OF_FILE_DATE
349b96e8eb1c,31,state,Yucatán,2027,g_veda_area,98.242,% of state area,geospatial,S04|S12,g_veda_area,,,,2027.0,public,GEOMETRY_AS_OF_FILE_DATE
733525e2c446,32,state,Zacatecas,2020,g_veda_area,98.201,% of state area,geospatial,S04|S12,g_veda_area,,,,2020.0,public,GEOMETRY_AS_OF_FILE_DATE
a879e5b17aea,32,state,Zacatecas,2021,g_veda_area,98.201,% of state area,geospatial,S04|S12,g_veda_area,,,,2021.0,public,GEOMETRY_AS_OF_FILE_DATE
f02b6f6e3837,32,state,Zacatecas,2022,g_veda_area,98.201,% of state area,geospatial,S04|S12,g_veda_area,,,,2022.0,public,GEOMETRY_AS_OF_FILE_DATE
b9f850dabf6f,32,state,Zacatecas,2023,g_veda_area,98.201,% of state area,geospatial,S04|S12,g_veda_area,,,,2023.0,public,GEOMETRY_AS_OF_FILE_DATE
9cb9d6515fb0,32,state,Zacatecas,2024,g_veda_area,98.201,% of state area,geospatial,S04|S12,g_veda_area,,,,2024.0,public,GEOMETRY_AS_OF_FILE_DATE
41e664c7a298,32,state,Zacatecas,2025,g_veda_area,98.201,% of state area,geospatial,S04|S12,g_veda_area,,,,2025.0,public,GEOMETRY_AS_OF_FILE_DATE
b52eff61e97b,32,state,Zacatecas,2026,g_veda_area,98.201,% of state area,geospatial,S04|S12,g_veda_area,,,,2026.0,public,GEOMETRY_AS_OF_FILE_DATE
c77dc2c0836e,32,state,Zacatecas,2027,g_veda_area,98.201,% of state area,geospatial,S04|S12,g_veda_area,,,,2027.0,public,GEOMETRY_AS_OF_FILE_DATE
853d3fdd5670,01,state,Aguascalientes,2020,v_drought_vulnerability,47.8577,probability 0-100,modelled,S09,v_drought_vulnerability,,,,,public,UNDATED_VINTAGE
5001a81e8789,01,state,Aguascalientes,2021,v_drought_vulnerability,47.8577,probability 0-100,modelled,S09,v_drought_vulnerability,,,,,public,UNDATED_VINTAGE
083c4636d404,01,state,Aguascalientes,2022,v_drought_vulnerability,47.8577,probability 0-100,modelled,S09,v_drought_vulnerability,,,,,public,UNDATED_VINTAGE
244ef5c1ced7,01,state,Aguascalientes,2023,v_drought_vulnerability,47.8577,probability 0-100,modelled,S09,v_drought_vulnerability,,,,,public,UNDATED_VINTAGE
9e7a0ebf9c51,01,state,Aguascalientes,2024,v_drought_vulnerability,47.8577,probability 0-100,modelled,S09,v_drought_vulnerability,,,,,public,UNDATED_VINTAGE
ac487df61dc6,01,state,Aguascalientes,2025,v_drought_vulnerability,47.8577,probability 0-100,modelled,S09,v_drought_vulnerability,,,,,public,UNDATED_VINTAGE
061d1218e197,01,state,Aguascalientes,2026,v_drought_vulnerability,47.8577,probability 0-100,modelled,S09,v_drought_vulnerability,,,,,public,UNDATED_VINTAGE
3b47c7d9b6be,01,state,Aguascalientes,2027,v_drought_vulnerability,47.8577,probability 0-100,modelled,S09,v_drought_vulnerability,,,,,public,UNDATED_VINTAGE
73e610e18222,02,state,Baja California,2020,v_drought_vulnerability,54.8467,probability 0-100,modelled,S09,v_drought_vulnerability,,,,,public,UNDATED_VINTAGE
6f79d1c82081,02,state,Baja California,2021,v_drought_vulnerability,54.8467,probability 0-100,modelled,S09,v_drought_vulnerability,,,,,public,UNDATED_VINTAGE
9f5ea572b83c,02,state,Baja California,2022,v_drought_vulnerability,54.8467,probability 0-100,modelled,S09,v_drought_vulnerability,,,,,public,UNDATED_VINTAGE
f005efd9e343,02,state,Baja California,2023,v_drought_vulnerability,54.8467,probability 0-100,modelled,S09,v_drought_vulnerability,,,,,public,UNDATED_VINTAGE
fbea9300c7dd,02,state,Baja California,2024,v_drought_vulnerability,54.8467,probability 0-100,modelled,S09,v_drought_vulnerability,,,,,public,UNDATED_VINTAGE
7683dcaf819d,02,state,Baja California,2025,v_drought_vulnerability,54.8467,probability 0-100,modelled,S09,v_drought_vulnerability,,,,,public,UNDATED_VINTAGE
72e9c67eb224,02,state,Baja California,2026,v_drought_vulnerability,54.8467,probability 0-100,modelled,S09,v_drought_vulnerability,,,,,public,UNDATED_VINTAGE
f840fd8f0027,02,state,Baja California,2027,v_drought_vulnerability,54.8467,probability 0-100,modelled,S09,v_drought_vulnerability,,,,,public,UNDATED_VINTAGE
1b7db762f1b5,03,state,Baja California Sur,2020,v_drought_vulnerability,38.3213,probability 0-100,modelled,S09,v_drought_vulnerability,,,,,public,UNDATED_VINTAGE
b6c7f5b33150,03,state,Baja California Sur,2021,v_drought_vulnerability,38.3213,probability 0-100,modelled,S09,v_drought_vulnerability,,,,,public,UNDATED_VINTAGE
beec9ccff78d,03,state,Baja California Sur,2022,v_drought_vulnerability,38.3213,probability 0-100,modelled,S09,v_drought_vulnerability,,,,,public,UNDATED_VINTAGE
093a22489ed6,03,state,Baja California Sur,2023,v_drought_vulnerability,38.3213,probability 0-100,modelled,S09,v_drought_vulnerability,,,,,public,UNDATED_VINTAGE
e445913a213a,03,state,Baja California Sur,2024,v_drought_vulnerability,38.3213,probability 0-100,modelled,S09,v_drought_vulnerability,,,,,public,UNDATED_VINTAGE
9ef27fb48727,03,state,Baja California Sur,2025,v_drought_vulnerability,38.3213,probability 0-100,modelled,S09,v_drought_vulnerability,,,,,public,UNDATED_VINTAGE
1742ac13e0b9,03,state,Baja California Sur,2026,v_drought_vulnerability,38.3213,probability 0-100,modelled,S09,v_drought_vulnerability,,,,,public,UNDATED_VINTAGE
f055e93a9e73,03,state,Baja California Sur,2027,v_drought_vulnerability,38.3213,probability 0-100,modelled,S09,v_drought_vulnerability,,,,,public,UNDATED_VINTAGE
ff93550c70ed,04,state,Campeche,2020,v_drought_vulnerability,25.0906,probability 0-100,modelled,S09,v_drought_vulnerability,,,,,public,UNDATED_VINTAGE
bd5d4f3640bf,04,state,Campeche,2021,v_drought_vulnerability,25.0906,probability 0-100,modelled,S09,v_drought_vulnerability,,,,,public,UNDATED_VINTAGE
d40cebe75f2d,04,state,Campeche,2022,v_drought_vulnerability,25.0906,probability 0-100,modelled,S09,v_drought_vulnerability,,,,,public,UNDATED_VINTAGE
cb3d284695d2,04,state,Campeche,2023,v_drought_vulnerability,25.0906,probability 0-100,modelled,S09,v_drought_vulnerability,,,,,public,UNDATED_VINTAGE
1f8ebb4d436a,04,state,Campeche,2024,v_drought_vulnerability,25.0906,probability 0-100,modelled,S09,v_drought_vulnerability,,,,,public,UNDATED_VINTAGE
ac8d09203cde,04,state,Campeche,2025,v_drought_vulnerability,25.0906,probability 0-100,modelled,S09,v_drought_vulnerability,,,,,public,UNDATED_VINTAGE
128cac6cdcd4,04,state,Campeche,2026,v_drought_vulnerability,25.0906,probability 0-100,modelled,S09,v_drought_vulnerability,,,,,public,UNDATED_VINTAGE
878e2285311b,04,state,Campeche,2027,v_drought_vulnerability,25.0906,probability 0-100,modelled,S09,v_drought_vulnerability,,,,,public,UNDATED_VINTAGE
99ff6fc2306d,05,state,Coahuila,2020,v_drought_vulnerability,29.9016,probability 0-100,modelled,S09,v_drought_vulnerability,,,,,public,UNDATED_VINTAGE
a326e7b19a69,05,state,Coahuila,2021,v_drought_vulnerability,29.9016,probability 0-100,modelled,S09,v_drought_vulnerability,,,,,public,UNDATED_VINTAGE
bc71943c058f,05,state,Coahuila,2022,v_drought_vulnerability,29.9016,probability 0-100,modelled,S09,v_drought_vulnerability,,,,,public,UNDATED_VINTAGE
1941d0f9d8af,05,state,Coahuila,2023,v_drought_vulnerability,29.9016,probability 0-100,modelled,S09,v_drought_vulnerability,,,,,public,UNDATED_VINTAGE
af1db25b54d5,05,state,Coahuila,2024,v_drought_vulnerability,29.9016,probability 0-100,modelled,S09,v_drought_vulnerability,,,,,public,UNDATED_VINTAGE
a07693cae8bb,05,state,Coahuila,2025,v_drought_vulnerability,29.9016,probability 0-100,modelled,S09,v_drought_vulnerability,,,,,public,UNDATED_VINTAGE
21cc373d1be0,05,state,Coahuila,2026,v_drought_vulnerability,29.9016,probability 0-100,modelled,S09,v_drought_vulnerability,,,,,public,UNDATED_VINTAGE
921480f5e845,05,state,Coahuila,2027,v_drought_vulnerability,29.9016,probability 0-100,modelled,S09,v_drought_vulnerability,,,,,public,UNDATED_VINTAGE
96232a72b607,06,state,Colima,2020,v_drought_vulnerability,29.909,probability 0-100,modelled,S09,v_drought_vulnerability,,,,,public,UNDATED_VINTAGE
5ae4c7a64e0a,06,state,Colima,2021,v_drought_vulnerability,29.909,probability 0-100,modelled,S09,v_drought_vulnerability,,,,,public,UNDATED_VINTAGE
e1ca52d578d5,06,state,Colima,2022,v_drought_vulnerability,29.909,probability 0-100,modelled,S09,v_drought_vulnerability,,,,,public,UNDATED_VINTAGE
7d0e8c60217f,06,state,Colima,2023,v_drought_vulnerability,29.909,probability 0-100,modelled,S09,v_drought_vulnerability,,,,,public,UNDATED_VINTAGE
fe2378697ccd,06,state,Colima,2024,v_drought_vulnerability,29.909,probability 0-100,modelled,S09,v_drought_vulnerability,,,,,public,UNDATED_VINTAGE
f9a660afb35b,06,state,Colima,2025,v_drought_vulnerability,29.909,probability 0-100,modelled,S09,v_drought_vulnerability,,,,,public,UNDATED_VINTAGE
3de8a4579bfd,06,state,Colima,2026,v_drought_vulnerability,29.909,probability 0-100,modelled,S09,v_drought_vulnerability,,,,,public,UNDATED_VINTAGE
ac1caee39114,06,state,Colima,2027,v_drought_vulnerability,29.909,probability 0-100,modelled,S09,v_drought_vulnerability,,,,,public,UNDATED_VINTAGE
4d5669894d3c,07,state,Chiapas,2020,v_drought_vulnerability,51.4306,probability 0-100,modelled,S09,v_drought_vulnerability,,,,,public,UNDATED_VINTAGE
197f1d0f7af0,07,state,Chiapas,2021,v_drought_vulnerability,51.4306,probability 0-100,modelled,S09,v_drought_vulnerability,,,,,public,UNDATED_VINTAGE
58b33733370c,07,state,Chiapas,2022,v_drought_vulnerability,51.4306,probability 0-100,modelled,S09,v_drought_vulnerability,,,,,public,UNDATED_VINTAGE
41a9017c9c61,07,state,Chiapas,2023,v_drought_vulnerability,51.4306,probability 0-100,modelled,S09,v_drought_vulnerability,,,,,public,UNDATED_VINTAGE
54f387be1f3d,07,state,Chiapas,2024,v_drought_vulnerability,51.4306,probability 0-100,modelled,S09,v_drought_vulnerability,,,,,public,UNDATED_VINTAGE
87fe2015e23e,07,state,Chiapas,2025,v_drought_vulnerability,51.4306,probability 0-100,modelled,S09,v_drought_vulnerability,,,,,public,UNDATED_VINTAGE
b15773671e7d,07,state,Chiapas,2026,v_drought_vulnerability,51.4306,probability 0-100,modelled,S09,v_drought_vulnerability,,,,,public,UNDATED_VINTAGE
dc56a4f9c6ef,07,state,Chiapas,2027,v_drought_vulnerability,51.4306,probability 0-100,modelled,S09,v_drought_vulnerability,,,,,public,UNDATED_VINTAGE
3d96810c08b5,08,state,Chihuahua,2020,v_drought_vulnerability,63.3565,probability 0-100,modelled,S09,v_drought_vulnerability,,,,,public,UNDATED_VINTAGE
b9bcf1092653,08,state,Chihuahua,2021,v_drought_vulnerability,63.3565,probability 0-100,modelled,S09,v_drought_vulnerability,,,,,public,UNDATED_VINTAGE
c68cd65c0240,08,state,Chihuahua,2022,v_drought_vulnerability,63.3565,probability 0-100,modelled,S09,v_drought_vulnerability,,,,,public,UNDATED_VINTAGE
837470d4238b,08,state,Chihuahua,2023,v_drought_vulnerability,63.3565,probability 0-100,modelled,S09,v_drought_vulnerability,,,,,public,UNDATED_VINTAGE
887461b7728f,08,state,Chihuahua,2024,v_drought_vulnerability,63.3565,probability 0-100,modelled,S09,v_drought_vulnerability,,,,,public,UNDATED_VINTAGE
42c1c720bf6d,08,state,Chihuahua,2025,v_drought_vulnerability,63.3565,probability 0-100,modelled,S09,v_drought_vulnerability,,,,,public,UNDATED_VINTAGE
a27eaa3cf1a9,08,state,Chihuahua,2026,v_drought_vulnerability,63.3565,probability 0-100,modelled,S09,v_drought_vulnerability,,,,,public,UNDATED_VINTAGE
53e4de085e14,08,state,Chihuahua,2027,v_drought_vulnerability,63.3565,probability 0-100,modelled,S09,v_drought_vulnerability,,,,,public,UNDATED_VINTAGE
a8269c69ab6c,09,state,Ciudad de México,2020,v_drought_vulnerability,58.168,probability 0-100,modelled,S09,v_drought_vulnerability,,,,,public,UNDATED_VINTAGE
4b8f056bf92c,09,state,Ciudad de México,2021,v_drought_vulnerability,58.168,probability 0-100,modelled,S09,v_drought_vulnerability,,,,,public,UNDATED_VINTAGE
cea2bab46b9d,09,state,Ciudad de México,2022,v_drought_vulnerability,58.168,probability 0-100,modelled,S09,v_drought_vulnerability,,,,,public,UNDATED_VINTAGE
c6e154b071ed,09,state,Ciudad de México,2023,v_drought_vulnerability,58.168,probability 0-100,modelled,S09,v_drought_vulnerability,,,,,public,UNDATED_VINTAGE
08aaa183e29b,09,state,Ciudad de México,2024,v_drought_vulnerability,58.168,probability 0-100,modelled,S09,v_drought_vulnerability,,,,,public,UNDATED_VINTAGE
02eccee90dbd,09,state,Ciudad de México,2025,v_drought_vulnerability,58.168,probability 0-100,modelled,S09,v_drought_vulnerability,,,,,public,UNDATED_VINTAGE
b1ac02d953dd,09,state,Ciudad de México,2026,v_drought_vulnerability,58.168,probability 0-100,modelled,S09,v_drought_vulnerability,,,,,public,UNDATED_VINTAGE
2a51e110e849,09,state,Ciudad de México,2027,v_drought_vulnerability,58.168,probability 0-100,modelled,S09,v_drought_vulnerability,,,,,public,UNDATED_VINTAGE
af7448399d53,10,state,Durango,2020,v_drought_vulnerability,43.7839,probability 0-100,modelled,S09,v_drought_vulnerability,,,,,public,UNDATED_VINTAGE
a854bb848569,10,state,Durango,2021,v_drought_vulnerability,43.7839,probability 0-100,modelled,S09,v_drought_vulnerability,,,,,public,UNDATED_VINTAGE
f214e82d2bf6,10,state,Durango,2022,v_drought_vulnerability,43.7839,probability 0-100,modelled,S09,v_drought_vulnerability,,,,,public,UNDATED_VINTAGE
0f4a8f227eb7,10,state,Durango,2023,v_drought_vulnerability,43.7839,probability 0-100,modelled,S09,v_drought_vulnerability,,,,,public,UNDATED_VINTAGE
6ae698cecc3c,10,state,Durango,2024,v_drought_vulnerability,43.7839,probability 0-100,modelled,S09,v_drought_vulnerability,,,,,public,UNDATED_VINTAGE
f98248a9aefb,10,state,Durango,2025,v_drought_vulnerability,43.7839,probability 0-100,modelled,S09,v_drought_vulnerability,,,,,public,UNDATED_VINTAGE
7bce8184c78d,10,state,Durango,2026,v_drought_vulnerability,43.7839,probability 0-100,modelled,S09,v_drought_vulnerability,,,,,public,UNDATED_VINTAGE
0cadc5316285,10,state,Durango,2027,v_drought_vulnerability,43.7839,probability 0-100,modelled,S09,v_drought_vulnerability,,,,,public,UNDATED_VINTAGE
309f6cbccfcc,11,state,Guanajuato,2020,v_drought_vulnerability,51.9631,probability 0-100,modelled,S09,v_drought_vulnerability,,,,,public,UNDATED_VINTAGE
ff7469de81da,11,state,Guanajuato,2021,v_drought_vulnerability,51.9631,probability 0-100,modelled,S09,v_drought_vulnerability,,,,,public,UNDATED_VINTAGE
b6478a235645,11,state,Guanajuato,2022,v_drought_vulnerability,51.9631,probability 0-100,modelled,S09,v_drought_vulnerability,,,,,public,UNDATED_VINTAGE
95abbd54776b,11,state,Guanajuato,2023,v_drought_vulnerability,51.9631,probability 0-100,modelled,S09,v_drought_vulnerability,,,,,public,UNDATED_VINTAGE
f40c857ce397,11,state,Guanajuato,2024,v_drought_vulnerability,51.9631,probability 0-100,modelled,S09,v_drought_vulnerability,,,,,public,UNDATED_VINTAGE
b4cc17c2aabe,11,state,Guanajuato,2025,v_drought_vulnerability,51.9631,probability 0-100,modelled,S09,v_drought_vulnerability,,,,,public,UNDATED_VINTAGE
44ad30b5b832,11,state,Guanajuato,2026,v_drought_vulnerability,51.9631,probability 0-100,modelled,S09,v_drought_vulnerability,,,,,public,UNDATED_VINTAGE
1bf2d71d615c,11,state,Guanajuato,2027,v_drought_vulnerability,51.9631,probability 0-100,modelled,S09,v_drought_vulnerability,,,,,public,UNDATED_VINTAGE
f73c4f6d9c30,12,state,Guerrero,2020,v_drought_vulnerability,46.0591,probability 0-100,modelled,S09,v_drought_vulnerability,,,,,public,UNDATED_VINTAGE
5f9628f20947,12,state,Guerrero,2021,v_drought_vulnerability,46.0591,probability 0-100,modelled,S09,v_drought_vulnerability,,,,,public,UNDATED_VINTAGE
58990301f30c,12,state,Guerrero,2022,v_drought_vulnerability,46.0591,probability 0-100,modelled,S09,v_drought_vulnerability,,,,,public,UNDATED_VINTAGE
385746ed49c2,12,state,Guerrero,2023,v_drought_vulnerability,46.0591,probability 0-100,modelled,S09,v_drought_vulnerability,,,,,public,UNDATED_VINTAGE
ac8b13efc737,12,state,Guerrero,2024,v_drought_vulnerability,46.0591,probability 0-100,modelled,S09,v_drought_vulnerability,,,,,public,UNDATED_VINTAGE
420e43690de9,12,state,Guerrero,2025,v_drought_vulnerability,46.0591,probability 0-100,modelled,S09,v_drought_vulnerability,,,,,public,UNDATED_VINTAGE
8a90da575b06,12,state,Guerrero,2026,v_drought_vulnerability,46.0591,probability 0-100,modelled,S09,v_drought_vulnerability,,,,,public,UNDATED_VINTAGE
208b5925e52f,12,state,Guerrero,2027,v_drought_vulnerability,46.0591,probability 0-100,modelled,S09,v_drought_vulnerability,,,,,public,UNDATED_VINTAGE
253ce3705e55,13,state,Hidalgo,2020,v_drought_vulnerability,41.3372,probability 0-100,modelled,S09,v_drought_vulnerability,,,,,public,UNDATED_VINTAGE
db037e0fcb78,13,state,Hidalgo,2021,v_drought_vulnerability,41.3372,probability 0-100,modelled,S09,v_drought_vulnerability,,,,,public,UNDATED_VINTAGE
0fb6026aca77,13,state,Hidalgo,2022,v_drought_vulnerability,41.3372,probability 0-100,modelled,S09,v_drought_vulnerability,,,,,public,UNDATED_VINTAGE
a5aa47099ca9,13,state,Hidalgo,2023,v_drought_vulnerability,41.3372,probability 0-100,modelled,S09,v_drought_vulnerability,,,,,public,UNDATED_VINTAGE
d861cf56e415,13,state,Hidalgo,2024,v_drought_vulnerability,41.3372,probability 0-100,modelled,S09,v_drought_vulnerability,,,,,public,UNDATED_VINTAGE
6570dc9b9259,13,state,Hidalgo,2025,v_drought_vulnerability,41.3372,probability 0-100,modelled,S09,v_drought_vulnerability,,,,,public,UNDATED_VINTAGE
215b2c2f2183,13,state,Hidalgo,2026,v_drought_vulnerability,41.3372,probability 0-100,modelled,S09,v_drought_vulnerability,,,,,public,UNDATED_VINTAGE
6b598741a6f2,13,state,Hidalgo,2027,v_drought_vulnerability,41.3372,probability 0-100,modelled,S09,v_drought_vulnerability,,,,,public,UNDATED_VINTAGE
a6613fee4175,14,state,Jalisco,2020,v_drought_vulnerability,50.0267,probability 0-100,modelled,S09,v_drought_vulnerability,,,,,public,UNDATED_VINTAGE
d174ece48a47,14,state,Jalisco,2021,v_drought_vulnerability,50.0267,probability 0-100,modelled,S09,v_drought_vulnerability,,,,,public,UNDATED_VINTAGE
4dc9508af847,14,state,Jalisco,2022,v_drought_vulnerability,50.0267,probability 0-100,modelled,S09,v_drought_vulnerability,,,,,public,UNDATED_VINTAGE
ba4660d7a297,14,state,Jalisco,2023,v_drought_vulnerability,50.0267,probability 0-100,modelled,S09,v_drought_vulnerability,,,,,public,UNDATED_VINTAGE
e955cdb953d1,14,state,Jalisco,2024,v_drought_vulnerability,50.0267,probability 0-100,modelled,S09,v_drought_vulnerability,,,,,public,UNDATED_VINTAGE
6fdc364f0dde,14,state,Jalisco,2025,v_drought_vulnerability,50.0267,probability 0-100,modelled,S09,v_drought_vulnerability,,,,,public,UNDATED_VINTAGE
d7470e46ef39,14,state,Jalisco,2026,v_drought_vulnerability,50.0267,probability 0-100,modelled,S09,v_drought_vulnerability,,,,,public,UNDATED_VINTAGE
91945b063222,14,state,Jalisco,2027,v_drought_vulnerability,50.0267,probability 0-100,modelled,S09,v_drought_vulnerability,,,,,public,UNDATED_VINTAGE
4f0089ac1463,15,state,Estado de México,2020,v_drought_vulnerability,59.351,probability 0-100,modelled,S09,v_drought_vulnerability,,,,,public,UNDATED_VINTAGE
397bf99fa5c9,15,state,Estado de México,2021,v_drought_vulnerability,59.351,probability 0-100,modelled,S09,v_drought_vulnerability,,,,,public,UNDATED_VINTAGE
3a2ebe4d1bc9,15,state,Estado de México,2022,v_drought_vulnerability,59.351,probability 0-100,modelled,S09,v_drought_vulnerability,,,,,public,UNDATED_VINTAGE
f8bfa84017b4,15,state,Estado de México,2023,v_drought_vulnerability,59.351,probability 0-100,modelled,S09,v_drought_vulnerability,,,,,public,UNDATED_VINTAGE
75f9bfd95c1e,15,state,Estado de México,2024,v_drought_vulnerability,59.351,probability 0-100,modelled,S09,v_drought_vulnerability,,,,,public,UNDATED_VINTAGE
906ae153e85c,15,state,Estado de México,2025,v_drought_vulnerability,59.351,probability 0-100,modelled,S09,v_drought_vulnerability,,,,,public,UNDATED_VINTAGE
f9b9f2ef1cfa,15,state,Estado de México,2026,v_drought_vulnerability,59.351,probability 0-100,modelled,S09,v_drought_vulnerability,,,,,public,UNDATED_VINTAGE
0db199b5a627,15,state,Estado de México,2027,v_drought_vulnerability,59.351,probability 0-100,modelled,S09,v_drought_vulnerability,,,,,public,UNDATED_VINTAGE
75b74b28973f,16,state,Michoacán,2020,v_drought_vulnerability,61.7589,probability 0-100,modelled,S09,v_drought_vulnerability,,,,,public,UNDATED_VINTAGE
d49961b4e90b,16,state,Michoacán,2021,v_drought_vulnerability,61.7589,probability 0-100,modelled,S09,v_drought_vulnerability,,,,,public,UNDATED_VINTAGE
e92a346d93ef,16,state,Michoacán,2022,v_drought_vulnerability,61.7589,probability 0-100,modelled,S09,v_drought_vulnerability,,,,,public,UNDATED_VINTAGE
4dafa8bca3d6,16,state,Michoacán,2023,v_drought_vulnerability,61.7589,probability 0-100,modelled,S09,v_drought_vulnerability,,,,,public,UNDATED_VINTAGE
3216197f8d56,16,state,Michoacán,2024,v_drought_vulnerability,61.7589,probability 0-100,modelled,S09,v_drought_vulnerability,,,,,public,UNDATED_VINTAGE
2b760d6feb49,16,state,Michoacán,2025,v_drought_vulnerability,61.7589,probability 0-100,modelled,S09,v_drought_vulnerability,,,,,public,UNDATED_VINTAGE
2a505c2c9c89,16,state,Michoacán,2026,v_drought_vulnerability,61.7589,probability 0-100,modelled,S09,v_drought_vulnerability,,,,,public,UNDATED_VINTAGE
84a454826432,16,state,Michoacán,2027,v_drought_vulnerability,61.7589,probability 0-100,modelled,S09,v_drought_vulnerability,,,,,public,UNDATED_VINTAGE
24c49d5aab48,17,state,Morelos,2020,v_drought_vulnerability,53.6557,probability 0-100,modelled,S09,v_drought_vulnerability,,,,,public,UNDATED_VINTAGE
363174cd9cd2,17,state,Morelos,2021,v_drought_vulnerability,53.6557,probability 0-100,modelled,S09,v_drought_vulnerability,,,,,public,UNDATED_VINTAGE
ce0192d856d5,17,state,Morelos,2022,v_drought_vulnerability,53.6557,probability 0-100,modelled,S09,v_drought_vulnerability,,,,,public,UNDATED_VINTAGE
9f606e5574ab,17,state,Morelos,2023,v_drought_vulnerability,53.6557,probability 0-100,modelled,S09,v_drought_vulnerability,,,,,public,UNDATED_VINTAGE
6455d4206913,17,state,Morelos,2024,v_drought_vulnerability,53.6557,probability 0-100,modelled,S09,v_drought_vulnerability,,,,,public,UNDATED_VINTAGE
80ea993b5276,17,state,Morelos,2025,v_drought_vulnerability,53.6557,probability 0-100,modelled,S09,v_drought_vulnerability,,,,,public,UNDATED_VINTAGE
7df67f5aacb8,17,state,Morelos,2026,v_drought_vulnerability,53.6557,probability 0-100,modelled,S09,v_drought_vulnerability,,,,,public,UNDATED_VINTAGE
07c0a953b152,17,state,Morelos,2027,v_drought_vulnerability,53.6557,probability 0-100,modelled,S09,v_drought_vulnerability,,,,,public,UNDATED_VINTAGE
1155d91976aa,18,state,Nayarit,2020,v_drought_vulnerability,39.0286,probability 0-100,modelled,S09,v_drought_vulnerability,,,,,public,UNDATED_VINTAGE
61c42049ac5d,18,state,Nayarit,2021,v_drought_vulnerability,39.0286,probability 0-100,modelled,S09,v_drought_vulnerability,,,,,public,UNDATED_VINTAGE
8422d387864e,18,state,Nayarit,2022,v_drought_vulnerability,39.0286,probability 0-100,modelled,S09,v_drought_vulnerability,,,,,public,UNDATED_VINTAGE
891c21816ca0,18,state,Nayarit,2023,v_drought_vulnerability,39.0286,probability 0-100,modelled,S09,v_drought_vulnerability,,,,,public,UNDATED_VINTAGE
4a6746de075c,18,state,Nayarit,2024,v_drought_vulnerability,39.0286,probability 0-100,modelled,S09,v_drought_vulnerability,,,,,public,UNDATED_VINTAGE
a00fcc53c35e,18,state,Nayarit,2025,v_drought_vulnerability,39.0286,probability 0-100,modelled,S09,v_drought_vulnerability,,,,,public,UNDATED_VINTAGE
26b813ad6637,18,state,Nayarit,2026,v_drought_vulnerability,39.0286,probability 0-100,modelled,S09,v_drought_vulnerability,,,,,public,UNDATED_VINTAGE
83ef3b04ce79,18,state,Nayarit,2027,v_drought_vulnerability,39.0286,probability 0-100,modelled,S09,v_drought_vulnerability,,,,,public,UNDATED_VINTAGE
77d7b3d7c1b6,19,state,Nuevo León,2020,v_drought_vulnerability,42.4932,probability 0-100,modelled,S09,v_drought_vulnerability,,,,,public,UNDATED_VINTAGE
6eae64a48b19,19,state,Nuevo León,2021,v_drought_vulnerability,42.4932,probability 0-100,modelled,S09,v_drought_vulnerability,,,,,public,UNDATED_VINTAGE
60d9086d3859,19,state,Nuevo León,2022,v_drought_vulnerability,42.4932,probability 0-100,modelled,S09,v_drought_vulnerability,,,,,public,UNDATED_VINTAGE
d3d44cc76898,19,state,Nuevo León,2023,v_drought_vulnerability,42.4932,probability 0-100,modelled,S09,v_drought_vulnerability,,,,,public,UNDATED_VINTAGE
c72e89aa5a06,19,state,Nuevo León,2024,v_drought_vulnerability,42.4932,probability 0-100,modelled,S09,v_drought_vulnerability,,,,,public,UNDATED_VINTAGE
d47d01aeb13e,19,state,Nuevo León,2025,v_drought_vulnerability,42.4932,probability 0-100,modelled,S09,v_drought_vulnerability,,,,,public,UNDATED_VINTAGE
f156c710df99,19,state,Nuevo León,2026,v_drought_vulnerability,42.4932,probability 0-100,modelled,S09,v_drought_vulnerability,,,,,public,UNDATED_VINTAGE
1b35cbceb749,19,state,Nuevo León,2027,v_drought_vulnerability,42.4932,probability 0-100,modelled,S09,v_drought_vulnerability,,,,,public,UNDATED_VINTAGE
c02afa53be3e,20,state,Oaxaca,2020,v_drought_vulnerability,45.6058,probability 0-100,modelled,S09,v_drought_vulnerability,,,,,public,UNDATED_VINTAGE
589162ecd0f2,20,state,Oaxaca,2021,v_drought_vulnerability,45.6058,probability 0-100,modelled,S09,v_drought_vulnerability,,,,,public,UNDATED_VINTAGE
76cb144243e2,20,state,Oaxaca,2022,v_drought_vulnerability,45.6058,probability 0-100,modelled,S09,v_drought_vulnerability,,,,,public,UNDATED_VINTAGE
729f2f3f0f3e,20,state,Oaxaca,2023,v_drought_vulnerability,45.6058,probability 0-100,modelled,S09,v_drought_vulnerability,,,,,public,UNDATED_VINTAGE
4227ed158b80,20,state,Oaxaca,2024,v_drought_vulnerability,45.6058,probability 0-100,modelled,S09,v_drought_vulnerability,,,,,public,UNDATED_VINTAGE
b8cb22288fb5,20,state,Oaxaca,2025,v_drought_vulnerability,45.6058,probability 0-100,modelled,S09,v_drought_vulnerability,,,,,public,UNDATED_VINTAGE
bc7051ef213d,20,state,Oaxaca,2026,v_drought_vulnerability,45.6058,probability 0-100,modelled,S09,v_drought_vulnerability,,,,,public,UNDATED_VINTAGE
88f46c2a112b,20,state,Oaxaca,2027,v_drought_vulnerability,45.6058,probability 0-100,modelled,S09,v_drought_vulnerability,,,,,public,UNDATED_VINTAGE
f0e65d7df75b,21,state,Puebla,2020,v_drought_vulnerability,53.208,probability 0-100,modelled,S09,v_drought_vulnerability,,,,,public,UNDATED_VINTAGE
80c2a781227a,21,state,Puebla,2021,v_drought_vulnerability,53.208,probability 0-100,modelled,S09,v_drought_vulnerability,,,,,public,UNDATED_VINTAGE
1fdd1a2e0993,21,state,Puebla,2022,v_drought_vulnerability,53.208,probability 0-100,modelled,S09,v_drought_vulnerability,,,,,public,UNDATED_VINTAGE
6014f10035a2,21,state,Puebla,2023,v_drought_vulnerability,53.208,probability 0-100,modelled,S09,v_drought_vulnerability,,,,,public,UNDATED_VINTAGE
a5070c56c45f,21,state,Puebla,2024,v_drought_vulnerability,53.208,probability 0-100,modelled,S09,v_drought_vulnerability,,,,,public,UNDATED_VINTAGE
8c9b87f2699a,21,state,Puebla,2025,v_drought_vulnerability,53.208,probability 0-100,modelled,S09,v_drought_vulnerability,,,,,public,UNDATED_VINTAGE
8d3bb3e15ffd,21,state,Puebla,2026,v_drought_vulnerability,53.208,probability 0-100,modelled,S09,v_drought_vulnerability,,,,,public,UNDATED_VINTAGE
149430e343fb,21,state,Puebla,2027,v_drought_vulnerability,53.208,probability 0-100,modelled,S09,v_drought_vulnerability,,,,,public,UNDATED_VINTAGE
f8dc6dd3c9c5,22,state,Querétaro,2020,v_drought_vulnerability,59.5689,probability 0-100,modelled,S09,v_drought_vulnerability,,,,,public,UNDATED_VINTAGE
4750ca0fb43e,22,state,Querétaro,2021,v_drought_vulnerability,59.5689,probability 0-100,modelled,S09,v_drought_vulnerability,,,,,public,UNDATED_VINTAGE
d5a476fdee67,22,state,Querétaro,2022,v_drought_vulnerability,59.5689,probability 0-100,modelled,S09,v_drought_vulnerability,,,,,public,UNDATED_VINTAGE
5f75aef1629b,22,state,Querétaro,2023,v_drought_vulnerability,59.5689,probability 0-100,modelled,S09,v_drought_vulnerability,,,,,public,UNDATED_VINTAGE
8b0f2a0ccd0a,22,state,Querétaro,2024,v_drought_vulnerability,59.5689,probability 0-100,modelled,S09,v_drought_vulnerability,,,,,public,UNDATED_VINTAGE
3b4d8833f617,22,state,Querétaro,2025,v_drought_vulnerability,59.5689,probability 0-100,modelled,S09,v_drought_vulnerability,,,,,public,UNDATED_VINTAGE
7d09972be1fa,22,state,Querétaro,2026,v_drought_vulnerability,59.5689,probability 0-100,modelled,S09,v_drought_vulnerability,,,,,public,UNDATED_VINTAGE
e2e5a34751e2,22,state,Querétaro,2027,v_drought_vulnerability,59.5689,probability 0-100,modelled,S09,v_drought_vulnerability,,,,,public,UNDATED_VINTAGE
121773677dac,23,state,Quintana Roo,2020,v_drought_vulnerability,47.2163,probability 0-100,modelled,S09,v_drought_vulnerability,,,,,public,UNDATED_VINTAGE
c62ffe00e3f7,23,state,Quintana Roo,2021,v_drought_vulnerability,47.2163,probability 0-100,modelled,S09,v_drought_vulnerability,,,,,public,UNDATED_VINTAGE
4fbc91d922ff,23,state,Quintana Roo,2022,v_drought_vulnerability,47.2163,probability 0-100,modelled,S09,v_drought_vulnerability,,,,,public,UNDATED_VINTAGE
d935929abb5f,23,state,Quintana Roo,2023,v_drought_vulnerability,47.2163,probability 0-100,modelled,S09,v_drought_vulnerability,,,,,public,UNDATED_VINTAGE
87ec05c6073d,23,state,Quintana Roo,2024,v_drought_vulnerability,47.2163,probability 0-100,modelled,S09,v_drought_vulnerability,,,,,public,UNDATED_VINTAGE
8a4cee413265,23,state,Quintana Roo,2025,v_drought_vulnerability,47.2163,probability 0-100,modelled,S09,v_drought_vulnerability,,,,,public,UNDATED_VINTAGE
3c659e778d50,23,state,Quintana Roo,2026,v_drought_vulnerability,47.2163,probability 0-100,modelled,S09,v_drought_vulnerability,,,,,public,UNDATED_VINTAGE
e336fbe6e947,23,state,Quintana Roo,2027,v_drought_vulnerability,47.2163,probability 0-100,modelled,S09,v_drought_vulnerability,,,,,public,UNDATED_VINTAGE
cce93f2a4b23,24,state,San Luis Potosí,2020,v_drought_vulnerability,58.2467,probability 0-100,modelled,S09,v_drought_vulnerability,,,,,public,UNDATED_VINTAGE
c8e640de9208,24,state,San Luis Potosí,2021,v_drought_vulnerability,58.2467,probability 0-100,modelled,S09,v_drought_vulnerability,,,,,public,UNDATED_VINTAGE
f9ce6f25f843,24,state,San Luis Potosí,2022,v_drought_vulnerability,58.2467,probability 0-100,modelled,S09,v_drought_vulnerability,,,,,public,UNDATED_VINTAGE
d0eb0ef327c9,24,state,San Luis Potosí,2023,v_drought_vulnerability,58.2467,probability 0-100,modelled,S09,v_drought_vulnerability,,,,,public,UNDATED_VINTAGE
979d511ada5d,24,state,San Luis Potosí,2024,v_drought_vulnerability,58.2467,probability 0-100,modelled,S09,v_drought_vulnerability,,,,,public,UNDATED_VINTAGE
86d1f3fef43d,24,state,San Luis Potosí,2025,v_drought_vulnerability,58.2467,probability 0-100,modelled,S09,v_drought_vulnerability,,,,,public,UNDATED_VINTAGE
43a87500cce7,24,state,San Luis Potosí,2026,v_drought_vulnerability,58.2467,probability 0-100,modelled,S09,v_drought_vulnerability,,,,,public,UNDATED_VINTAGE
f02856053c3f,24,state,San Luis Potosí,2027,v_drought_vulnerability,58.2467,probability 0-100,modelled,S09,v_drought_vulnerability,,,,,public,UNDATED_VINTAGE
746db427c054,25,state,Sinaloa,2020,v_drought_vulnerability,51.7781,probability 0-100,modelled,S09,v_drought_vulnerability,,,,,public,UNDATED_VINTAGE
79cdec399457,25,state,Sinaloa,2021,v_drought_vulnerability,51.7781,probability 0-100,modelled,S09,v_drought_vulnerability,,,,,public,UNDATED_VINTAGE
0c34dfa599f9,25,state,Sinaloa,2022,v_drought_vulnerability,51.7781,probability 0-100,modelled,S09,v_drought_vulnerability,,,,,public,UNDATED_VINTAGE
44a0bb00c184,25,state,Sinaloa,2023,v_drought_vulnerability,51.7781,probability 0-100,modelled,S09,v_drought_vulnerability,,,,,public,UNDATED_VINTAGE
41e3ab590484,25,state,Sinaloa,2024,v_drought_vulnerability,51.7781,probability 0-100,modelled,S09,v_drought_vulnerability,,,,,public,UNDATED_VINTAGE
f2f6617afdbf,25,state,Sinaloa,2025,v_drought_vulnerability,51.7781,probability 0-100,modelled,S09,v_drought_vulnerability,,,,,public,UNDATED_VINTAGE
1096013bba56,25,state,Sinaloa,2026,v_drought_vulnerability,51.7781,probability 0-100,modelled,S09,v_drought_vulnerability,,,,,public,UNDATED_VINTAGE
f4800915eded,25,state,Sinaloa,2027,v_drought_vulnerability,51.7781,probability 0-100,modelled,S09,v_drought_vulnerability,,,,,public,UNDATED_VINTAGE
9b540c9a31f9,26,state,Sonora,2020,v_drought_vulnerability,50.0016,probability 0-100,modelled,S09,v_drought_vulnerability,,,,,public,UNDATED_VINTAGE
ca78e1ab557c,26,state,Sonora,2021,v_drought_vulnerability,50.0016,probability 0-100,modelled,S09,v_drought_vulnerability,,,,,public,UNDATED_VINTAGE
8d9c8b391309,26,state,Sonora,2022,v_drought_vulnerability,50.0016,probability 0-100,modelled,S09,v_drought_vulnerability,,,,,public,UNDATED_VINTAGE
c0fb09c64f78,26,state,Sonora,2023,v_drought_vulnerability,50.0016,probability 0-100,modelled,S09,v_drought_vulnerability,,,,,public,UNDATED_VINTAGE
3b4bdefe5595,26,state,Sonora,2024,v_drought_vulnerability,50.0016,probability 0-100,modelled,S09,v_drought_vulnerability,,,,,public,UNDATED_VINTAGE
72d7effd11bb,26,state,Sonora,2025,v_drought_vulnerability,50.0016,probability 0-100,modelled,S09,v_drought_vulnerability,,,,,public,UNDATED_VINTAGE
da30adb7547d,26,state,Sonora,2026,v_drought_vulnerability,50.0016,probability 0-100,modelled,S09,v_drought_vulnerability,,,,,public,UNDATED_VINTAGE
305ef31292f9,26,state,Sonora,2027,v_drought_vulnerability,50.0016,probability 0-100,modelled,S09,v_drought_vulnerability,,,,,public,UNDATED_VINTAGE
cba43003c8c9,27,state,Tabasco,2020,v_drought_vulnerability,31.5815,probability 0-100,modelled,S09,v_drought_vulnerability,,,,,public,UNDATED_VINTAGE
9ad7f081b70f,27,state,Tabasco,2021,v_drought_vulnerability,31.5815,probability 0-100,modelled,S09,v_drought_vulnerability,,,,,public,UNDATED_VINTAGE
bfad2b7347b4,27,state,Tabasco,2022,v_drought_vulnerability,31.5815,probability 0-100,modelled,S09,v_drought_vulnerability,,,,,public,UNDATED_VINTAGE
4b58a9fb2a01,27,state,Tabasco,2023,v_drought_vulnerability,31.5815,probability 0-100,modelled,S09,v_drought_vulnerability,,,,,public,UNDATED_VINTAGE
5d29d3a5ed8f,27,state,Tabasco,2024,v_drought_vulnerability,31.5815,probability 0-100,modelled,S09,v_drought_vulnerability,,,,,public,UNDATED_VINTAGE
6301a9097603,27,state,Tabasco,2025,v_drought_vulnerability,31.5815,probability 0-100,modelled,S09,v_drought_vulnerability,,,,,public,UNDATED_VINTAGE
56e4112501c2,27,state,Tabasco,2026,v_drought_vulnerability,31.5815,probability 0-100,modelled,S09,v_drought_vulnerability,,,,,public,UNDATED_VINTAGE
242c2510967d,27,state,Tabasco,2027,v_drought_vulnerability,31.5815,probability 0-100,modelled,S09,v_drought_vulnerability,,,,,public,UNDATED_VINTAGE
891a1354ed11,28,state,Tamaulipas,2020,v_drought_vulnerability,46.3272,probability 0-100,modelled,S09,v_drought_vulnerability,,,,,public,UNDATED_VINTAGE
d84997974cb8,28,state,Tamaulipas,2021,v_drought_vulnerability,46.3272,probability 0-100,modelled,S09,v_drought_vulnerability,,,,,public,UNDATED_VINTAGE
2c63aa60fdc2,28,state,Tamaulipas,2022,v_drought_vulnerability,46.3272,probability 0-100,modelled,S09,v_drought_vulnerability,,,,,public,UNDATED_VINTAGE
3e2af689c8c9,28,state,Tamaulipas,2023,v_drought_vulnerability,46.3272,probability 0-100,modelled,S09,v_drought_vulnerability,,,,,public,UNDATED_VINTAGE
fa7666e6f95d,28,state,Tamaulipas,2024,v_drought_vulnerability,46.3272,probability 0-100,modelled,S09,v_drought_vulnerability,,,,,public,UNDATED_VINTAGE
8d8f51a96537,28,state,Tamaulipas,2025,v_drought_vulnerability,46.3272,probability 0-100,modelled,S09,v_drought_vulnerability,,,,,public,UNDATED_VINTAGE
0c97c3cd35c8,28,state,Tamaulipas,2026,v_drought_vulnerability,46.3272,probability 0-100,modelled,S09,v_drought_vulnerability,,,,,public,UNDATED_VINTAGE
38d4d8b400e7,28,state,Tamaulipas,2027,v_drought_vulnerability,46.3272,probability 0-100,modelled,S09,v_drought_vulnerability,,,,,public,UNDATED_VINTAGE
a1a55abc9aeb,29,state,Tlaxcala,2020,v_drought_vulnerability,53.1414,probability 0-100,modelled,S09,v_drought_vulnerability,,,,,public,UNDATED_VINTAGE
90e71531efdd,29,state,Tlaxcala,2021,v_drought_vulnerability,53.1414,probability 0-100,modelled,S09,v_drought_vulnerability,,,,,public,UNDATED_VINTAGE
6c3d4968d374,29,state,Tlaxcala,2022,v_drought_vulnerability,53.1414,probability 0-100,modelled,S09,v_drought_vulnerability,,,,,public,UNDATED_VINTAGE
591236ebb7b5,29,state,Tlaxcala,2023,v_drought_vulnerability,53.1414,probability 0-100,modelled,S09,v_drought_vulnerability,,,,,public,UNDATED_VINTAGE
285c70038418,29,state,Tlaxcala,2024,v_drought_vulnerability,53.1414,probability 0-100,modelled,S09,v_drought_vulnerability,,,,,public,UNDATED_VINTAGE
dcd29d8aba3d,29,state,Tlaxcala,2025,v_drought_vulnerability,53.1414,probability 0-100,modelled,S09,v_drought_vulnerability,,,,,public,UNDATED_VINTAGE
46a897b30b3a,29,state,Tlaxcala,2026,v_drought_vulnerability,53.1414,probability 0-100,modelled,S09,v_drought_vulnerability,,,,,public,UNDATED_VINTAGE
66367909746a,29,state,Tlaxcala,2027,v_drought_vulnerability,53.1414,probability 0-100,modelled,S09,v_drought_vulnerability,,,,,public,UNDATED_VINTAGE
13ffd5684f90,30,state,Veracruz,2020,v_drought_vulnerability,52.3218,probability 0-100,modelled,S09,v_drought_vulnerability,,,,,public,UNDATED_VINTAGE
fe886ba23ec9,30,state,Veracruz,2021,v_drought_vulnerability,52.3218,probability 0-100,modelled,S09,v_drought_vulnerability,,,,,public,UNDATED_VINTAGE
d129fdf72491,30,state,Veracruz,2022,v_drought_vulnerability,52.3218,probability 0-100,modelled,S09,v_drought_vulnerability,,,,,public,UNDATED_VINTAGE
5031a9015266,30,state,Veracruz,2023,v_drought_vulnerability,52.3218,probability 0-100,modelled,S09,v_drought_vulnerability,,,,,public,UNDATED_VINTAGE
3a7fc5214989,30,state,Veracruz,2024,v_drought_vulnerability,52.3218,probability 0-100,modelled,S09,v_drought_vulnerability,,,,,public,UNDATED_VINTAGE
5c8883b56ac4,30,state,Veracruz,2025,v_drought_vulnerability,52.3218,probability 0-100,modelled,S09,v_drought_vulnerability,,,,,public,UNDATED_VINTAGE
115ba0682aaf,30,state,Veracruz,2026,v_drought_vulnerability,52.3218,probability 0-100,modelled,S09,v_drought_vulnerability,,,,,public,UNDATED_VINTAGE
ceabaf4db84a,30,state,Veracruz,2027,v_drought_vulnerability,52.3218,probability 0-100,modelled,S09,v_drought_vulnerability,,,,,public,UNDATED_VINTAGE
7ba55912308b,31,state,Yucatán,2020,v_drought_vulnerability,54.7583,probability 0-100,modelled,S09,v_drought_vulnerability,,,,,public,UNDATED_VINTAGE
2532e41dbc46,31,state,Yucatán,2021,v_drought_vulnerability,54.7583,probability 0-100,modelled,S09,v_drought_vulnerability,,,,,public,UNDATED_VINTAGE
4b07c4bb3405,31,state,Yucatán,2022,v_drought_vulnerability,54.7583,probability 0-100,modelled,S09,v_drought_vulnerability,,,,,public,UNDATED_VINTAGE
e1bf3f36232c,31,state,Yucatán,2023,v_drought_vulnerability,54.7583,probability 0-100,modelled,S09,v_drought_vulnerability,,,,,public,UNDATED_VINTAGE
709a573708f6,31,state,Yucatán,2024,v_drought_vulnerability,54.7583,probability 0-100,modelled,S09,v_drought_vulnerability,,,,,public,UNDATED_VINTAGE
c93e086248ab,31,state,Yucatán,2025,v_drought_vulnerability,54.7583,probability 0-100,modelled,S09,v_drought_vulnerability,,,,,public,UNDATED_VINTAGE
b1d30c27b573,31,state,Yucatán,2026,v_drought_vulnerability,54.7583,probability 0-100,modelled,S09,v_drought_vulnerability,,,,,public,UNDATED_VINTAGE
228085f2ea9a,31,state,Yucatán,2027,v_drought_vulnerability,54.7583,probability 0-100,modelled,S09,v_drought_vulnerability,,,,,public,UNDATED_VINTAGE
2cfe47efdd1a,32,state,Zacatecas,2020,v_drought_vulnerability,39.6527,probability 0-100,modelled,S09,v_drought_vulnerability,,,,,public,UNDATED_VINTAGE
42461e4a1a04,32,state,Zacatecas,2021,v_drought_vulnerability,39.6527,probability 0-100,modelled,S09,v_drought_vulnerability,,,,,public,UNDATED_VINTAGE
a7185b82c13f,32,state,Zacatecas,2022,v_drought_vulnerability,39.6527,probability 0-100,modelled,S09,v_drought_vulnerability,,,,,public,UNDATED_VINTAGE
4d5d895e52d7,32,state,Zacatecas,2023,v_drought_vulnerability,39.6527,probability 0-100,modelled,S09,v_drought_vulnerability,,,,,public,UNDATED_VINTAGE
e0b15e951555,32,state,Zacatecas,2024,v_drought_vulnerability,39.6527,probability 0-100,modelled,S09,v_drought_vulnerability,,,,,public,UNDATED_VINTAGE
6de54328a043,32,state,Zacatecas,2025,v_drought_vulnerability,39.6527,probability 0-100,modelled,S09,v_drought_vulnerability,,,,,public,UNDATED_VINTAGE
65e88c8c0c0d,32,state,Zacatecas,2026,v_drought_vulnerability,39.6527,probability 0-100,modelled,S09,v_drought_vulnerability,,,,,public,UNDATED_VINTAGE
73162af75b3f,32,state,Zacatecas,2027,v_drought_vulnerability,39.6527,probability 0-100,modelled,S09,v_drought_vulnerability,,,,,public,UNDATED_VINTAGE
bb3d8ca2adb9,01,state,Aguascalientes,2020,v_marginalization,81.6929,index 0-100 (higher = less marginalized),derived,S08,v_marginalization,,,2020,2020.0,public,
08a5b56b3ad2,01,state,Aguascalientes,2021,v_marginalization,81.6929,index 0-100 (higher = less marginalized),derived,S08,v_marginalization,,,2020,2020.0,public,CARRIED_FORWARD
4aa024dda357,01,state,Aguascalientes,2022,v_marginalization,81.6929,index 0-100 (higher = less marginalized),derived,S08,v_marginalization,,,2020,2020.0,public,CARRIED_FORWARD
674c57029e90,01,state,Aguascalientes,2023,v_marginalization,81.6929,index 0-100 (higher = less marginalized),derived,S08,v_marginalization,,,2020,2020.0,public,CARRIED_FORWARD
4442633ef489,01,state,Aguascalientes,2024,v_marginalization,81.6929,index 0-100 (higher = less marginalized),derived,S08,v_marginalization,,,2020,2020.0,public,CARRIED_FORWARD
b178f63cfc4d,01,state,Aguascalientes,2025,v_marginalization,81.6929,index 0-100 (higher = less marginalized),derived,S08,v_marginalization,,,2020,2020.0,public,CARRIED_FORWARD
383bb672236e,01,state,Aguascalientes,2026,v_marginalization,81.6929,index 0-100 (higher = less marginalized),derived,S08,v_marginalization,,,2020,2020.0,public,CARRIED_FORWARD
28a7c300366f,01,state,Aguascalientes,2027,v_marginalization,81.6929,index 0-100 (higher = less marginalized),derived,S08,v_marginalization,,,2020,2020.0,public,CARRIED_FORWARD
bfae19cc249c,02,state,Baja California,2020,v_marginalization,78.6563,index 0-100 (higher = less marginalized),derived,S08,v_marginalization,,,2020,2020.0,public,
9b7597dfede3,02,state,Baja California,2021,v_marginalization,78.6563,index 0-100 (higher = less marginalized),derived,S08,v_marginalization,,,2020,2020.0,public,CARRIED_FORWARD
4d3a79415994,02,state,Baja California,2022,v_marginalization,78.6563,index 0-100 (higher = less marginalized),derived,S08,v_marginalization,,,2020,2020.0,public,CARRIED_FORWARD
a143650e847f,02,state,Baja California,2023,v_marginalization,78.6563,index 0-100 (higher = less marginalized),derived,S08,v_marginalization,,,2020,2020.0,public,CARRIED_FORWARD
658299696c00,02,state,Baja California,2024,v_marginalization,78.6563,index 0-100 (higher = less marginalized),derived,S08,v_marginalization,,,2020,2020.0,public,CARRIED_FORWARD
c8c0a6a63827,02,state,Baja California,2025,v_marginalization,78.6563,index 0-100 (higher = less marginalized),derived,S08,v_marginalization,,,2020,2020.0,public,CARRIED_FORWARD
b3ce43f76eef,02,state,Baja California,2026,v_marginalization,78.6563,index 0-100 (higher = less marginalized),derived,S08,v_marginalization,,,2020,2020.0,public,CARRIED_FORWARD
6e61181f906d,02,state,Baja California,2027,v_marginalization,78.6563,index 0-100 (higher = less marginalized),derived,S08,v_marginalization,,,2020,2020.0,public,CARRIED_FORWARD
0c3b0c36caa7,03,state,Baja California Sur,2020,v_marginalization,78.9987,index 0-100 (higher = less marginalized),derived,S08,v_marginalization,,,2020,2020.0,public,
51fa640070f9,03,state,Baja California Sur,2021,v_marginalization,78.9987,index 0-100 (higher = less marginalized),derived,S08,v_marginalization,,,2020,2020.0,public,CARRIED_FORWARD
31d7eb41f2c1,03,state,Baja California Sur,2022,v_marginalization,78.9987,index 0-100 (higher = less marginalized),derived,S08,v_marginalization,,,2020,2020.0,public,CARRIED_FORWARD
d691ed4dfa4d,03,state,Baja California Sur,2023,v_marginalization,78.9987,index 0-100 (higher = less marginalized),derived,S08,v_marginalization,,,2020,2020.0,public,CARRIED_FORWARD
75242099f5c7,03,state,Baja California Sur,2024,v_marginalization,78.9987,index 0-100 (higher = less marginalized),derived,S08,v_marginalization,,,2020,2020.0,public,CARRIED_FORWARD
af42fdb47c79,03,state,Baja California Sur,2025,v_marginalization,78.9987,index 0-100 (higher = less marginalized),derived,S08,v_marginalization,,,2020,2020.0,public,CARRIED_FORWARD
6ab857df90d5,03,state,Baja California Sur,2026,v_marginalization,78.9987,index 0-100 (higher = less marginalized),derived,S08,v_marginalization,,,2020,2020.0,public,CARRIED_FORWARD
80e9ac8caf0f,03,state,Baja California Sur,2027,v_marginalization,78.9987,index 0-100 (higher = less marginalized),derived,S08,v_marginalization,,,2020,2020.0,public,CARRIED_FORWARD
98e2c5d3cfd3,04,state,Campeche,2020,v_marginalization,65.5032,index 0-100 (higher = less marginalized),derived,S08,v_marginalization,,,2020,2020.0,public,
b81598c2ee8e,04,state,Campeche,2021,v_marginalization,65.5032,index 0-100 (higher = less marginalized),derived,S08,v_marginalization,,,2020,2020.0,public,CARRIED_FORWARD
44b7bb63bccb,04,state,Campeche,2022,v_marginalization,65.5032,index 0-100 (higher = less marginalized),derived,S08,v_marginalization,,,2020,2020.0,public,CARRIED_FORWARD
06f3afe7d9d0,04,state,Campeche,2023,v_marginalization,65.5032,index 0-100 (higher = less marginalized),derived,S08,v_marginalization,,,2020,2020.0,public,CARRIED_FORWARD
75764cab871f,04,state,Campeche,2024,v_marginalization,65.5032,index 0-100 (higher = less marginalized),derived,S08,v_marginalization,,,2020,2020.0,public,CARRIED_FORWARD
679079bdb02f,04,state,Campeche,2025,v_marginalization,65.5032,index 0-100 (higher = less marginalized),derived,S08,v_marginalization,,,2020,2020.0,public,CARRIED_FORWARD
f4927e863b20,04,state,Campeche,2026,v_marginalization,65.5032,index 0-100 (higher = less marginalized),derived,S08,v_marginalization,,,2020,2020.0,public,CARRIED_FORWARD
3ea6283f5f9f,04,state,Campeche,2027,v_marginalization,65.5032,index 0-100 (higher = less marginalized),derived,S08,v_marginalization,,,2020,2020.0,public,CARRIED_FORWARD
94cc94199201,05,state,Coahuila,2020,v_marginalization,82.9436,index 0-100 (higher = less marginalized),derived,S08,v_marginalization,,,2020,2020.0,public,
81b06a83fdc4,05,state,Coahuila,2021,v_marginalization,82.9436,index 0-100 (higher = less marginalized),derived,S08,v_marginalization,,,2020,2020.0,public,CARRIED_FORWARD
28ea349ceed9,05,state,Coahuila,2022,v_marginalization,82.9436,index 0-100 (higher = less marginalized),derived,S08,v_marginalization,,,2020,2020.0,public,CARRIED_FORWARD
0215928bc631,05,state,Coahuila,2023,v_marginalization,82.9436,index 0-100 (higher = less marginalized),derived,S08,v_marginalization,,,2020,2020.0,public,CARRIED_FORWARD
a0792b27ffaa,05,state,Coahuila,2024,v_marginalization,82.9436,index 0-100 (higher = less marginalized),derived,S08,v_marginalization,,,2020,2020.0,public,CARRIED_FORWARD
db51dd737356,05,state,Coahuila,2025,v_marginalization,82.9436,index 0-100 (higher = less marginalized),derived,S08,v_marginalization,,,2020,2020.0,public,CARRIED_FORWARD
8475837997ab,05,state,Coahuila,2026,v_marginalization,82.9436,index 0-100 (higher = less marginalized),derived,S08,v_marginalization,,,2020,2020.0,public,CARRIED_FORWARD
32055d9fd710,05,state,Coahuila,2027,v_marginalization,82.9436,index 0-100 (higher = less marginalized),derived,S08,v_marginalization,,,2020,2020.0,public,CARRIED_FORWARD
38259123b149,06,state,Colima,2020,v_marginalization,79.2156,index 0-100 (higher = less marginalized),derived,S08,v_marginalization,,,2020,2020.0,public,
d9578273e50b,06,state,Colima,2021,v_marginalization,79.2156,index 0-100 (higher = less marginalized),derived,S08,v_marginalization,,,2020,2020.0,public,CARRIED_FORWARD
ed66b5191026,06,state,Colima,2022,v_marginalization,79.2156,index 0-100 (higher = less marginalized),derived,S08,v_marginalization,,,2020,2020.0,public,CARRIED_FORWARD
df0150b7ca79,06,state,Colima,2023,v_marginalization,79.2156,index 0-100 (higher = less marginalized),derived,S08,v_marginalization,,,2020,2020.0,public,CARRIED_FORWARD
fb33a7a07da7,06,state,Colima,2024,v_marginalization,79.2156,index 0-100 (higher = less marginalized),derived,S08,v_marginalization,,,2020,2020.0,public,CARRIED_FORWARD
48eae3c4e660,06,state,Colima,2025,v_marginalization,79.2156,index 0-100 (higher = less marginalized),derived,S08,v_marginalization,,,2020,2020.0,public,CARRIED_FORWARD
88fb8a1fad24,06,state,Colima,2026,v_marginalization,79.2156,index 0-100 (higher = less marginalized),derived,S08,v_marginalization,,,2020,2020.0,public,CARRIED_FORWARD
b53aa1c656aa,06,state,Colima,2027,v_marginalization,79.2156,index 0-100 (higher = less marginalized),derived,S08,v_marginalization,,,2020,2020.0,public,CARRIED_FORWARD
df63bbb7f825,07,state,Chiapas,2020,v_marginalization,44.142,index 0-100 (higher = less marginalized),derived,S08,v_marginalization,,,2020,2020.0,public,
146e026d063a,07,state,Chiapas,2021,v_marginalization,44.142,index 0-100 (higher = less marginalized),derived,S08,v_marginalization,,,2020,2020.0,public,CARRIED_FORWARD
42feea84c6fa,07,state,Chiapas,2022,v_marginalization,44.142,index 0-100 (higher = less marginalized),derived,S08,v_marginalization,,,2020,2020.0,public,CARRIED_FORWARD
254f6690bcee,07,state,Chiapas,2023,v_marginalization,44.142,index 0-100 (higher = less marginalized),derived,S08,v_marginalization,,,2020,2020.0,public,CARRIED_FORWARD
1bedb23e6e34,07,state,Chiapas,2024,v_marginalization,44.142,index 0-100 (higher = less marginalized),derived,S08,v_marginalization,,,2020,2020.0,public,CARRIED_FORWARD
36ac42c74c0c,07,state,Chiapas,2025,v_marginalization,44.142,index 0-100 (higher = less marginalized),derived,S08,v_marginalization,,,2020,2020.0,public,CARRIED_FORWARD
ca476c1a8d60,07,state,Chiapas,2026,v_marginalization,44.142,index 0-100 (higher = less marginalized),derived,S08,v_marginalization,,,2020,2020.0,public,CARRIED_FORWARD
86f2e5ff3f49,07,state,Chiapas,2027,v_marginalization,44.142,index 0-100 (higher = less marginalized),derived,S08,v_marginalization,,,2020,2020.0,public,CARRIED_FORWARD
a64473324779,08,state,Chihuahua,2020,v_marginalization,73.6344,index 0-100 (higher = less marginalized),derived,S08,v_marginalization,,,2020,2020.0,public,
959fc0e62e95,08,state,Chihuahua,2021,v_marginalization,73.6344,index 0-100 (higher = less marginalized),derived,S08,v_marginalization,,,2020,2020.0,public,CARRIED_FORWARD
42dcd0fe14e8,08,state,Chihuahua,2022,v_marginalization,73.6344,index 0-100 (higher = less marginalized),derived,S08,v_marginalization,,,2020,2020.0,public,CARRIED_FORWARD
f239ba8d4c64,08,state,Chihuahua,2023,v_marginalization,73.6344,index 0-100 (higher = less marginalized),derived,S08,v_marginalization,,,2020,2020.0,public,CARRIED_FORWARD
054928f2809d,08,state,Chihuahua,2024,v_marginalization,73.6344,index 0-100 (higher = less marginalized),derived,S08,v_marginalization,,,2020,2020.0,public,CARRIED_FORWARD
b0b7625da2db,08,state,Chihuahua,2025,v_marginalization,73.6344,index 0-100 (higher = less marginalized),derived,S08,v_marginalization,,,2020,2020.0,public,CARRIED_FORWARD
e055b1ce6329,08,state,Chihuahua,2026,v_marginalization,73.6344,index 0-100 (higher = less marginalized),derived,S08,v_marginalization,,,2020,2020.0,public,CARRIED_FORWARD
f2b9c9483245,08,state,Chihuahua,2027,v_marginalization,73.6344,index 0-100 (higher = less marginalized),derived,S08,v_marginalization,,,2020,2020.0,public,CARRIED_FORWARD
5d76362cd22f,09,state,Ciudad de México,2020,v_marginalization,85.1415,index 0-100 (higher = less marginalized),derived,S08,v_marginalization,,,2020,2020.0,public,
b475c8b003db,09,state,Ciudad de México,2021,v_marginalization,85.1415,index 0-100 (higher = less marginalized),derived,S08,v_marginalization,,,2020,2020.0,public,CARRIED_FORWARD
7f0af26e675b,09,state,Ciudad de México,2022,v_marginalization,85.1415,index 0-100 (higher = less marginalized),derived,S08,v_marginalization,,,2020,2020.0,public,CARRIED_FORWARD
f3d865bd558f,09,state,Ciudad de México,2023,v_marginalization,85.1415,index 0-100 (higher = less marginalized),derived,S08,v_marginalization,,,2020,2020.0,public,CARRIED_FORWARD
596d570cf4b9,09,state,Ciudad de México,2024,v_marginalization,85.1415,index 0-100 (higher = less marginalized),derived,S08,v_marginalization,,,2020,2020.0,public,CARRIED_FORWARD
ab49c2078048,09,state,Ciudad de México,2025,v_marginalization,85.1415,index 0-100 (higher = less marginalized),derived,S08,v_marginalization,,,2020,2020.0,public,CARRIED_FORWARD
7117fc90a899,09,state,Ciudad de México,2026,v_marginalization,85.1415,index 0-100 (higher = less marginalized),derived,S08,v_marginalization,,,2020,2020.0,public,CARRIED_FORWARD
1bc89a96fd88,09,state,Ciudad de México,2027,v_marginalization,85.1415,index 0-100 (higher = less marginalized),derived,S08,v_marginalization,,,2020,2020.0,public,CARRIED_FORWARD
0e60390820b8,10,state,Durango,2020,v_marginalization,67.9596,index 0-100 (higher = less marginalized),derived,S08,v_marginalization,,,2020,2020.0,public,
d072bf1595c6,10,state,Durango,2021,v_marginalization,67.9596,index 0-100 (higher = less marginalized),derived,S08,v_marginalization,,,2020,2020.0,public,CARRIED_FORWARD
16a21f217cd6,10,state,Durango,2022,v_marginalization,67.9596,index 0-100 (higher = less marginalized),derived,S08,v_marginalization,,,2020,2020.0,public,CARRIED_FORWARD
07e61a8417bd,10,state,Durango,2023,v_marginalization,67.9596,index 0-100 (higher = less marginalized),derived,S08,v_marginalization,,,2020,2020.0,public,CARRIED_FORWARD
165e06a3d25d,10,state,Durango,2024,v_marginalization,67.9596,index 0-100 (higher = less marginalized),derived,S08,v_marginalization,,,2020,2020.0,public,CARRIED_FORWARD
980bc6f1b670,10,state,Durango,2025,v_marginalization,67.9596,index 0-100 (higher = less marginalized),derived,S08,v_marginalization,,,2020,2020.0,public,CARRIED_FORWARD
80f222c194e9,10,state,Durango,2026,v_marginalization,67.9596,index 0-100 (higher = less marginalized),derived,S08,v_marginalization,,,2020,2020.0,public,CARRIED_FORWARD
2a114269dead,10,state,Durango,2027,v_marginalization,67.9596,index 0-100 (higher = less marginalized),derived,S08,v_marginalization,,,2020,2020.0,public,CARRIED_FORWARD
5041421472ce,11,state,Guanajuato,2020,v_marginalization,71.4425,index 0-100 (higher = less marginalized),derived,S08,v_marginalization,,,2020,2020.0,public,
dcdb2844a40f,11,state,Guanajuato,2021,v_marginalization,71.4425,index 0-100 (higher = less marginalized),derived,S08,v_marginalization,,,2020,2020.0,public,CARRIED_FORWARD
e862a506121f,11,state,Guanajuato,2022,v_marginalization,71.4425,index 0-100 (higher = less marginalized),derived,S08,v_marginalization,,,2020,2020.0,public,CARRIED_FORWARD
ea6a5e6c98b7,11,state,Guanajuato,2023,v_marginalization,71.4425,index 0-100 (higher = less marginalized),derived,S08,v_marginalization,,,2020,2020.0,public,CARRIED_FORWARD
19f4f4382e9a,11,state,Guanajuato,2024,v_marginalization,71.4425,index 0-100 (higher = less marginalized),derived,S08,v_marginalization,,,2020,2020.0,public,CARRIED_FORWARD
712309667906,11,state,Guanajuato,2025,v_marginalization,71.4425,index 0-100 (higher = less marginalized),derived,S08,v_marginalization,,,2020,2020.0,public,CARRIED_FORWARD
77deb9267ab6,11,state,Guanajuato,2026,v_marginalization,71.4425,index 0-100 (higher = less marginalized),derived,S08,v_marginalization,,,2020,2020.0,public,CARRIED_FORWARD
97649fd99f3d,11,state,Guanajuato,2027,v_marginalization,71.4425,index 0-100 (higher = less marginalized),derived,S08,v_marginalization,,,2020,2020.0,public,CARRIED_FORWARD
37466e190e1c,12,state,Guerrero,2020,v_marginalization,40.4281,index 0-100 (higher = less marginalized),derived,S08,v_marginalization,,,2020,2020.0,public,
23df50b64024,12,state,Guerrero,2021,v_marginalization,40.4281,index 0-100 (higher = less marginalized),derived,S08,v_marginalization,,,2020,2020.0,public,CARRIED_FORWARD
3018cd19b893,12,state,Guerrero,2022,v_marginalization,40.4281,index 0-100 (higher = less marginalized),derived,S08,v_marginalization,,,2020,2020.0,public,CARRIED_FORWARD
142af4aa2294,12,state,Guerrero,2023,v_marginalization,40.4281,index 0-100 (higher = less marginalized),derived,S08,v_marginalization,,,2020,2020.0,public,CARRIED_FORWARD
a27227423731,12,state,Guerrero,2024,v_marginalization,40.4281,index 0-100 (higher = less marginalized),derived,S08,v_marginalization,,,2020,2020.0,public,CARRIED_FORWARD
bf44332659fb,12,state,Guerrero,2025,v_marginalization,40.4281,index 0-100 (higher = less marginalized),derived,S08,v_marginalization,,,2020,2020.0,public,CARRIED_FORWARD
236b06f9f3b6,12,state,Guerrero,2026,v_marginalization,40.4281,index 0-100 (higher = less marginalized),derived,S08,v_marginalization,,,2020,2020.0,public,CARRIED_FORWARD
606b93c62c81,12,state,Guerrero,2027,v_marginalization,40.4281,index 0-100 (higher = less marginalized),derived,S08,v_marginalization,,,2020,2020.0,public,CARRIED_FORWARD
d9ae8601d275,13,state,Hidalgo,2020,v_marginalization,66.4161,index 0-100 (higher = less marginalized),derived,S08,v_marginalization,,,2020,2020.0,public,
69a6d0173957,13,state,Hidalgo,2021,v_marginalization,66.4161,index 0-100 (higher = less marginalized),derived,S08,v_marginalization,,,2020,2020.0,public,CARRIED_FORWARD
9ea967b5632a,13,state,Hidalgo,2022,v_marginalization,66.4161,index 0-100 (higher = less marginalized),derived,S08,v_marginalization,,,2020,2020.0,public,CARRIED_FORWARD
aee663808084,13,state,Hidalgo,2023,v_marginalization,66.4161,index 0-100 (higher = less marginalized),derived,S08,v_marginalization,,,2020,2020.0,public,CARRIED_FORWARD
ed71dfd6ed02,13,state,Hidalgo,2024,v_marginalization,66.4161,index 0-100 (higher = less marginalized),derived,S08,v_marginalization,,,2020,2020.0,public,CARRIED_FORWARD
c627e125ce42,13,state,Hidalgo,2025,v_marginalization,66.4161,index 0-100 (higher = less marginalized),derived,S08,v_marginalization,,,2020,2020.0,public,CARRIED_FORWARD
5910ddb310b1,13,state,Hidalgo,2026,v_marginalization,66.4161,index 0-100 (higher = less marginalized),derived,S08,v_marginalization,,,2020,2020.0,public,CARRIED_FORWARD
d8d38b0759e6,13,state,Hidalgo,2027,v_marginalization,66.4161,index 0-100 (higher = less marginalized),derived,S08,v_marginalization,,,2020,2020.0,public,CARRIED_FORWARD
0070f29e9cf9,14,state,Jalisco,2020,v_marginalization,80.256,index 0-100 (higher = less marginalized),derived,S08,v_marginalization,,,2020,2020.0,public,
fb914496e4f0,14,state,Jalisco,2021,v_marginalization,80.256,index 0-100 (higher = less marginalized),derived,S08,v_marginalization,,,2020,2020.0,public,CARRIED_FORWARD
258db1e4087b,14,state,Jalisco,2022,v_marginalization,80.256,index 0-100 (higher = less marginalized),derived,S08,v_marginalization,,,2020,2020.0,public,CARRIED_FORWARD
0461fcbe425a,14,state,Jalisco,2023,v_marginalization,80.256,index 0-100 (higher = less marginalized),derived,S08,v_marginalization,,,2020,2020.0,public,CARRIED_FORWARD
1976055247e1,14,state,Jalisco,2024,v_marginalization,80.256,index 0-100 (higher = less marginalized),derived,S08,v_marginalization,,,2020,2020.0,public,CARRIED_FORWARD
ceabb12d776c,14,state,Jalisco,2025,v_marginalization,80.256,index 0-100 (higher = less marginalized),derived,S08,v_marginalization,,,2020,2020.0,public,CARRIED_FORWARD
90718f8a0668,14,state,Jalisco,2026,v_marginalization,80.256,index 0-100 (higher = less marginalized),derived,S08,v_marginalization,,,2020,2020.0,public,CARRIED_FORWARD
e1dd69e42ce6,14,state,Jalisco,2027,v_marginalization,80.256,index 0-100 (higher = less marginalized),derived,S08,v_marginalization,,,2020,2020.0,public,CARRIED_FORWARD
2406e3a1d444,15,state,Estado de México,2020,v_marginalization,76.5348,index 0-100 (higher = less marginalized),derived,S08,v_marginalization,,,2020,2020.0,public,
89d122009516,15,state,Estado de México,2021,v_marginalization,76.5348,index 0-100 (higher = less marginalized),derived,S08,v_marginalization,,,2020,2020.0,public,CARRIED_FORWARD
9a3eac96a1c8,15,state,Estado de México,2022,v_marginalization,76.5348,index 0-100 (higher = less marginalized),derived,S08,v_marginalization,,,2020,2020.0,public,CARRIED_FORWARD
4d4d6b23fbcb,15,state,Estado de México,2023,v_marginalization,76.5348,index 0-100 (higher = less marginalized),derived,S08,v_marginalization,,,2020,2020.0,public,CARRIED_FORWARD
ccdd2f39acc5,15,state,Estado de México,2024,v_marginalization,76.5348,index 0-100 (higher = less marginalized),derived,S08,v_marginalization,,,2020,2020.0,public,CARRIED_FORWARD
2f0e7d81f7ec,15,state,Estado de México,2025,v_marginalization,76.5348,index 0-100 (higher = less marginalized),derived,S08,v_marginalization,,,2020,2020.0,public,CARRIED_FORWARD
5cf077dbbb66,15,state,Estado de México,2026,v_marginalization,76.5348,index 0-100 (higher = less marginalized),derived,S08,v_marginalization,,,2020,2020.0,public,CARRIED_FORWARD
1513dafe60c5,15,state,Estado de México,2027,v_marginalization,76.5348,index 0-100 (higher = less marginalized),derived,S08,v_marginalization,,,2020,2020.0,public,CARRIED_FORWARD
23bb39330144,16,state,Michoacán,2020,v_marginalization,67.2536,index 0-100 (higher = less marginalized),derived,S08,v_marginalization,,,2020,2020.0,public,
e443cb63169f,16,state,Michoacán,2021,v_marginalization,67.2536,index 0-100 (higher = less marginalized),derived,S08,v_marginalization,,,2020,2020.0,public,CARRIED_FORWARD
c3a283cb8680,16,state,Michoacán,2022,v_marginalization,67.2536,index 0-100 (higher = less marginalized),derived,S08,v_marginalization,,,2020,2020.0,public,CARRIED_FORWARD
a9ee19a836f5,16,state,Michoacán,2023,v_marginalization,67.2536,index 0-100 (higher = less marginalized),derived,S08,v_marginalization,,,2020,2020.0,public,CARRIED_FORWARD
12af0bc9c10b,16,state,Michoacán,2024,v_marginalization,67.2536,index 0-100 (higher = less marginalized),derived,S08,v_marginalization,,,2020,2020.0,public,CARRIED_FORWARD
4e1a26fbc564,16,state,Michoacán,2025,v_marginalization,67.2536,index 0-100 (higher = less marginalized),derived,S08,v_marginalization,,,2020,2020.0,public,CARRIED_FORWARD
e04f9441e664,16,state,Michoacán,2026,v_marginalization,67.2536,index 0-100 (higher = less marginalized),derived,S08,v_marginalization,,,2020,2020.0,public,CARRIED_FORWARD
71eb5749869b,16,state,Michoacán,2027,v_marginalization,67.2536,index 0-100 (higher = less marginalized),derived,S08,v_marginalization,,,2020,2020.0,public,CARRIED_FORWARD
1ec8a3ffd351,17,state,Morelos,2020,v_marginalization,72.8938,index 0-100 (higher = less marginalized),derived,S08,v_marginalization,,,2020,2020.0,public,
d81ca333dcd4,17,state,Morelos,2021,v_marginalization,72.8938,index 0-100 (higher = less marginalized),derived,S08,v_marginalization,,,2020,2020.0,public,CARRIED_FORWARD
939e61e64b21,17,state,Morelos,2022,v_marginalization,72.8938,index 0-100 (higher = less marginalized),derived,S08,v_marginalization,,,2020,2020.0,public,CARRIED_FORWARD
58203a2b2644,17,state,Morelos,2023,v_marginalization,72.8938,index 0-100 (higher = less marginalized),derived,S08,v_marginalization,,,2020,2020.0,public,CARRIED_FORWARD
3b0c4d776d76,17,state,Morelos,2024,v_marginalization,72.8938,index 0-100 (higher = less marginalized),derived,S08,v_marginalization,,,2020,2020.0,public,CARRIED_FORWARD
ed54076b2996,17,state,Morelos,2025,v_marginalization,72.8938,index 0-100 (higher = less marginalized),derived,S08,v_marginalization,,,2020,2020.0,public,CARRIED_FORWARD
e27fa73f7e82,17,state,Morelos,2026,v_marginalization,72.8938,index 0-100 (higher = less marginalized),derived,S08,v_marginalization,,,2020,2020.0,public,CARRIED_FORWARD
4cc21ac81356,17,state,Morelos,2027,v_marginalization,72.8938,index 0-100 (higher = less marginalized),derived,S08,v_marginalization,,,2020,2020.0,public,CARRIED_FORWARD
daaa24d5fbf3,18,state,Nayarit,2020,v_marginalization,64.4397,index 0-100 (higher = less marginalized),derived,S08,v_marginalization,,,2020,2020.0,public,
55e9456aacb5,18,state,Nayarit,2021,v_marginalization,64.4397,index 0-100 (higher = less marginalized),derived,S08,v_marginalization,,,2020,2020.0,public,CARRIED_FORWARD
efc00e148dd7,18,state,Nayarit,2022,v_marginalization,64.4397,index 0-100 (higher = less marginalized),derived,S08,v_marginalization,,,2020,2020.0,public,CARRIED_FORWARD
1135e3add6e5,18,state,Nayarit,2023,v_marginalization,64.4397,index 0-100 (higher = less marginalized),derived,S08,v_marginalization,,,2020,2020.0,public,CARRIED_FORWARD
8be0b561386a,18,state,Nayarit,2024,v_marginalization,64.4397,index 0-100 (higher = less marginalized),derived,S08,v_marginalization,,,2020,2020.0,public,CARRIED_FORWARD
c7860de51a7d,18,state,Nayarit,2025,v_marginalization,64.4397,index 0-100 (higher = less marginalized),derived,S08,v_marginalization,,,2020,2020.0,public,CARRIED_FORWARD
6934e35ba2a0,18,state,Nayarit,2026,v_marginalization,64.4397,index 0-100 (higher = less marginalized),derived,S08,v_marginalization,,,2020,2020.0,public,CARRIED_FORWARD
9df05ecb448d,18,state,Nayarit,2027,v_marginalization,64.4397,index 0-100 (higher = less marginalized),derived,S08,v_marginalization,,,2020,2020.0,public,CARRIED_FORWARD
c7793c427c70,19,state,Nuevo León,2020,v_marginalization,86.2496,index 0-100 (higher = less marginalized),derived,S08,v_marginalization,,,2020,2020.0,public,
7a96bd4c48eb,19,state,Nuevo León,2021,v_marginalization,86.2496,index 0-100 (higher = less marginalized),derived,S08,v_marginalization,,,2020,2020.0,public,CARRIED_FORWARD
d247eaaa6bcc,19,state,Nuevo León,2022,v_marginalization,86.2496,index 0-100 (higher = less marginalized),derived,S08,v_marginalization,,,2020,2020.0,public,CARRIED_FORWARD
cfb1e87fa76b,19,state,Nuevo León,2023,v_marginalization,86.2496,index 0-100 (higher = less marginalized),derived,S08,v_marginalization,,,2020,2020.0,public,CARRIED_FORWARD
19071c0f0dc3,19,state,Nuevo León,2024,v_marginalization,86.2496,index 0-100 (higher = less marginalized),derived,S08,v_marginalization,,,2020,2020.0,public,CARRIED_FORWARD
3aa859d73f19,19,state,Nuevo León,2025,v_marginalization,86.2496,index 0-100 (higher = less marginalized),derived,S08,v_marginalization,,,2020,2020.0,public,CARRIED_FORWARD
091fa45e219d,19,state,Nuevo León,2026,v_marginalization,86.2496,index 0-100 (higher = less marginalized),derived,S08,v_marginalization,,,2020,2020.0,public,CARRIED_FORWARD
d367d643fd22,19,state,Nuevo León,2027,v_marginalization,86.2496,index 0-100 (higher = less marginalized),derived,S08,v_marginalization,,,2020,2020.0,public,CARRIED_FORWARD
1044df857a37,20,state,Oaxaca,2020,v_marginalization,48.622,index 0-100 (higher = less marginalized),derived,S08,v_marginalization,,,2020,2020.0,public,
eef0cd20a93b,20,state,Oaxaca,2021,v_marginalization,48.622,index 0-100 (higher = less marginalized),derived,S08,v_marginalization,,,2020,2020.0,public,CARRIED_FORWARD
9886559a6778,20,state,Oaxaca,2022,v_marginalization,48.622,index 0-100 (higher = less marginalized),derived,S08,v_marginalization,,,2020,2020.0,public,CARRIED_FORWARD
f5002d6c0d7c,20,state,Oaxaca,2023,v_marginalization,48.622,index 0-100 (higher = less marginalized),derived,S08,v_marginalization,,,2020,2020.0,public,CARRIED_FORWARD
28e5c4999195,20,state,Oaxaca,2024,v_marginalization,48.622,index 0-100 (higher = less marginalized),derived,S08,v_marginalization,,,2020,2020.0,public,CARRIED_FORWARD
380e50e1ef5e,20,state,Oaxaca,2025,v_marginalization,48.622,index 0-100 (higher = less marginalized),derived,S08,v_marginalization,,,2020,2020.0,public,CARRIED_FORWARD
058bfa131126,20,state,Oaxaca,2026,v_marginalization,48.622,index 0-100 (higher = less marginalized),derived,S08,v_marginalization,,,2020,2020.0,public,CARRIED_FORWARD
0065c93cea7e,20,state,Oaxaca,2027,v_marginalization,48.622,index 0-100 (higher = less marginalized),derived,S08,v_marginalization,,,2020,2020.0,public,CARRIED_FORWARD
b12c40be7549,21,state,Puebla,2020,v_marginalization,65.1962,index 0-100 (higher = less marginalized),derived,S08,v_marginalization,,,2020,2020.0,public,
2f7c26b43649,21,state,Puebla,2021,v_marginalization,65.1962,index 0-100 (higher = less marginalized),derived,S08,v_marginalization,,,2020,2020.0,public,CARRIED_FORWARD
6ecaca7dacfa,21,state,Puebla,2022,v_marginalization,65.1962,index 0-100 (higher = less marginalized),derived,S08,v_marginalization,,,2020,2020.0,public,CARRIED_FORWARD
9ab85c909075,21,state,Puebla,2023,v_marginalization,65.1962,index 0-100 (higher = less marginalized),derived,S08,v_marginalization,,,2020,2020.0,public,CARRIED_FORWARD
6264cea20018,21,state,Puebla,2024,v_marginalization,65.1962,index 0-100 (higher = less marginalized),derived,S08,v_marginalization,,,2020,2020.0,public,CARRIED_FORWARD
a438e52a4583,21,state,Puebla,2025,v_marginalization,65.1962,index 0-100 (higher = less marginalized),derived,S08,v_marginalization,,,2020,2020.0,public,CARRIED_FORWARD
c49e83f64169,21,state,Puebla,2026,v_marginalization,65.1962,index 0-100 (higher = less marginalized),derived,S08,v_marginalization,,,2020,2020.0,public,CARRIED_FORWARD
5d251835fc68,21,state,Puebla,2027,v_marginalization,65.1962,index 0-100 (higher = less marginalized),derived,S08,v_marginalization,,,2020,2020.0,public,CARRIED_FORWARD
e24a8adc4923,22,state,Querétaro,2020,v_marginalization,76.6619,index 0-100 (higher = less marginalized),derived,S08,v_marginalization,,,2020,2020.0,public,
d4072b729b2b,22,state,Querétaro,2021,v_marginalization,76.6619,index 0-100 (higher = less marginalized),derived,S08,v_marginalization,,,2020,2020.0,public,CARRIED_FORWARD
642a1f7d3616,22,state,Querétaro,2022,v_marginalization,76.6619,index 0-100 (higher = less marginalized),derived,S08,v_marginalization,,,2020,2020.0,public,CARRIED_FORWARD
c2922f2224d9,22,state,Querétaro,2023,v_marginalization,76.6619,index 0-100 (higher = less marginalized),derived,S08,v_marginalization,,,2020,2020.0,public,CARRIED_FORWARD
76ca6f53eb5e,22,state,Querétaro,2024,v_marginalization,76.6619,index 0-100 (higher = less marginalized),derived,S08,v_marginalization,,,2020,2020.0,public,CARRIED_FORWARD
b819ae41d62e,22,state,Querétaro,2025,v_marginalization,76.6619,index 0-100 (higher = less marginalized),derived,S08,v_marginalization,,,2020,2020.0,public,CARRIED_FORWARD
64429d6eea4f,22,state,Querétaro,2026,v_marginalization,76.6619,index 0-100 (higher = less marginalized),derived,S08,v_marginalization,,,2020,2020.0,public,CARRIED_FORWARD
f0b8e026fc71,22,state,Querétaro,2027,v_marginalization,76.6619,index 0-100 (higher = less marginalized),derived,S08,v_marginalization,,,2020,2020.0,public,CARRIED_FORWARD
c073fc4d3883,23,state,Quintana Roo,2020,v_marginalization,75.8918,index 0-100 (higher = less marginalized),derived,S08,v_marginalization,,,2020,2020.0,public,
b4581ff82e9a,23,state,Quintana Roo,2021,v_marginalization,75.8918,index 0-100 (higher = less marginalized),derived,S08,v_marginalization,,,2020,2020.0,public,CARRIED_FORWARD
a177ed9d9b4b,23,state,Quintana Roo,2022,v_marginalization,75.8918,index 0-100 (higher = less marginalized),derived,S08,v_marginalization,,,2020,2020.0,public,CARRIED_FORWARD
5abe67272f7b,23,state,Quintana Roo,2023,v_marginalization,75.8918,index 0-100 (higher = less marginalized),derived,S08,v_marginalization,,,2020,2020.0,public,CARRIED_FORWARD
3947ce04cf7a,23,state,Quintana Roo,2024,v_marginalization,75.8918,index 0-100 (higher = less marginalized),derived,S08,v_marginalization,,,2020,2020.0,public,CARRIED_FORWARD
72bb8a05613a,23,state,Quintana Roo,2025,v_marginalization,75.8918,index 0-100 (higher = less marginalized),derived,S08,v_marginalization,,,2020,2020.0,public,CARRIED_FORWARD
b6554cc22af9,23,state,Quintana Roo,2026,v_marginalization,75.8918,index 0-100 (higher = less marginalized),derived,S08,v_marginalization,,,2020,2020.0,public,CARRIED_FORWARD
86aeefc5f645,23,state,Quintana Roo,2027,v_marginalization,75.8918,index 0-100 (higher = less marginalized),derived,S08,v_marginalization,,,2020,2020.0,public,CARRIED_FORWARD
93c9034ad5d5,24,state,San Luis Potosí,2020,v_marginalization,68.7516,index 0-100 (higher = less marginalized),derived,S08,v_marginalization,,,2020,2020.0,public,
a5bcc6bfcb30,24,state,San Luis Potosí,2021,v_marginalization,68.7516,index 0-100 (higher = less marginalized),derived,S08,v_marginalization,,,2020,2020.0,public,CARRIED_FORWARD
ae2f55cbe40f,24,state,San Luis Potosí,2022,v_marginalization,68.7516,index 0-100 (higher = less marginalized),derived,S08,v_marginalization,,,2020,2020.0,public,CARRIED_FORWARD
dd44e4853042,24,state,San Luis Potosí,2023,v_marginalization,68.7516,index 0-100 (higher = less marginalized),derived,S08,v_marginalization,,,2020,2020.0,public,CARRIED_FORWARD
d520483aee76,24,state,San Luis Potosí,2024,v_marginalization,68.7516,index 0-100 (higher = less marginalized),derived,S08,v_marginalization,,,2020,2020.0,public,CARRIED_FORWARD
81838f3f5bfd,24,state,San Luis Potosí,2025,v_marginalization,68.7516,index 0-100 (higher = less marginalized),derived,S08,v_marginalization,,,2020,2020.0,public,CARRIED_FORWARD
37350650d58b,24,state,San Luis Potosí,2026,v_marginalization,68.7516,index 0-100 (higher = less marginalized),derived,S08,v_marginalization,,,2020,2020.0,public,CARRIED_FORWARD
ab43d960ec0d,24,state,San Luis Potosí,2027,v_marginalization,68.7516,index 0-100 (higher = less marginalized),derived,S08,v_marginalization,,,2020,2020.0,public,CARRIED_FORWARD
7c35d8b1ae54,25,state,Sinaloa,2020,v_marginalization,75.454,index 0-100 (higher = less marginalized),derived,S08,v_marginalization,,,2020,2020.0,public,
4ffe3fccfc0a,25,state,Sinaloa,2021,v_marginalization,75.454,index 0-100 (higher = less marginalized),derived,S08,v_marginalization,,,2020,2020.0,public,CARRIED_FORWARD
a2a5dd4af596,25,state,Sinaloa,2022,v_marginalization,75.454,index 0-100 (higher = less marginalized),derived,S08,v_marginalization,,,2020,2020.0,public,CARRIED_FORWARD
b334dfa6c43d,25,state,Sinaloa,2023,v_marginalization,75.454,index 0-100 (higher = less marginalized),derived,S08,v_marginalization,,,2020,2020.0,public,CARRIED_FORWARD
f25b7e79438f,25,state,Sinaloa,2024,v_marginalization,75.454,index 0-100 (higher = less marginalized),derived,S08,v_marginalization,,,2020,2020.0,public,CARRIED_FORWARD
f821bfddbb92,25,state,Sinaloa,2025,v_marginalization,75.454,index 0-100 (higher = less marginalized),derived,S08,v_marginalization,,,2020,2020.0,public,CARRIED_FORWARD
abf5acddb02a,25,state,Sinaloa,2026,v_marginalization,75.454,index 0-100 (higher = less marginalized),derived,S08,v_marginalization,,,2020,2020.0,public,CARRIED_FORWARD
8c1f848f8228,25,state,Sinaloa,2027,v_marginalization,75.454,index 0-100 (higher = less marginalized),derived,S08,v_marginalization,,,2020,2020.0,public,CARRIED_FORWARD
ecdae1687ca7,26,state,Sonora,2020,v_marginalization,78.7495,index 0-100 (higher = less marginalized),derived,S08,v_marginalization,,,2020,2020.0,public,
079d9d94170d,26,state,Sonora,2021,v_marginalization,78.7495,index 0-100 (higher = less marginalized),derived,S08,v_marginalization,,,2020,2020.0,public,CARRIED_FORWARD
9970f2060b67,26,state,Sonora,2022,v_marginalization,78.7495,index 0-100 (higher = less marginalized),derived,S08,v_marginalization,,,2020,2020.0,public,CARRIED_FORWARD
47e8654da9cf,26,state,Sonora,2023,v_marginalization,78.7495,index 0-100 (higher = less marginalized),derived,S08,v_marginalization,,,2020,2020.0,public,CARRIED_FORWARD
5d231abf4e1c,26,state,Sonora,2024,v_marginalization,78.7495,index 0-100 (higher = less marginalized),derived,S08,v_marginalization,,,2020,2020.0,public,CARRIED_FORWARD
b8282eaf45a0,26,state,Sonora,2025,v_marginalization,78.7495,index 0-100 (higher = less marginalized),derived,S08,v_marginalization,,,2020,2020.0,public,CARRIED_FORWARD
7d34cd257975,26,state,Sonora,2026,v_marginalization,78.7495,index 0-100 (higher = less marginalized),derived,S08,v_marginalization,,,2020,2020.0,public,CARRIED_FORWARD
70548295ac37,26,state,Sonora,2027,v_marginalization,78.7495,index 0-100 (higher = less marginalized),derived,S08,v_marginalization,,,2020,2020.0,public,CARRIED_FORWARD
4c7c5a2f8091,27,state,Tabasco,2020,v_marginalization,67.4435,index 0-100 (higher = less marginalized),derived,S08,v_marginalization,,,2020,2020.0,public,
b9cf3b671fbd,27,state,Tabasco,2021,v_marginalization,67.4435,index 0-100 (higher = less marginalized),derived,S08,v_marginalization,,,2020,2020.0,public,CARRIED_FORWARD
8136a23f86f3,27,state,Tabasco,2022,v_marginalization,67.4435,index 0-100 (higher = less marginalized),derived,S08,v_marginalization,,,2020,2020.0,public,CARRIED_FORWARD
8fbcdb2b8bd0,27,state,Tabasco,2023,v_marginalization,67.4435,index 0-100 (higher = less marginalized),derived,S08,v_marginalization,,,2020,2020.0,public,CARRIED_FORWARD
218435f9c775,27,state,Tabasco,2024,v_marginalization,67.4435,index 0-100 (higher = less marginalized),derived,S08,v_marginalization,,,2020,2020.0,public,CARRIED_FORWARD
c522c48c86a6,27,state,Tabasco,2025,v_marginalization,67.4435,index 0-100 (higher = less marginalized),derived,S08,v_marginalization,,,2020,2020.0,public,CARRIED_FORWARD
217ad3077c8f,27,state,Tabasco,2026,v_marginalization,67.4435,index 0-100 (higher = less marginalized),derived,S08,v_marginalization,,,2020,2020.0,public,CARRIED_FORWARD
4f44ed51c95a,27,state,Tabasco,2027,v_marginalization,67.4435,index 0-100 (higher = less marginalized),derived,S08,v_marginalization,,,2020,2020.0,public,CARRIED_FORWARD
368e93207eda,28,state,Tamaulipas,2020,v_marginalization,77.2446,index 0-100 (higher = less marginalized),derived,S08,v_marginalization,,,2020,2020.0,public,
491dfe1fc7a2,28,state,Tamaulipas,2021,v_marginalization,77.2446,index 0-100 (higher = less marginalized),derived,S08,v_marginalization,,,2020,2020.0,public,CARRIED_FORWARD
8819c6f98276,28,state,Tamaulipas,2022,v_marginalization,77.2446,index 0-100 (higher = less marginalized),derived,S08,v_marginalization,,,2020,2020.0,public,CARRIED_FORWARD
125c05c2e586,28,state,Tamaulipas,2023,v_marginalization,77.2446,index 0-100 (higher = less marginalized),derived,S08,v_marginalization,,,2020,2020.0,public,CARRIED_FORWARD
f0a86ab55746,28,state,Tamaulipas,2024,v_marginalization,77.2446,index 0-100 (higher = less marginalized),derived,S08,v_marginalization,,,2020,2020.0,public,CARRIED_FORWARD
7e9ee80d376e,28,state,Tamaulipas,2025,v_marginalization,77.2446,index 0-100 (higher = less marginalized),derived,S08,v_marginalization,,,2020,2020.0,public,CARRIED_FORWARD
168b296357b3,28,state,Tamaulipas,2026,v_marginalization,77.2446,index 0-100 (higher = less marginalized),derived,S08,v_marginalization,,,2020,2020.0,public,CARRIED_FORWARD
228c317eba00,28,state,Tamaulipas,2027,v_marginalization,77.2446,index 0-100 (higher = less marginalized),derived,S08,v_marginalization,,,2020,2020.0,public,CARRIED_FORWARD
7f3a19813fa3,29,state,Tlaxcala,2020,v_marginalization,73.1027,index 0-100 (higher = less marginalized),derived,S08,v_marginalization,,,2020,2020.0,public,
69d9b2a53f20,29,state,Tlaxcala,2021,v_marginalization,73.1027,index 0-100 (higher = less marginalized),derived,S08,v_marginalization,,,2020,2020.0,public,CARRIED_FORWARD
781c90d95127,29,state,Tlaxcala,2022,v_marginalization,73.1027,index 0-100 (higher = less marginalized),derived,S08,v_marginalization,,,2020,2020.0,public,CARRIED_FORWARD
ad819a257cc4,29,state,Tlaxcala,2023,v_marginalization,73.1027,index 0-100 (higher = less marginalized),derived,S08,v_marginalization,,,2020,2020.0,public,CARRIED_FORWARD
202425ef0860,29,state,Tlaxcala,2024,v_marginalization,73.1027,index 0-100 (higher = less marginalized),derived,S08,v_marginalization,,,2020,2020.0,public,CARRIED_FORWARD
206091ef35d3,29,state,Tlaxcala,2025,v_marginalization,73.1027,index 0-100 (higher = less marginalized),derived,S08,v_marginalization,,,2020,2020.0,public,CARRIED_FORWARD
bd5f9b764b0f,29,state,Tlaxcala,2026,v_marginalization,73.1027,index 0-100 (higher = less marginalized),derived,S08,v_marginalization,,,2020,2020.0,public,CARRIED_FORWARD
105814b07c40,29,state,Tlaxcala,2027,v_marginalization,73.1027,index 0-100 (higher = less marginalized),derived,S08,v_marginalization,,,2020,2020.0,public,CARRIED_FORWARD
1667aee33ff7,30,state,Veracruz,2020,v_marginalization,60.3863,index 0-100 (higher = less marginalized),derived,S08,v_marginalization,,,2020,2020.0,public,
a5c9d97c80ef,30,state,Veracruz,2021,v_marginalization,60.3863,index 0-100 (higher = less marginalized),derived,S08,v_marginalization,,,2020,2020.0,public,CARRIED_FORWARD
4a97a5dc4431,30,state,Veracruz,2022,v_marginalization,60.3863,index 0-100 (higher = less marginalized),derived,S08,v_marginalization,,,2020,2020.0,public,CARRIED_FORWARD
ec5a65fbf212,30,state,Veracruz,2023,v_marginalization,60.3863,index 0-100 (higher = less marginalized),derived,S08,v_marginalization,,,2020,2020.0,public,CARRIED_FORWARD
32afbb769fc1,30,state,Veracruz,2024,v_marginalization,60.3863,index 0-100 (higher = less marginalized),derived,S08,v_marginalization,,,2020,2020.0,public,CARRIED_FORWARD
bee46057dea7,30,state,Veracruz,2025,v_marginalization,60.3863,index 0-100 (higher = less marginalized),derived,S08,v_marginalization,,,2020,2020.0,public,CARRIED_FORWARD
db9da9d73057,30,state,Veracruz,2026,v_marginalization,60.3863,index 0-100 (higher = less marginalized),derived,S08,v_marginalization,,,2020,2020.0,public,CARRIED_FORWARD
471945d3b96a,30,state,Veracruz,2027,v_marginalization,60.3863,index 0-100 (higher = less marginalized),derived,S08,v_marginalization,,,2020,2020.0,public,CARRIED_FORWARD
36bd46a73de8,31,state,Yucatán,2020,v_marginalization,64.4259,index 0-100 (higher = less marginalized),derived,S08,v_marginalization,,,2020,2020.0,public,
aed4a1ff1166,31,state,Yucatán,2021,v_marginalization,64.4259,index 0-100 (higher = less marginalized),derived,S08,v_marginalization,,,2020,2020.0,public,CARRIED_FORWARD
842d552c36fd,31,state,Yucatán,2022,v_marginalization,64.4259,index 0-100 (higher = less marginalized),derived,S08,v_marginalization,,,2020,2020.0,public,CARRIED_FORWARD
87d51f5b4dd2,31,state,Yucatán,2023,v_marginalization,64.4259,index 0-100 (higher = less marginalized),derived,S08,v_marginalization,,,2020,2020.0,public,CARRIED_FORWARD
01c1d75c62ef,31,state,Yucatán,2024,v_marginalization,64.4259,index 0-100 (higher = less marginalized),derived,S08,v_marginalization,,,2020,2020.0,public,CARRIED_FORWARD
045b6632030a,31,state,Yucatán,2025,v_marginalization,64.4259,index 0-100 (higher = less marginalized),derived,S08,v_marginalization,,,2020,2020.0,public,CARRIED_FORWARD
5b73736dfe21,31,state,Yucatán,2026,v_marginalization,64.4259,index 0-100 (higher = less marginalized),derived,S08,v_marginalization,,,2020,2020.0,public,CARRIED_FORWARD
70f51ee32cbe,31,state,Yucatán,2027,v_marginalization,64.4259,index 0-100 (higher = less marginalized),derived,S08,v_marginalization,,,2020,2020.0,public,CARRIED_FORWARD
1ab009d34911,32,state,Zacatecas,2020,v_marginalization,71.7286,index 0-100 (higher = less marginalized),derived,S08,v_marginalization,,,2020,2020.0,public,
e0e5c72dc6fe,32,state,Zacatecas,2021,v_marginalization,71.7286,index 0-100 (higher = less marginalized),derived,S08,v_marginalization,,,2020,2020.0,public,CARRIED_FORWARD
d37cf9c4ef3b,32,state,Zacatecas,2022,v_marginalization,71.7286,index 0-100 (higher = less marginalized),derived,S08,v_marginalization,,,2020,2020.0,public,CARRIED_FORWARD
3c19cd732e0b,32,state,Zacatecas,2023,v_marginalization,71.7286,index 0-100 (higher = less marginalized),derived,S08,v_marginalization,,,2020,2020.0,public,CARRIED_FORWARD
dc105133f166,32,state,Zacatecas,2024,v_marginalization,71.7286,index 0-100 (higher = less marginalized),derived,S08,v_marginalization,,,2020,2020.0,public,CARRIED_FORWARD
9bc0467651a1,32,state,Zacatecas,2025,v_marginalization,71.7286,index 0-100 (higher = less marginalized),derived,S08,v_marginalization,,,2020,2020.0,public,CARRIED_FORWARD
9861417bbd4b,32,state,Zacatecas,2026,v_marginalization,71.7286,index 0-100 (higher = less marginalized),derived,S08,v_marginalization,,,2020,2020.0,public,CARRIED_FORWARD
64ba2ed53087,32,state,Zacatecas,2027,v_marginalization,71.7286,index 0-100 (higher = less marginalized),derived,S08,v_marginalization,,,2020,2020.0,public,CARRIED_FORWARD
d485e1e2916b,01,state,Aguascalientes,2020,v_pop_density,262.4483,people per km²,modelled,S02|S12,v_pop_density,,,,2020.0,public,AREA_FROM_GENERALIZED_BOUNDARIES
69955d304d6d,01,state,Aguascalientes,2021,v_pop_density,265.4395,people per km²,modelled,S02|S12,v_pop_density,,,,2021.0,public,AREA_FROM_GENERALIZED_BOUNDARIES
24610dcf5414,01,state,Aguascalientes,2022,v_pop_density,268.7706,people per km²,modelled,S02|S12,v_pop_density,,,,2022.0,public,AREA_FROM_GENERALIZED_BOUNDARIES
dd845a3a94a2,01,state,Aguascalientes,2023,v_pop_density,272.3238,people per km²,modelled,S02|S12,v_pop_density,,,,2023.0,public,AREA_FROM_GENERALIZED_BOUNDARIES
bb77efb2425c,01,state,Aguascalientes,2024,v_pop_density,275.8108,people per km²,modelled,S02|S12,v_pop_density,,,,2024.0,public,AREA_FROM_GENERALIZED_BOUNDARIES
4fcbcecf546b,01,state,Aguascalientes,2025,v_pop_density,279.2235,people per km²,modelled,S02|S12,v_pop_density,,,,2025.0,public,AREA_FROM_GENERALIZED_BOUNDARIES
cedb726cbe04,01,state,Aguascalientes,2026,v_pop_density,282.5474,people per km²,modelled,S02|S12,v_pop_density,,,,2026.0,public,AREA_FROM_GENERALIZED_BOUNDARIES
ea32505f6609,01,state,Aguascalientes,2027,v_pop_density,285.765,people per km²,modelled,S02|S12,v_pop_density,,,,2027.0,public,AREA_FROM_GENERALIZED_BOUNDARIES
00cd7283293b,02,state,Baja California,2020,v_pop_density,52.6504,people per km²,modelled,S02|S12,v_pop_density,,,,2020.0,public,AREA_FROM_GENERALIZED_BOUNDARIES
14104d476dd4,02,state,Baja California,2021,v_pop_density,53.3541,people per km²,modelled,S02|S12,v_pop_density,,,,2021.0,public,AREA_FROM_GENERALIZED_BOUNDARIES
f9dd61d6ce10,02,state,Baja California,2022,v_pop_density,54.1534,people per km²,modelled,S02|S12,v_pop_density,,,,2022.0,public,AREA_FROM_GENERALIZED_BOUNDARIES
8730df2744be,02,state,Baja California,2023,v_pop_density,55.008,people per km²,modelled,S02|S12,v_pop_density,,,,2023.0,public,AREA_FROM_GENERALIZED_BOUNDARIES
54fbea379283,02,state,Baja California,2024,v_pop_density,55.8497,people per km²,modelled,S02|S12,v_pop_density,,,,2024.0,public,AREA_FROM_GENERALIZED_BOUNDARIES
8af29fe5ccf4,02,state,Baja California,2025,v_pop_density,56.6692,people per km²,modelled,S02|S12,v_pop_density,,,,2025.0,public,AREA_FROM_GENERALIZED_BOUNDARIES
a331954abd20,02,state,Baja California,2026,v_pop_density,57.4601,people per km²,modelled,S02|S12,v_pop_density,,,,2026.0,public,AREA_FROM_GENERALIZED_BOUNDARIES
1eae39ae5f03,02,state,Baja California,2027,v_pop_density,58.2206,people per km²,modelled,S02|S12,v_pop_density,,,,2027.0,public,AREA_FROM_GENERALIZED_BOUNDARIES
4aac651d59aa,03,state,Baja California Sur,2020,v_pop_density,11.3009,people per km²,modelled,S02|S12,v_pop_density,,,,2020.0,public,AREA_FROM_GENERALIZED_BOUNDARIES
f86ef0099a87,03,state,Baja California Sur,2021,v_pop_density,11.5329,people per km²,modelled,S02|S12,v_pop_density,,,,2021.0,public,AREA_FROM_GENERALIZED_BOUNDARIES
6f039b678c4b,03,state,Baja California Sur,2022,v_pop_density,11.774,people per km²,modelled,S02|S12,v_pop_density,,,,2022.0,public,AREA_FROM_GENERALIZED_BOUNDARIES
29327892e09e,03,state,Baja California Sur,2023,v_pop_density,12.0311,people per km²,modelled,S02|S12,v_pop_density,,,,2023.0,public,AREA_FROM_GENERALIZED_BOUNDARIES
914a3f0a21d4,03,state,Baja California Sur,2024,v_pop_density,12.2846,people per km²,modelled,S02|S12,v_pop_density,,,,2024.0,public,AREA_FROM_GENERALIZED_BOUNDARIES
307c303a9c0e,03,state,Baja California Sur,2025,v_pop_density,12.5342,people per km²,modelled,S02|S12,v_pop_density,,,,2025.0,public,AREA_FROM_GENERALIZED_BOUNDARIES
95160bfbd37d,03,state,Baja California Sur,2026,v_pop_density,12.7793,people per km²,modelled,S02|S12,v_pop_density,,,,2026.0,public,AREA_FROM_GENERALIZED_BOUNDARIES
71f9886935f7,03,state,Baja California Sur,2027,v_pop_density,13.0201,people per km²,modelled,S02|S12,v_pop_density,,,,2027.0,public,AREA_FROM_GENERALIZED_BOUNDARIES
713fae9551c6,04,state,Campeche,2020,v_pop_density,16.4359,people per km²,modelled,S02|S12,v_pop_density,,,,2020.0,public,AREA_FROM_GENERALIZED_BOUNDARIES
4d3d32bfedc5,04,state,Campeche,2021,v_pop_density,16.4798,people per km²,modelled,S02|S12,v_pop_density,,,,2021.0,public,AREA_FROM_GENERALIZED_BOUNDARIES
0eada274ebab,04,state,Campeche,2022,v_pop_density,16.5456,people per km²,modelled,S02|S12,v_pop_density,,,,2022.0,public,AREA_FROM_GENERALIZED_BOUNDARIES
e5d4898af10a,04,state,Campeche,2023,v_pop_density,16.6304,people per km²,modelled,S02|S12,v_pop_density,,,,2023.0,public,AREA_FROM_GENERALIZED_BOUNDARIES
0a0bbad48471,04,state,Campeche,2024,v_pop_density,16.7068,people per km²,modelled,S02|S12,v_pop_density,,,,2024.0,public,AREA_FROM_GENERALIZED_BOUNDARIES
4f6988a0fa49,04,state,Campeche,2025,v_pop_density,16.7752,people per km²,modelled,S02|S12,v_pop_density,,,,2025.0,public,AREA_FROM_GENERALIZED_BOUNDARIES
24df2130d9d3,04,state,Campeche,2026,v_pop_density,16.8356,people per km²,modelled,S02|S12,v_pop_density,,,,2026.0,public,AREA_FROM_GENERALIZED_BOUNDARIES
43abe4cb2c79,04,state,Campeche,2027,v_pop_density,16.8887,people per km²,modelled,S02|S12,v_pop_density,,,,2027.0,public,AREA_FROM_GENERALIZED_BOUNDARIES
569939a675bc,05,state,Coahuila,2020,v_pop_density,21.1761,people per km²,modelled,S02|S12,v_pop_density,,,,2020.0,public,AREA_FROM_GENERALIZED_BOUNDARIES
d0854697f0ec,05,state,Coahuila,2021,v_pop_density,21.4127,people per km²,modelled,S02|S12,v_pop_density,,,,2021.0,public,AREA_FROM_GENERALIZED_BOUNDARIES
52df02a6c623,05,state,Coahuila,2022,v_pop_density,21.683,people per km²,modelled,S02|S12,v_pop_density,,,,2022.0,public,AREA_FROM_GENERALIZED_BOUNDARIES
53f49446aa38,05,state,Coahuila,2023,v_pop_density,21.9684,people per km²,modelled,S02|S12,v_pop_density,,,,2023.0,public,AREA_FROM_GENERALIZED_BOUNDARIES
bcae4ba241df,05,state,Coahuila,2024,v_pop_density,22.2482,people per km²,modelled,S02|S12,v_pop_density,,,,2024.0,public,AREA_FROM_GENERALIZED_BOUNDARIES
f22c691a48f5,05,state,Coahuila,2025,v_pop_density,22.5216,people per km²,modelled,S02|S12,v_pop_density,,,,2025.0,public,AREA_FROM_GENERALIZED_BOUNDARIES
3088d5d0751b,05,state,Coahuila,2026,v_pop_density,22.7873,people per km²,modelled,S02|S12,v_pop_density,,,,2026.0,public,AREA_FROM_GENERALIZED_BOUNDARIES
c364560d217c,05,state,Coahuila,2027,v_pop_density,23.0451,people per km²,modelled,S02|S12,v_pop_density,,,,2027.0,public,AREA_FROM_GENERALIZED_BOUNDARIES
0273b318cd8c,06,state,Colima,2020,v_pop_density,126.7609,people per km²,modelled,S02|S12,v_pop_density,,,,2020.0,public,AREA_FROM_GENERALIZED_BOUNDARIES
280dde773bf2,06,state,Colima,2021,v_pop_density,127.3041,people per km²,modelled,S02|S12,v_pop_density,,,,2021.0,public,AREA_FROM_GENERALIZED_BOUNDARIES
5c88eb1966bb,06,state,Colima,2022,v_pop_density,127.973,people per km²,modelled,S02|S12,v_pop_density,,,,2022.0,public,AREA_FROM_GENERALIZED_BOUNDARIES
8472d927213e,06,state,Colima,2023,v_pop_density,128.8505,people per km²,modelled,S02|S12,v_pop_density,,,,2023.0,public,AREA_FROM_GENERALIZED_BOUNDARIES
b702443a3856,06,state,Colima,2024,v_pop_density,129.6981,people per km²,modelled,S02|S12,v_pop_density,,,,2024.0,public,AREA_FROM_GENERALIZED_BOUNDARIES
e4a13693a2f7,06,state,Colima,2025,v_pop_density,130.5007,people per km²,modelled,S02|S12,v_pop_density,,,,2025.0,public,AREA_FROM_GENERALIZED_BOUNDARIES
893262ef5622,06,state,Colima,2026,v_pop_density,131.2548,people per km²,modelled,S02|S12,v_pop_density,,,,2026.0,public,AREA_FROM_GENERALIZED_BOUNDARIES
18650cf121b7,06,state,Colima,2027,v_pop_density,131.9583,people per km²,modelled,S02|S12,v_pop_density,,,,2027.0,public,AREA_FROM_GENERALIZED_BOUNDARIES
5f27f2723d5f,07,state,Chiapas,2020,v_pop_density,77.8818,people per km²,modelled,S02|S12,v_pop_density,,,,2020.0,public,AREA_FROM_GENERALIZED_BOUNDARIES
57047c7e77f4,07,state,Chiapas,2021,v_pop_density,78.8397,people per km²,modelled,S02|S12,v_pop_density,,,,2021.0,public,AREA_FROM_GENERALIZED_BOUNDARIES
0a874559b862,07,state,Chiapas,2022,v_pop_density,79.8934,people per km²,modelled,S02|S12,v_pop_density,,,,2022.0,public,AREA_FROM_GENERALIZED_BOUNDARIES
5bd49bf4de20,07,state,Chiapas,2023,v_pop_density,81.0309,people per km²,modelled,S02|S12,v_pop_density,,,,2023.0,public,AREA_FROM_GENERALIZED_BOUNDARIES
c5c30d379ba1,07,state,Chiapas,2024,v_pop_density,82.1456,people per km²,modelled,S02|S12,v_pop_density,,,,2024.0,public,AREA_FROM_GENERALIZED_BOUNDARIES
82b8a4110bcd,07,state,Chiapas,2025,v_pop_density,83.2323,people per km²,modelled,S02|S12,v_pop_density,,,,2025.0,public,AREA_FROM_GENERALIZED_BOUNDARIES
288245b4db55,07,state,Chiapas,2026,v_pop_density,84.2893,people per km²,modelled,S02|S12,v_pop_density,,,,2026.0,public,AREA_FROM_GENERALIZED_BOUNDARIES
a6e625937a92,07,state,Chiapas,2027,v_pop_density,85.3162,people per km²,modelled,S02|S12,v_pop_density,,,,2027.0,public,AREA_FROM_GENERALIZED_BOUNDARIES
f8f0e2803c5e,08,state,Chihuahua,2020,v_pop_density,15.3746,people per km²,modelled,S02|S12,v_pop_density,,,,2020.0,public,AREA_FROM_GENERALIZED_BOUNDARIES
577349bc75f0,08,state,Chihuahua,2021,v_pop_density,15.5329,people per km²,modelled,S02|S12,v_pop_density,,,,2021.0,public,AREA_FROM_GENERALIZED_BOUNDARIES
cb84ebd19126,08,state,Chihuahua,2022,v_pop_density,15.72,people per km²,modelled,S02|S12,v_pop_density,,,,2022.0,public,AREA_FROM_GENERALIZED_BOUNDARIES
7a6ad54074df,08,state,Chihuahua,2023,v_pop_density,15.9203,people per km²,modelled,S02|S12,v_pop_density,,,,2023.0,public,AREA_FROM_GENERALIZED_BOUNDARIES
251f205a9f7b,08,state,Chihuahua,2024,v_pop_density,16.1161,people per km²,modelled,S02|S12,v_pop_density,,,,2024.0,public,AREA_FROM_GENERALIZED_BOUNDARIES
b3bb22c33940,08,state,Chihuahua,2025,v_pop_density,16.3041,people per km²,modelled,S02|S12,v_pop_density,,,,2025.0,public,AREA_FROM_GENERALIZED_BOUNDARIES
fd63f3af42a1,08,state,Chihuahua,2026,v_pop_density,16.4823,people per km²,modelled,S02|S12,v_pop_density,,,,2026.0,public,AREA_FROM_GENERALIZED_BOUNDARIES
d3ee39081780,08,state,Chihuahua,2027,v_pop_density,16.6499,people per km²,modelled,S02|S12,v_pop_density,,,,2027.0,public,AREA_FROM_GENERALIZED_BOUNDARIES
e3c7420c04fb,09,state,Ciudad de México,2020,v_pop_density,6786.6227,people per km²,modelled,S02|S12,v_pop_density,,,,2020.0,public,AREA_FROM_GENERALIZED_BOUNDARIES
6fa09b055051,09,state,Ciudad de México,2021,v_pop_density,6743.0317,people per km²,modelled,S02|S12,v_pop_density,,,,2021.0,public,AREA_FROM_GENERALIZED_BOUNDARIES
ca822eae2202,09,state,Ciudad de México,2022,v_pop_density,6717.5762,people per km²,modelled,S02|S12,v_pop_density,,,,2022.0,public,AREA_FROM_GENERALIZED_BOUNDARIES
cbe7d6af5456,09,state,Ciudad de México,2023,v_pop_density,6705.936,people per km²,modelled,S02|S12,v_pop_density,,,,2023.0,public,AREA_FROM_GENERALIZED_BOUNDARIES
4b59f0ab0172,09,state,Ciudad de México,2024,v_pop_density,6693.1235,people per km²,modelled,S02|S12,v_pop_density,,,,2024.0,public,AREA_FROM_GENERALIZED_BOUNDARIES
c7259513a716,09,state,Ciudad de México,2025,v_pop_density,6678.3178,people per km²,modelled,S02|S12,v_pop_density,,,,2025.0,public,AREA_FROM_GENERALIZED_BOUNDARIES
0d2e073785b7,09,state,Ciudad de México,2026,v_pop_density,6661.0891,people per km²,modelled,S02|S12,v_pop_density,,,,2026.0,public,AREA_FROM_GENERALIZED_BOUNDARIES
475120244d8c,09,state,Ciudad de México,2027,v_pop_density,6641.2861,people per km²,modelled,S02|S12,v_pop_density,,,,2027.0,public,AREA_FROM_GENERALIZED_BOUNDARIES
384da8183400,10,state,Durango,2020,v_pop_density,15.3535,people per km²,modelled,S02|S12,v_pop_density,,,,2020.0,public,AREA_FROM_GENERALIZED_BOUNDARIES
10931cd19f2c,10,state,Durango,2021,v_pop_density,15.4529,people per km²,modelled,S02|S12,v_pop_density,,,,2021.0,public,AREA_FROM_GENERALIZED_BOUNDARIES
52714696b3fc,10,state,Durango,2022,v_pop_density,15.5694,people per km²,modelled,S02|S12,v_pop_density,,,,2022.0,public,AREA_FROM_GENERALIZED_BOUNDARIES
bd7de148bc0d,10,state,Durango,2023,v_pop_density,15.6947,people per km²,modelled,S02|S12,v_pop_density,,,,2023.0,public,AREA_FROM_GENERALIZED_BOUNDARIES
e9a7c833b83a,10,state,Durango,2024,v_pop_density,15.813,people per km²,modelled,S02|S12,v_pop_density,,,,2024.0,public,AREA_FROM_GENERALIZED_BOUNDARIES
2b0940d90fbc,10,state,Durango,2025,v_pop_density,15.9234,people per km²,modelled,S02|S12,v_pop_density,,,,2025.0,public,AREA_FROM_GENERALIZED_BOUNDARIES
7354994c0e4b,10,state,Durango,2026,v_pop_density,16.0254,people per km²,modelled,S02|S12,v_pop_density,,,,2026.0,public,AREA_FROM_GENERALIZED_BOUNDARIES
b6ff31eb4929,10,state,Durango,2027,v_pop_density,16.1196,people per km²,modelled,S02|S12,v_pop_density,,,,2027.0,public,AREA_FROM_GENERALIZED_BOUNDARIES
ec6a0b5ed83d,11,state,Guanajuato,2020,v_pop_density,205.9825,people per km²,modelled,S02|S12,v_pop_density,,,,2020.0,public,AREA_FROM_GENERALIZED_BOUNDARIES
1dbbf0732f3a,11,state,Guanajuato,2021,v_pop_density,207.4016,people per km²,modelled,S02|S12,v_pop_density,,,,2021.0,public,AREA_FROM_GENERALIZED_BOUNDARIES
8b0d5891b6bc,11,state,Guanajuato,2022,v_pop_density,209.1062,people per km²,modelled,S02|S12,v_pop_density,,,,2022.0,public,AREA_FROM_GENERALIZED_BOUNDARIES
b00d43de68cf,11,state,Guanajuato,2023,v_pop_density,211.1335,people per km²,modelled,S02|S12,v_pop_density,,,,2023.0,public,AREA_FROM_GENERALIZED_BOUNDARIES
8070f59236bc,11,state,Guanajuato,2024,v_pop_density,213.0749,people per km²,modelled,S02|S12,v_pop_density,,,,2024.0,public,AREA_FROM_GENERALIZED_BOUNDARIES
796e32ca331f,11,state,Guanajuato,2025,v_pop_density,214.9201,people per km²,modelled,S02|S12,v_pop_density,,,,2025.0,public,AREA_FROM_GENERALIZED_BOUNDARIES
a0bb8825106d,11,state,Guanajuato,2026,v_pop_density,216.6651,people per km²,modelled,S02|S12,v_pop_density,,,,2026.0,public,AREA_FROM_GENERALIZED_BOUNDARIES
36cd9a60942d,11,state,Guanajuato,2027,v_pop_density,218.3129,people per km²,modelled,S02|S12,v_pop_density,,,,2027.0,public,AREA_FROM_GENERALIZED_BOUNDARIES
5467f07ddc98,12,state,Guerrero,2020,v_pop_density,55.6455,people per km²,modelled,S02|S12,v_pop_density,,,,2020.0,public,AREA_FROM_GENERALIZED_BOUNDARIES
0324acf9329d,12,state,Guerrero,2021,v_pop_density,55.6204,people per km²,modelled,S02|S12,v_pop_density,,,,2021.0,public,AREA_FROM_GENERALIZED_BOUNDARIES
208c28c6d278,12,state,Guerrero,2022,v_pop_density,55.6454,people per km²,modelled,S02|S12,v_pop_density,,,,2022.0,public,AREA_FROM_GENERALIZED_BOUNDARIES
ec26ec331429,12,state,Guerrero,2023,v_pop_density,55.7113,people per km²,modelled,S02|S12,v_pop_density,,,,2023.0,public,AREA_FROM_GENERALIZED_BOUNDARIES
35907c6a9f52,12,state,Guerrero,2024,v_pop_density,55.7502,people per km²,modelled,S02|S12,v_pop_density,,,,2024.0,public,AREA_FROM_GENERALIZED_BOUNDARIES
100dbf5c1042,12,state,Guerrero,2025,v_pop_density,55.7611,people per km²,modelled,S02|S12,v_pop_density,,,,2025.0,public,AREA_FROM_GENERALIZED_BOUNDARIES
5e7cbaff4f99,12,state,Guerrero,2026,v_pop_density,55.7435,people per km²,modelled,S02|S12,v_pop_density,,,,2026.0,public,AREA_FROM_GENERALIZED_BOUNDARIES
1d05b5e24904,12,state,Guerrero,2027,v_pop_density,55.6987,people per km²,modelled,S02|S12,v_pop_density,,,,2027.0,public,AREA_FROM_GENERALIZED_BOUNDARIES
1e51f7cbf46e,13,state,Hidalgo,2020,v_pop_density,146.9253,people per km²,modelled,S02|S12,v_pop_density,,,,2020.0,public,AREA_FROM_GENERALIZED_BOUNDARIES
8ccbcaf00fdc,13,state,Hidalgo,2021,v_pop_density,148.2292,people per km²,modelled,S02|S12,v_pop_density,,,,2021.0,public,AREA_FROM_GENERALIZED_BOUNDARIES
a2ea36a178da,13,state,Hidalgo,2022,v_pop_density,149.7493,people per km²,modelled,S02|S12,v_pop_density,,,,2022.0,public,AREA_FROM_GENERALIZED_BOUNDARIES
9f4a4cc70768,13,state,Hidalgo,2023,v_pop_density,151.5081,people per km²,modelled,S02|S12,v_pop_density,,,,2023.0,public,AREA_FROM_GENERALIZED_BOUNDARIES
2d6d89c31c14,13,state,Hidalgo,2024,v_pop_density,153.2258,people per km²,modelled,S02|S12,v_pop_density,,,,2024.0,public,AREA_FROM_GENERALIZED_BOUNDARIES
1194929ce66f,13,state,Hidalgo,2025,v_pop_density,154.8903,people per km²,modelled,S02|S12,v_pop_density,,,,2025.0,public,AREA_FROM_GENERALIZED_BOUNDARIES
4bbcc827564d,13,state,Hidalgo,2026,v_pop_density,156.4957,people per km²,modelled,S02|S12,v_pop_density,,,,2026.0,public,AREA_FROM_GENERALIZED_BOUNDARIES
d36c9f74dd89,13,state,Hidalgo,2027,v_pop_density,158.0374,people per km²,modelled,S02|S12,v_pop_density,,,,2027.0,public,AREA_FROM_GENERALIZED_BOUNDARIES
5fcf8b99f935,14,state,Jalisco,2020,v_pop_density,106.3456,people per km²,modelled,S02|S12,v_pop_density,,,,2020.0,public,AREA_FROM_GENERALIZED_BOUNDARIES
34e497a9d776,14,state,Jalisco,2021,v_pop_density,107.1679,people per km²,modelled,S02|S12,v_pop_density,,,,2021.0,public,AREA_FROM_GENERALIZED_BOUNDARIES
1fa61661d402,14,state,Jalisco,2022,v_pop_density,108.0997,people per km²,modelled,S02|S12,v_pop_density,,,,2022.0,public,AREA_FROM_GENERALIZED_BOUNDARIES
8087d43b1363,14,state,Jalisco,2023,v_pop_density,109.1937,people per km²,modelled,S02|S12,v_pop_density,,,,2023.0,public,AREA_FROM_GENERALIZED_BOUNDARIES
2a7d97b8216a,14,state,Jalisco,2024,v_pop_density,110.2613,people per km²,modelled,S02|S12,v_pop_density,,,,2024.0,public,AREA_FROM_GENERALIZED_BOUNDARIES
bf1697fd859f,14,state,Jalisco,2025,v_pop_density,111.2914,people per km²,modelled,S02|S12,v_pop_density,,,,2025.0,public,AREA_FROM_GENERALIZED_BOUNDARIES
ad11ddababa4,14,state,Jalisco,2026,v_pop_density,112.2752,people per km²,modelled,S02|S12,v_pop_density,,,,2026.0,public,AREA_FROM_GENERALIZED_BOUNDARIES
2a3636de2229,14,state,Jalisco,2027,v_pop_density,113.2095,people per km²,modelled,S02|S12,v_pop_density,,,,2027.0,public,AREA_FROM_GENERALIZED_BOUNDARIES
5af8bfb21d3b,15,state,Estado de México,2020,v_pop_density,789.7464,people per km²,modelled,S02|S12,v_pop_density,,,,2020.0,public,AREA_FROM_GENERALIZED_BOUNDARIES
0d2f7708adcc,15,state,Estado de México,2021,v_pop_density,792.2325,people per km²,modelled,S02|S12,v_pop_density,,,,2021.0,public,AREA_FROM_GENERALIZED_BOUNDARIES
47c8171d80c2,15,state,Estado de México,2022,v_pop_density,796.2917,people per km²,modelled,S02|S12,v_pop_density,,,,2022.0,public,AREA_FROM_GENERALIZED_BOUNDARIES
ee01880c972a,15,state,Estado de México,2023,v_pop_density,801.862,people per km²,modelled,S02|S12,v_pop_density,,,,2023.0,public,AREA_FROM_GENERALIZED_BOUNDARIES
a3725711f96d,15,state,Estado de México,2024,v_pop_density,807.1217,people per km²,modelled,S02|S12,v_pop_density,,,,2024.0,public,AREA_FROM_GENERALIZED_BOUNDARIES
bf702532387b,15,state,Estado de México,2025,v_pop_density,812.0313,people per km²,modelled,S02|S12,v_pop_density,,,,2025.0,public,AREA_FROM_GENERALIZED_BOUNDARIES
9473fba1bf31,15,state,Estado de México,2026,v_pop_density,816.5786,people per km²,modelled,S02|S12,v_pop_density,,,,2026.0,public,AREA_FROM_GENERALIZED_BOUNDARIES
706edd4c5e52,15,state,Estado de México,2027,v_pop_density,820.7785,people per km²,modelled,S02|S12,v_pop_density,,,,2027.0,public,AREA_FROM_GENERALIZED_BOUNDARIES
f05f7fb5df25,16,state,Michoacán,2020,v_pop_density,82.0343,people per km²,modelled,S02|S12,v_pop_density,,,,2020.0,public,AREA_FROM_GENERALIZED_BOUNDARIES
b2418e588167,16,state,Michoacán,2021,v_pop_density,82.5834,people per km²,modelled,S02|S12,v_pop_density,,,,2021.0,public,AREA_FROM_GENERALIZED_BOUNDARIES
6639817e8e23,16,state,Michoacán,2022,v_pop_density,83.2442,people per km²,modelled,S02|S12,v_pop_density,,,,2022.0,public,AREA_FROM_GENERALIZED_BOUNDARIES
e567a4ece682,16,state,Michoacán,2023,v_pop_density,84.078,people per km²,modelled,S02|S12,v_pop_density,,,,2023.0,public,AREA_FROM_GENERALIZED_BOUNDARIES
31f3f7404197,16,state,Michoacán,2024,v_pop_density,84.8941,people per km²,modelled,S02|S12,v_pop_density,,,,2024.0,public,AREA_FROM_GENERALIZED_BOUNDARIES
618f1203336b,16,state,Michoacán,2025,v_pop_density,85.6817,people per km²,modelled,S02|S12,v_pop_density,,,,2025.0,public,AREA_FROM_GENERALIZED_BOUNDARIES
2ebefa5dfc26,16,state,Michoacán,2026,v_pop_density,86.435,people per km²,modelled,S02|S12,v_pop_density,,,,2026.0,public,AREA_FROM_GENERALIZED_BOUNDARIES
5ec1a2993e3a,16,state,Michoacán,2027,v_pop_density,87.1518,people per km²,modelled,S02|S12,v_pop_density,,,,2027.0,public,AREA_FROM_GENERALIZED_BOUNDARIES
a8333ea996f8,17,state,Morelos,2020,v_pop_density,394.2516,people per km²,modelled,S02|S12,v_pop_density,,,,2020.0,public,AREA_FROM_GENERALIZED_BOUNDARIES
60280805d4e0,17,state,Morelos,2021,v_pop_density,395.3382,people per km²,modelled,S02|S12,v_pop_density,,,,2021.0,public,AREA_FROM_GENERALIZED_BOUNDARIES
82786c2f0f2d,17,state,Morelos,2022,v_pop_density,397.0713,people per km²,modelled,S02|S12,v_pop_density,,,,2022.0,public,AREA_FROM_GENERALIZED_BOUNDARIES
3891911fa452,17,state,Morelos,2023,v_pop_density,399.7838,people per km²,modelled,S02|S12,v_pop_density,,,,2023.0,public,AREA_FROM_GENERALIZED_BOUNDARIES
832dbd5e71f3,17,state,Morelos,2024,v_pop_density,402.3482,people per km²,modelled,S02|S12,v_pop_density,,,,2024.0,public,AREA_FROM_GENERALIZED_BOUNDARIES
9620df70768c,17,state,Morelos,2025,v_pop_density,404.7536,people per km²,modelled,S02|S12,v_pop_density,,,,2025.0,public,AREA_FROM_GENERALIZED_BOUNDARIES
5ef87674a25b,17,state,Morelos,2026,v_pop_density,406.9916,people per km²,modelled,S02|S12,v_pop_density,,,,2026.0,public,AREA_FROM_GENERALIZED_BOUNDARIES
bb22c953f91c,17,state,Morelos,2027,v_pop_density,409.0651,people per km²,modelled,S02|S12,v_pop_density,,,,2027.0,public,AREA_FROM_GENERALIZED_BOUNDARIES
93d3ec62ec2e,18,state,Nayarit,2020,v_pop_density,46.1145,people per km²,modelled,S02|S12,v_pop_density,,,,2020.0,public,AREA_FROM_GENERALIZED_BOUNDARIES
c4d713bb339d,18,state,Nayarit,2021,v_pop_density,46.5651,people per km²,modelled,S02|S12,v_pop_density,,,,2021.0,public,AREA_FROM_GENERALIZED_BOUNDARIES
bc748972c2c9,18,state,Nayarit,2022,v_pop_density,47.0685,people per km²,modelled,S02|S12,v_pop_density,,,,2022.0,public,AREA_FROM_GENERALIZED_BOUNDARIES
f29362e5d897,18,state,Nayarit,2023,v_pop_density,47.6398,people per km²,modelled,S02|S12,v_pop_density,,,,2023.0,public,AREA_FROM_GENERALIZED_BOUNDARIES
9d1b28835afa,18,state,Nayarit,2024,v_pop_density,48.2033,people per km²,modelled,S02|S12,v_pop_density,,,,2024.0,public,AREA_FROM_GENERALIZED_BOUNDARIES
a1225218d2bb,18,state,Nayarit,2025,v_pop_density,48.75,people per km²,modelled,S02|S12,v_pop_density,,,,2025.0,public,AREA_FROM_GENERALIZED_BOUNDARIES
b0b0df385833,18,state,Nayarit,2026,v_pop_density,49.2733,people per km²,modelled,S02|S12,v_pop_density,,,,2026.0,public,AREA_FROM_GENERALIZED_BOUNDARIES
9998dbb62e23,18,state,Nayarit,2027,v_pop_density,49.7711,people per km²,modelled,S02|S12,v_pop_density,,,,2027.0,public,AREA_FROM_GENERALIZED_BOUNDARIES
899d9ce0fffd,19,state,Nuevo León,2020,v_pop_density,90.8835,people per km²,modelled,S02|S12,v_pop_density,,,,2020.0,public,AREA_FROM_GENERALIZED_BOUNDARIES
a43edf58f818,19,state,Nuevo León,2021,v_pop_density,92.2828,people per km²,modelled,S02|S12,v_pop_density,,,,2021.0,public,AREA_FROM_GENERALIZED_BOUNDARIES
2b7cf53777da,19,state,Nuevo León,2022,v_pop_density,93.8,people per km²,modelled,S02|S12,v_pop_density,,,,2022.0,public,AREA_FROM_GENERALIZED_BOUNDARIES
b4d61702cc0d,19,state,Nuevo León,2023,v_pop_density,95.4413,people per km²,modelled,S02|S12,v_pop_density,,,,2023.0,public,AREA_FROM_GENERALIZED_BOUNDARIES
e959eb1b0df9,19,state,Nuevo León,2024,v_pop_density,97.0731,people per km²,modelled,S02|S12,v_pop_density,,,,2024.0,public,AREA_FROM_GENERALIZED_BOUNDARIES
753c3007dbc7,19,state,Nuevo León,2025,v_pop_density,98.6878,people per km²,modelled,S02|S12,v_pop_density,,,,2025.0,public,AREA_FROM_GENERALIZED_BOUNDARIES
fcb8e11ee5cd,19,state,Nuevo León,2026,v_pop_density,100.274,people per km²,modelled,S02|S12,v_pop_density,,,,2026.0,public,AREA_FROM_GENERALIZED_BOUNDARIES
fe70858c2af9,19,state,Nuevo León,2027,v_pop_density,101.8249,people per km²,modelled,S02|S12,v_pop_density,,,,2027.0,public,AREA_FROM_GENERALIZED_BOUNDARIES
8a2871ffe178,20,state,Oaxaca,2020,v_pop_density,45.6225,people per km²,modelled,S02|S12,v_pop_density,,,,2020.0,public,AREA_FROM_GENERALIZED_BOUNDARIES
8043e09e019b,20,state,Oaxaca,2021,v_pop_density,45.8058,people per km²,modelled,S02|S12,v_pop_density,,,,2021.0,public,AREA_FROM_GENERALIZED_BOUNDARIES
196f2985e952,20,state,Oaxaca,2022,v_pop_density,46.0576,people per km²,modelled,S02|S12,v_pop_density,,,,2022.0,public,AREA_FROM_GENERALIZED_BOUNDARIES
ea5b68b92e74,20,state,Oaxaca,2023,v_pop_density,46.4073,people per km²,modelled,S02|S12,v_pop_density,,,,2023.0,public,AREA_FROM_GENERALIZED_BOUNDARIES
986321a00777,20,state,Oaxaca,2024,v_pop_density,46.7521,people per km²,modelled,S02|S12,v_pop_density,,,,2024.0,public,AREA_FROM_GENERALIZED_BOUNDARIES
398e1dd2b3e8,20,state,Oaxaca,2025,v_pop_density,47.0867,people per km²,modelled,S02|S12,v_pop_density,,,,2025.0,public,AREA_FROM_GENERALIZED_BOUNDARIES
2f24e39aff91,20,state,Oaxaca,2026,v_pop_density,47.4081,people per km²,modelled,S02|S12,v_pop_density,,,,2026.0,public,AREA_FROM_GENERALIZED_BOUNDARIES
bbdf6649e4ec,20,state,Oaxaca,2027,v_pop_density,47.7154,people per km²,modelled,S02|S12,v_pop_density,,,,2027.0,public,AREA_FROM_GENERALIZED_BOUNDARIES
c76c3eb54361,21,state,Puebla,2020,v_pop_density,193.8439,people per km²,modelled,S02|S12,v_pop_density,,,,2020.0,public,AREA_FROM_GENERALIZED_BOUNDARIES
70db9495cae5,21,state,Puebla,2021,v_pop_density,195.3887,people per km²,modelled,S02|S12,v_pop_density,,,,2021.0,public,AREA_FROM_GENERALIZED_BOUNDARIES
6f867bce010e,21,state,Puebla,2022,v_pop_density,197.3006,people per km²,modelled,S02|S12,v_pop_density,,,,2022.0,public,AREA_FROM_GENERALIZED_BOUNDARIES
20af88cc5336,21,state,Puebla,2023,v_pop_density,199.6895,people per km²,modelled,S02|S12,v_pop_density,,,,2023.0,public,AREA_FROM_GENERALIZED_BOUNDARIES
c74aa88f12df,21,state,Puebla,2024,v_pop_density,202.0596,people per km²,modelled,S02|S12,v_pop_density,,,,2024.0,public,AREA_FROM_GENERALIZED_BOUNDARIES
f496b1ce7107,21,state,Puebla,2025,v_pop_density,204.3932,people per km²,modelled,S02|S12,v_pop_density,,,,2025.0,public,AREA_FROM_GENERALIZED_BOUNDARIES
08bec601fcc7,21,state,Puebla,2026,v_pop_density,206.6775,people per km²,modelled,S02|S12,v_pop_density,,,,2026.0,public,AREA_FROM_GENERALIZED_BOUNDARIES
230a115f0d97,21,state,Puebla,2027,v_pop_density,208.9039,people per km²,modelled,S02|S12,v_pop_density,,,,2027.0,public,AREA_FROM_GENERALIZED_BOUNDARIES
1c1bdd3b8da0,22,state,Querétaro,2020,v_pop_density,206.8215,people per km²,modelled,S02|S12,v_pop_density,,,,2020.0,public,AREA_FROM_GENERALIZED_BOUNDARIES
a4e127e7ade6,22,state,Querétaro,2021,v_pop_density,210.4852,people per km²,modelled,S02|S12,v_pop_density,,,,2021.0,public,AREA_FROM_GENERALIZED_BOUNDARIES
7b33ba15cfd5,22,state,Querétaro,2022,v_pop_density,214.3766,people per km²,modelled,S02|S12,v_pop_density,,,,2022.0,public,AREA_FROM_GENERALIZED_BOUNDARIES
8b37215ec388,22,state,Querétaro,2023,v_pop_density,218.6246,people per km²,modelled,S02|S12,v_pop_density,,,,2023.0,public,AREA_FROM_GENERALIZED_BOUNDARIES
ccd700250e89,22,state,Querétaro,2024,v_pop_density,222.794,people per km²,modelled,S02|S12,v_pop_density,,,,2024.0,public,AREA_FROM_GENERALIZED_BOUNDARIES
fa0135311e1a,22,state,Querétaro,2025,v_pop_density,226.8729,people per km²,modelled,S02|S12,v_pop_density,,,,2025.0,public,AREA_FROM_GENERALIZED_BOUNDARIES
11c3486225a5,22,state,Querétaro,2026,v_pop_density,230.8521,people per km²,modelled,S02|S12,v_pop_density,,,,2026.0,public,AREA_FROM_GENERALIZED_BOUNDARIES
2161c1a8051c,22,state,Querétaro,2027,v_pop_density,234.73,people per km²,modelled,S02|S12,v_pop_density,,,,2027.0,public,AREA_FROM_GENERALIZED_BOUNDARIES
14b12b6155fe,23,state,Quintana Roo,2020,v_pop_density,43.2643,people per km²,modelled,S02|S12,v_pop_density,,,,2020.0,public,AREA_FROM_GENERALIZED_BOUNDARIES
3fc42e8b623a,23,state,Quintana Roo,2021,v_pop_density,44.1411,people per km²,modelled,S02|S12,v_pop_density,,,,2021.0,public,AREA_FROM_GENERALIZED_BOUNDARIES
02c494cbe8ab,23,state,Quintana Roo,2022,v_pop_density,45.063,people per km²,modelled,S02|S12,v_pop_density,,,,2022.0,public,AREA_FROM_GENERALIZED_BOUNDARIES
dee0000da3c9,23,state,Quintana Roo,2023,v_pop_density,46.0304,people per km²,modelled,S02|S12,v_pop_density,,,,2023.0,public,AREA_FROM_GENERALIZED_BOUNDARIES
fa36dde63920,23,state,Quintana Roo,2024,v_pop_density,46.9768,people per km²,modelled,S02|S12,v_pop_density,,,,2024.0,public,AREA_FROM_GENERALIZED_BOUNDARIES
41ab7598f003,23,state,Quintana Roo,2025,v_pop_density,47.9001,people per km²,modelled,S02|S12,v_pop_density,,,,2025.0,public,AREA_FROM_GENERALIZED_BOUNDARIES
af3dc9220a13,23,state,Quintana Roo,2026,v_pop_density,48.7991,people per km²,modelled,S02|S12,v_pop_density,,,,2026.0,public,AREA_FROM_GENERALIZED_BOUNDARIES
739fa2d62a67,23,state,Quintana Roo,2027,v_pop_density,49.6745,people per km²,modelled,S02|S12,v_pop_density,,,,2027.0,public,AREA_FROM_GENERALIZED_BOUNDARIES
49e6d441be57,24,state,San Luis Potosí,2020,v_pop_density,44.7293,people per km²,modelled,S02|S12,v_pop_density,,,,2020.0,public,AREA_FROM_GENERALIZED_BOUNDARIES
90a515d4078c,24,state,San Luis Potosí,2021,v_pop_density,44.9489,people per km²,modelled,S02|S12,v_pop_density,,,,2021.0,public,AREA_FROM_GENERALIZED_BOUNDARIES
a7f93383c01d,24,state,San Luis Potosí,2022,v_pop_density,45.2598,people per km²,modelled,S02|S12,v_pop_density,,,,2022.0,public,AREA_FROM_GENERALIZED_BOUNDARIES
2501a7a95375,24,state,San Luis Potosí,2023,v_pop_density,45.6538,people per km²,modelled,S02|S12,v_pop_density,,,,2023.0,public,AREA_FROM_GENERALIZED_BOUNDARIES
ee000a2debe0,24,state,San Luis Potosí,2024,v_pop_density,46.0399,people per km²,modelled,S02|S12,v_pop_density,,,,2024.0,public,AREA_FROM_GENERALIZED_BOUNDARIES
640a8cfa5613,24,state,San Luis Potosí,2025,v_pop_density,46.4127,people per km²,modelled,S02|S12,v_pop_density,,,,2025.0,public,AREA_FROM_GENERALIZED_BOUNDARIES
d818feedffd8,24,state,San Luis Potosí,2026,v_pop_density,46.769,people per km²,modelled,S02|S12,v_pop_density,,,,2026.0,public,AREA_FROM_GENERALIZED_BOUNDARIES
bda970b825fb,24,state,San Luis Potosí,2027,v_pop_density,47.108,people per km²,modelled,S02|S12,v_pop_density,,,,2027.0,public,AREA_FROM_GENERALIZED_BOUNDARIES
630463493f36,25,state,Sinaloa,2020,v_pop_density,53.3608,people per km²,modelled,S02|S12,v_pop_density,,,,2020.0,public,AREA_FROM_GENERALIZED_BOUNDARIES
309b7220f463,25,state,Sinaloa,2021,v_pop_density,53.6579,people per km²,modelled,S02|S12,v_pop_density,,,,2021.0,public,AREA_FROM_GENERALIZED_BOUNDARIES
2dfc43369e2a,25,state,Sinaloa,2022,v_pop_density,54.0313,people per km²,modelled,S02|S12,v_pop_density,,,,2022.0,public,AREA_FROM_GENERALIZED_BOUNDARIES
50e8885f44ff,25,state,Sinaloa,2023,v_pop_density,54.4511,people per km²,modelled,S02|S12,v_pop_density,,,,2023.0,public,AREA_FROM_GENERALIZED_BOUNDARIES
09a796bb9456,25,state,Sinaloa,2024,v_pop_density,54.8493,people per km²,modelled,S02|S12,v_pop_density,,,,2024.0,public,AREA_FROM_GENERALIZED_BOUNDARIES
60fbfc8d821b,25,state,Sinaloa,2025,v_pop_density,55.2267,people per km²,modelled,S02|S12,v_pop_density,,,,2025.0,public,AREA_FROM_GENERALIZED_BOUNDARIES
abab69f5c46e,25,state,Sinaloa,2026,v_pop_density,55.5832,people per km²,modelled,S02|S12,v_pop_density,,,,2026.0,public,AREA_FROM_GENERALIZED_BOUNDARIES
e8c6fc69ebde,25,state,Sinaloa,2027,v_pop_density,55.9188,people per km²,modelled,S02|S12,v_pop_density,,,,2027.0,public,AREA_FROM_GENERALIZED_BOUNDARIES
46719bbeae46,26,state,Sonora,2020,v_pop_density,16.7555,people per km²,modelled,S02|S12,v_pop_density,,,,2020.0,public,AREA_FROM_GENERALIZED_BOUNDARIES
c9f1df0268c2,26,state,Sonora,2021,v_pop_density,16.8775,people per km²,modelled,S02|S12,v_pop_density,,,,2021.0,public,AREA_FROM_GENERALIZED_BOUNDARIES
beee61624813,26,state,Sonora,2022,v_pop_density,17.0285,people per km²,modelled,S02|S12,v_pop_density,,,,2022.0,public,AREA_FROM_GENERALIZED_BOUNDARIES
9f240724b3f5,26,state,Sonora,2023,v_pop_density,17.1989,people per km²,modelled,S02|S12,v_pop_density,,,,2023.0,public,AREA_FROM_GENERALIZED_BOUNDARIES
0030cb8ae976,26,state,Sonora,2024,v_pop_density,17.3662,people per km²,modelled,S02|S12,v_pop_density,,,,2024.0,public,AREA_FROM_GENERALIZED_BOUNDARIES
c96a7e537273,26,state,Sonora,2025,v_pop_density,17.5284,people per km²,modelled,S02|S12,v_pop_density,,,,2025.0,public,AREA_FROM_GENERALIZED_BOUNDARIES
fd3f646d621a,26,state,Sonora,2026,v_pop_density,17.6839,people per km²,modelled,S02|S12,v_pop_density,,,,2026.0,public,AREA_FROM_GENERALIZED_BOUNDARIES
5b8f8822d1cc,26,state,Sonora,2027,v_pop_density,17.8313,people per km²,modelled,S02|S12,v_pop_density,,,,2027.0,public,AREA_FROM_GENERALIZED_BOUNDARIES
7e42883617fe,27,state,Tabasco,2020,v_pop_density,101.4478,people per km²,modelled,S02|S12,v_pop_density,,,,2020.0,public,AREA_FROM_GENERALIZED_BOUNDARIES
e6351a680823,27,state,Tabasco,2021,v_pop_density,101.502,people per km²,modelled,S02|S12,v_pop_density,,,,2021.0,public,AREA_FROM_GENERALIZED_BOUNDARIES
a5202632f179,27,state,Tabasco,2022,v_pop_density,101.7281,people per km²,modelled,S02|S12,v_pop_density,,,,2022.0,public,AREA_FROM_GENERALIZED_BOUNDARIES
b3cef74dc254,27,state,Tabasco,2023,v_pop_density,102.0438,people per km²,modelled,S02|S12,v_pop_density,,,,2023.0,public,AREA_FROM_GENERALIZED_BOUNDARIES
f751fce56d05,27,state,Tabasco,2024,v_pop_density,102.3251,people per km²,modelled,S02|S12,v_pop_density,,,,2024.0,public,AREA_FROM_GENERALIZED_BOUNDARIES
3707fa7a475a,27,state,Tabasco,2025,v_pop_density,102.573,people per km²,modelled,S02|S12,v_pop_density,,,,2025.0,public,AREA_FROM_GENERALIZED_BOUNDARIES
3639bf92a40a,27,state,Tabasco,2026,v_pop_density,102.7871,people per km²,modelled,S02|S12,v_pop_density,,,,2026.0,public,AREA_FROM_GENERALIZED_BOUNDARIES
e8bed25bebb2,27,state,Tabasco,2027,v_pop_density,102.9688,people per km²,modelled,S02|S12,v_pop_density,,,,2027.0,public,AREA_FROM_GENERALIZED_BOUNDARIES
9fb1bba90303,28,state,Tamaulipas,2020,v_pop_density,45.1852,people per km²,modelled,S02|S12,v_pop_density,,,,2020.0,public,AREA_FROM_GENERALIZED_BOUNDARIES
691738ee9563,28,state,Tamaulipas,2021,v_pop_density,45.5115,people per km²,modelled,S02|S12,v_pop_density,,,,2021.0,public,AREA_FROM_GENERALIZED_BOUNDARIES
340bffeaca32,28,state,Tamaulipas,2022,v_pop_density,45.8977,people per km²,modelled,S02|S12,v_pop_density,,,,2022.0,public,AREA_FROM_GENERALIZED_BOUNDARIES
1691bdf9ad1a,28,state,Tamaulipas,2023,v_pop_density,46.3113,people per km²,modelled,S02|S12,v_pop_density,,,,2023.0,public,AREA_FROM_GENERALIZED_BOUNDARIES
785b88cea013,28,state,Tamaulipas,2024,v_pop_density,46.7138,people per km²,modelled,S02|S12,v_pop_density,,,,2024.0,public,AREA_FROM_GENERALIZED_BOUNDARIES
079f6c1c6c7f,28,state,Tamaulipas,2025,v_pop_density,47.1008,people per km²,modelled,S02|S12,v_pop_density,,,,2025.0,public,AREA_FROM_GENERALIZED_BOUNDARIES
9f8e6ce33a33,28,state,Tamaulipas,2026,v_pop_density,47.4659,people per km²,modelled,S02|S12,v_pop_density,,,,2026.0,public,AREA_FROM_GENERALIZED_BOUNDARIES
ed57102eb13c,28,state,Tamaulipas,2027,v_pop_density,47.8043,people per km²,modelled,S02|S12,v_pop_density,,,,2027.0,public,AREA_FROM_GENERALIZED_BOUNDARIES
3ba6c97dfda4,29,state,Tlaxcala,2020,v_pop_density,353.7599,people per km²,modelled,S02|S12,v_pop_density,,,,2020.0,public,AREA_FROM_GENERALIZED_BOUNDARIES
66ea024b104c,29,state,Tlaxcala,2021,v_pop_density,356.5191,people per km²,modelled,S02|S12,v_pop_density,,,,2021.0,public,AREA_FROM_GENERALIZED_BOUNDARIES
0e24f0aad647,29,state,Tlaxcala,2022,v_pop_density,360.2337,people per km²,modelled,S02|S12,v_pop_density,,,,2022.0,public,AREA_FROM_GENERALIZED_BOUNDARIES
50dcda268880,29,state,Tlaxcala,2023,v_pop_density,364.8495,people per km²,modelled,S02|S12,v_pop_density,,,,2023.0,public,AREA_FROM_GENERALIZED_BOUNDARIES
189c5bf97d9c,29,state,Tlaxcala,2024,v_pop_density,369.3949,people per km²,modelled,S02|S12,v_pop_density,,,,2024.0,public,AREA_FROM_GENERALIZED_BOUNDARIES
04785410ce9f,29,state,Tlaxcala,2025,v_pop_density,373.8426,people per km²,modelled,S02|S12,v_pop_density,,,,2025.0,public,AREA_FROM_GENERALIZED_BOUNDARIES
717ea5e1021b,29,state,Tlaxcala,2026,v_pop_density,378.1793,people per km²,modelled,S02|S12,v_pop_density,,,,2026.0,public,AREA_FROM_GENERALIZED_BOUNDARIES
eca4a94c3e28,29,state,Tlaxcala,2027,v_pop_density,382.3949,people per km²,modelled,S02|S12,v_pop_density,,,,2027.0,public,AREA_FROM_GENERALIZED_BOUNDARIES
fa080df09009,30,state,Veracruz,2020,v_pop_density,115.1149,people per km²,modelled,S02|S12,v_pop_density,,,,2020.0,public,AREA_FROM_GENERALIZED_BOUNDARIES
43dd1f0498ac,30,state,Veracruz,2021,v_pop_density,114.7894,people per km²,modelled,S02|S12,v_pop_density,,,,2021.0,public,AREA_FROM_GENERALIZED_BOUNDARIES
ecca4004c82d,30,state,Veracruz,2022,v_pop_density,114.6069,people per km²,modelled,S02|S12,v_pop_density,,,,2022.0,public,AREA_FROM_GENERALIZED_BOUNDARIES
9d1b82876df4,30,state,Veracruz,2023,v_pop_density,114.5836,people per km²,modelled,S02|S12,v_pop_density,,,,2023.0,public,AREA_FROM_GENERALIZED_BOUNDARIES
5c13145aac66,30,state,Veracruz,2024,v_pop_density,114.5293,people per km²,modelled,S02|S12,v_pop_density,,,,2024.0,public,AREA_FROM_GENERALIZED_BOUNDARIES
135b6fe00db5,30,state,Veracruz,2025,v_pop_density,114.4384,people per km²,modelled,S02|S12,v_pop_density,,,,2025.0,public,AREA_FROM_GENERALIZED_BOUNDARIES
57a5658647c2,30,state,Veracruz,2026,v_pop_density,114.305,people per km²,modelled,S02|S12,v_pop_density,,,,2026.0,public,AREA_FROM_GENERALIZED_BOUNDARIES
30ccba7e2242,30,state,Veracruz,2027,v_pop_density,114.1293,people per km²,modelled,S02|S12,v_pop_density,,,,2027.0,public,AREA_FROM_GENERALIZED_BOUNDARIES
bc099748a8a8,31,state,Yucatán,2020,v_pop_density,61.5636,people per km²,modelled,S02|S12,v_pop_density,,,,2020.0,public,AREA_FROM_GENERALIZED_BOUNDARIES
5a0d43525b1e,31,state,Yucatán,2021,v_pop_density,62.2847,people per km²,modelled,S02|S12,v_pop_density,,,,2021.0,public,AREA_FROM_GENERALIZED_BOUNDARIES
87a06f9d67c3,31,state,Yucatán,2022,v_pop_density,63.0558,people per km²,modelled,S02|S12,v_pop_density,,,,2022.0,public,AREA_FROM_GENERALIZED_BOUNDARIES
09c960a057e2,31,state,Yucatán,2023,v_pop_density,63.8889,people per km²,modelled,S02|S12,v_pop_density,,,,2023.0,public,AREA_FROM_GENERALIZED_BOUNDARIES
7c3b43569cfa,31,state,Yucatán,2024,v_pop_density,64.6971,people per km²,modelled,S02|S12,v_pop_density,,,,2024.0,public,AREA_FROM_GENERALIZED_BOUNDARIES
7a32d8323f5d,31,state,Yucatán,2025,v_pop_density,65.4802,people per km²,modelled,S02|S12,v_pop_density,,,,2025.0,public,AREA_FROM_GENERALIZED_BOUNDARIES
f47cefc8896a,31,state,Yucatán,2026,v_pop_density,66.2377,people per km²,modelled,S02|S12,v_pop_density,,,,2026.0,public,AREA_FROM_GENERALIZED_BOUNDARIES
a23be6b9c0e7,31,state,Yucatán,2027,v_pop_density,66.9695,people per km²,modelled,S02|S12,v_pop_density,,,,2027.0,public,AREA_FROM_GENERALIZED_BOUNDARIES
c904d7141276,32,state,Zacatecas,2020,v_pop_density,22.0411,people per km²,modelled,S02|S12,v_pop_density,,,,2020.0,public,AREA_FROM_GENERALIZED_BOUNDARIES
ac3609af11bf,32,state,Zacatecas,2021,v_pop_density,22.153,people per km²,modelled,S02|S12,v_pop_density,,,,2021.0,public,AREA_FROM_GENERALIZED_BOUNDARIES
3ea119f2be54,32,state,Zacatecas,2022,v_pop_density,22.3158,people per km²,modelled,S02|S12,v_pop_density,,,,2022.0,public,AREA_FROM_GENERALIZED_BOUNDARIES
575c539b6444,32,state,Zacatecas,2023,v_pop_density,22.5225,people per km²,modelled,S02|S12,v_pop_density,,,,2023.0,public,AREA_FROM_GENERALIZED_BOUNDARIES
f47b2a18c51d,32,state,Zacatecas,2024,v_pop_density,22.7264,people per km²,modelled,S02|S12,v_pop_density,,,,2024.0,public,AREA_FROM_GENERALIZED_BOUNDARIES
2ec52a8ddc76,32,state,Zacatecas,2025,v_pop_density,22.9229,people per km²,modelled,S02|S12,v_pop_density,,,,2025.0,public,AREA_FROM_GENERALIZED_BOUNDARIES
f770851561d9,32,state,Zacatecas,2026,v_pop_density,23.1098,people per km²,modelled,S02|S12,v_pop_density,,,,2026.0,public,AREA_FROM_GENERALIZED_BOUNDARIES
91b7084b7f27,32,state,Zacatecas,2027,v_pop_density,23.2854,people per km²,modelled,S02|S12,v_pop_density,,,,2027.0,public,AREA_FROM_GENERALIZED_BOUNDARIES
f3d4c5d7831a,01,state,Aguascalientes,2020,w_aquifer_deficit_share,,% of aquifers,unknown,S03,w_aquifer_deficit_share,,,,,public,NO_VINTAGE_FOR_YEAR
043866fa2fdb,01,state,Aguascalientes,2021,w_aquifer_deficit_share,,% of aquifers,unknown,S03,w_aquifer_deficit_share,,,,,public,NO_VINTAGE_FOR_YEAR
84db52ea7884,01,state,Aguascalientes,2022,w_aquifer_deficit_share,,% of aquifers,unknown,S03,w_aquifer_deficit_share,,,,,public,NO_VINTAGE_FOR_YEAR
f5e00b279b98,01,state,Aguascalientes,2023,w_aquifer_deficit_share,100.0,% of aquifers,administrative,S03,w_aquifer_deficit_share,,,2023,2023.0,public,AQUIFERS=5
b99afd9f17f3,01,state,Aguascalientes,2024,w_aquifer_deficit_share,100.0,% of aquifers,administrative,S03,w_aquifer_deficit_share,,,2023,2023.0,public,AQUIFERS=5|CARRIED_FORWARD
da5a7baa0342,01,state,Aguascalientes,2025,w_aquifer_deficit_share,100.0,% of aquifers,administrative,S03,w_aquifer_deficit_share,,,2023,2023.0,public,AQUIFERS=5|CARRIED_FORWARD
edd26cd75f28,01,state,Aguascalientes,2026,w_aquifer_deficit_share,100.0,% of aquifers,administrative,S03,w_aquifer_deficit_share,,,2023,2023.0,public,AQUIFERS=5|CARRIED_FORWARD
46c203208585,01,state,Aguascalientes,2027,w_aquifer_deficit_share,100.0,% of aquifers,administrative,S03,w_aquifer_deficit_share,,,2023,2023.0,public,AQUIFERS=5|CARRIED_FORWARD
6d637c51e834,02,state,Baja California,2020,w_aquifer_deficit_share,,% of aquifers,unknown,S03,w_aquifer_deficit_share,,,,,public,NO_VINTAGE_FOR_YEAR
2a25476c3e9a,02,state,Baja California,2021,w_aquifer_deficit_share,,% of aquifers,unknown,S03,w_aquifer_deficit_share,,,,,public,NO_VINTAGE_FOR_YEAR
8991d3288ec5,02,state,Baja California,2022,w_aquifer_deficit_share,,% of aquifers,unknown,S03,w_aquifer_deficit_share,,,,,public,NO_VINTAGE_FOR_YEAR
0f70a3177107,02,state,Baja California,2023,w_aquifer_deficit_share,33.333,% of aquifers,administrative,S03,w_aquifer_deficit_share,,,2023,2023.0,public,AQUIFERS=48
bf4f26fa8799,02,state,Baja California,2024,w_aquifer_deficit_share,33.333,% of aquifers,administrative,S03,w_aquifer_deficit_share,,,2023,2023.0,public,AQUIFERS=48|CARRIED_FORWARD
7ae32f7e849d,02,state,Baja California,2025,w_aquifer_deficit_share,33.333,% of aquifers,administrative,S03,w_aquifer_deficit_share,,,2023,2023.0,public,AQUIFERS=48|CARRIED_FORWARD
3df867b24719,02,state,Baja California,2026,w_aquifer_deficit_share,33.333,% of aquifers,administrative,S03,w_aquifer_deficit_share,,,2023,2023.0,public,AQUIFERS=48|CARRIED_FORWARD
e3b61838b711,02,state,Baja California,2027,w_aquifer_deficit_share,33.333,% of aquifers,administrative,S03,w_aquifer_deficit_share,,,2023,2023.0,public,AQUIFERS=48|CARRIED_FORWARD
fb16b4f13dad,03,state,Baja California Sur,2020,w_aquifer_deficit_share,,% of aquifers,unknown,S03,w_aquifer_deficit_share,,,,,public,NO_VINTAGE_FOR_YEAR
da15d0d65477,03,state,Baja California Sur,2021,w_aquifer_deficit_share,,% of aquifers,unknown,S03,w_aquifer_deficit_share,,,,,public,NO_VINTAGE_FOR_YEAR
d5b85845230e,03,state,Baja California Sur,2022,w_aquifer_deficit_share,,% of aquifers,unknown,S03,w_aquifer_deficit_share,,,,,public,NO_VINTAGE_FOR_YEAR
d1ba173cc569,03,state,Baja California Sur,2023,w_aquifer_deficit_share,56.41,% of aquifers,administrative,S03,w_aquifer_deficit_share,,,2023,2023.0,public,AQUIFERS=39
177ec627373c,03,state,Baja California Sur,2024,w_aquifer_deficit_share,56.41,% of aquifers,administrative,S03,w_aquifer_deficit_share,,,2023,2023.0,public,AQUIFERS=39|CARRIED_FORWARD
ae21e6e57623,03,state,Baja California Sur,2025,w_aquifer_deficit_share,56.41,% of aquifers,administrative,S03,w_aquifer_deficit_share,,,2023,2023.0,public,AQUIFERS=39|CARRIED_FORWARD
5d6ee67443de,03,state,Baja California Sur,2026,w_aquifer_deficit_share,56.41,% of aquifers,administrative,S03,w_aquifer_deficit_share,,,2023,2023.0,public,AQUIFERS=39|CARRIED_FORWARD
55fe4c64d8ef,03,state,Baja California Sur,2027,w_aquifer_deficit_share,56.41,% of aquifers,administrative,S03,w_aquifer_deficit_share,,,2023,2023.0,public,AQUIFERS=39|CARRIED_FORWARD
48024ac2ab52,04,state,Campeche,2020,w_aquifer_deficit_share,,% of aquifers,unknown,S03,w_aquifer_deficit_share,,,,,public,NO_VINTAGE_FOR_YEAR
16832caab676,04,state,Campeche,2021,w_aquifer_deficit_share,,% of aquifers,unknown,S03,w_aquifer_deficit_share,,,,,public,NO_VINTAGE_FOR_YEAR
4517098a42f9,04,state,Campeche,2022,w_aquifer_deficit_share,,% of aquifers,unknown,S03,w_aquifer_deficit_share,,,,,public,NO_VINTAGE_FOR_YEAR
502ebac94461,04,state,Campeche,2023,w_aquifer_deficit_share,0.0,% of aquifers,administrative,S03,w_aquifer_deficit_share,,,2023,2023.0,public,AQUIFERS=1
8805eb621bcb,04,state,Campeche,2024,w_aquifer_deficit_share,0.0,% of aquifers,administrative,S03,w_aquifer_deficit_share,,,2023,2023.0,public,AQUIFERS=1|CARRIED_FORWARD
5e2b74d59d1e,04,state,Campeche,2025,w_aquifer_deficit_share,0.0,% of aquifers,administrative,S03,w_aquifer_deficit_share,,,2023,2023.0,public,AQUIFERS=1|CARRIED_FORWARD
ec9fc6de41cf,04,state,Campeche,2026,w_aquifer_deficit_share,0.0,% of aquifers,administrative,S03,w_aquifer_deficit_share,,,2023,2023.0,public,AQUIFERS=1|CARRIED_FORWARD
e0528aa1d954,04,state,Campeche,2027,w_aquifer_deficit_share,0.0,% of aquifers,administrative,S03,w_aquifer_deficit_share,,,2023,2023.0,public,AQUIFERS=1|CARRIED_FORWARD
0d5dc44bcc7f,05,state,Coahuila,2020,w_aquifer_deficit_share,,% of aquifers,unknown,S03,w_aquifer_deficit_share,,,,,public,NO_VINTAGE_FOR_YEAR
a1800dbb5b22,05,state,Coahuila,2021,w_aquifer_deficit_share,,% of aquifers,unknown,S03,w_aquifer_deficit_share,,,,,public,NO_VINTAGE_FOR_YEAR
3afc5ff03dec,05,state,Coahuila,2022,w_aquifer_deficit_share,,% of aquifers,unknown,S03,w_aquifer_deficit_share,,,,,public,NO_VINTAGE_FOR_YEAR
94de0c326ba3,05,state,Coahuila,2023,w_aquifer_deficit_share,67.857,% of aquifers,administrative,S03,w_aquifer_deficit_share,,,2023,2023.0,public,AQUIFERS=28
24d4b5768c44,05,state,Coahuila,2024,w_aquifer_deficit_share,67.857,% of aquifers,administrative,S03,w_aquifer_deficit_share,,,2023,2023.0,public,AQUIFERS=28|CARRIED_FORWARD
295c2a401163,05,state,Coahuila,2025,w_aquifer_deficit_share,67.857,% of aquifers,administrative,S03,w_aquifer_deficit_share,,,2023,2023.0,public,AQUIFERS=28|CARRIED_FORWARD
3a1ee8ee9c9d,05,state,Coahuila,2026,w_aquifer_deficit_share,67.857,% of aquifers,administrative,S03,w_aquifer_deficit_share,,,2023,2023.0,public,AQUIFERS=28|CARRIED_FORWARD
2e1283c96351,05,state,Coahuila,2027,w_aquifer_deficit_share,67.857,% of aquifers,administrative,S03,w_aquifer_deficit_share,,,2023,2023.0,public,AQUIFERS=28|CARRIED_FORWARD
1df5bb0c463d,06,state,Colima,2020,w_aquifer_deficit_share,,% of aquifers,unknown,S03,w_aquifer_deficit_share,,,,,public,NO_VINTAGE_FOR_YEAR
43ca690ed80d,06,state,Colima,2021,w_aquifer_deficit_share,,% of aquifers,unknown,S03,w_aquifer_deficit_share,,,,,public,NO_VINTAGE_FOR_YEAR
11a3bf83c8a3,06,state,Colima,2022,w_aquifer_deficit_share,,% of aquifers,unknown,S03,w_aquifer_deficit_share,,,,,public,NO_VINTAGE_FOR_YEAR
4b18b42eb94e,06,state,Colima,2023,w_aquifer_deficit_share,36.364,% of aquifers,administrative,S03,w_aquifer_deficit_share,,,2023,2023.0,public,AQUIFERS=11
22975faebdaf,06,state,Colima,2024,w_aquifer_deficit_share,36.364,% of aquifers,administrative,S03,w_aquifer_deficit_share,,,2023,2023.0,public,AQUIFERS=11|CARRIED_FORWARD
7561d6e1547e,06,state,Colima,2025,w_aquifer_deficit_share,36.364,% of aquifers,administrative,S03,w_aquifer_deficit_share,,,2023,2023.0,public,AQUIFERS=11|CARRIED_FORWARD
065d46f01c35,06,state,Colima,2026,w_aquifer_deficit_share,36.364,% of aquifers,administrative,S03,w_aquifer_deficit_share,,,2023,2023.0,public,AQUIFERS=11|CARRIED_FORWARD
7041f3d04354,06,state,Colima,2027,w_aquifer_deficit_share,36.364,% of aquifers,administrative,S03,w_aquifer_deficit_share,,,2023,2023.0,public,AQUIFERS=11|CARRIED_FORWARD
cbac01b98264,07,state,Chiapas,2020,w_aquifer_deficit_share,,% of aquifers,unknown,S03,w_aquifer_deficit_share,,,,,public,NO_VINTAGE_FOR_YEAR
7cc5d99df4e8,07,state,Chiapas,2021,w_aquifer_deficit_share,,% of aquifers,unknown,S03,w_aquifer_deficit_share,,,,,public,NO_VINTAGE_FOR_YEAR
565968d1899d,07,state,Chiapas,2022,w_aquifer_deficit_share,,% of aquifers,unknown,S03,w_aquifer_deficit_share,,,,,public,NO_VINTAGE_FOR_YEAR
d0e30d4db6c5,07,state,Chiapas,2023,w_aquifer_deficit_share,0.0,% of aquifers,administrative,S03,w_aquifer_deficit_share,,,2023,2023.0,public,AQUIFERS=15
cdcda73f3a2e,07,state,Chiapas,2024,w_aquifer_deficit_share,0.0,% of aquifers,administrative,S03,w_aquifer_deficit_share,,,2023,2023.0,public,AQUIFERS=15|CARRIED_FORWARD
33baab1974cd,07,state,Chiapas,2025,w_aquifer_deficit_share,0.0,% of aquifers,administrative,S03,w_aquifer_deficit_share,,,2023,2023.0,public,AQUIFERS=15|CARRIED_FORWARD
481d3321af39,07,state,Chiapas,2026,w_aquifer_deficit_share,0.0,% of aquifers,administrative,S03,w_aquifer_deficit_share,,,2023,2023.0,public,AQUIFERS=15|CARRIED_FORWARD
a7f73ba96485,07,state,Chiapas,2027,w_aquifer_deficit_share,0.0,% of aquifers,administrative,S03,w_aquifer_deficit_share,,,2023,2023.0,public,AQUIFERS=15|CARRIED_FORWARD
ea97affbcfa5,08,state,Chihuahua,2020,w_aquifer_deficit_share,,% of aquifers,unknown,S03,w_aquifer_deficit_share,,,,,public,NO_VINTAGE_FOR_YEAR
fba44aa6eac2,08,state,Chihuahua,2021,w_aquifer_deficit_share,,% of aquifers,unknown,S03,w_aquifer_deficit_share,,,,,public,NO_VINTAGE_FOR_YEAR
e4b0f33c3b90,08,state,Chihuahua,2022,w_aquifer_deficit_share,,% of aquifers,unknown,S03,w_aquifer_deficit_share,,,,,public,NO_VINTAGE_FOR_YEAR
348e8bf3fe52,08,state,Chihuahua,2023,w_aquifer_deficit_share,62.295,% of aquifers,administrative,S03,w_aquifer_deficit_share,,,2023,2023.0,public,AQUIFERS=61
c6b354e20764,08,state,Chihuahua,2024,w_aquifer_deficit_share,62.295,% of aquifers,administrative,S03,w_aquifer_deficit_share,,,2023,2023.0,public,AQUIFERS=61|CARRIED_FORWARD
d106b6e9a558,08,state,Chihuahua,2025,w_aquifer_deficit_share,62.295,% of aquifers,administrative,S03,w_aquifer_deficit_share,,,2023,2023.0,public,AQUIFERS=61|CARRIED_FORWARD
003f94e2cb7a,08,state,Chihuahua,2026,w_aquifer_deficit_share,62.295,% of aquifers,administrative,S03,w_aquifer_deficit_share,,,2023,2023.0,public,AQUIFERS=61|CARRIED_FORWARD
5684332eac65,08,state,Chihuahua,2027,w_aquifer_deficit_share,62.295,% of aquifers,administrative,S03,w_aquifer_deficit_share,,,2023,2023.0,public,AQUIFERS=61|CARRIED_FORWARD
9f2283e11062,09,state,Ciudad de México,2020,w_aquifer_deficit_share,,% of aquifers,unknown,S03,w_aquifer_deficit_share,,,,,public,NO_VINTAGE_FOR_YEAR
b0bbb359a313,09,state,Ciudad de México,2021,w_aquifer_deficit_share,,% of aquifers,unknown,S03,w_aquifer_deficit_share,,,,,public,NO_VINTAGE_FOR_YEAR
ffd285739f63,09,state,Ciudad de México,2022,w_aquifer_deficit_share,,% of aquifers,unknown,S03,w_aquifer_deficit_share,,,,,public,NO_VINTAGE_FOR_YEAR
7d1189b1487c,09,state,Ciudad de México,2023,w_aquifer_deficit_share,100.0,% of aquifers,administrative,S03,w_aquifer_deficit_share,,,2023,2023.0,public,AQUIFERS=1
89651a90051a,09,state,Ciudad de México,2024,w_aquifer_deficit_share,100.0,% of aquifers,administrative,S03,w_aquifer_deficit_share,,,2023,2023.0,public,AQUIFERS=1|CARRIED_FORWARD
d5b14bf6a84d,09,state,Ciudad de México,2025,w_aquifer_deficit_share,100.0,% of aquifers,administrative,S03,w_aquifer_deficit_share,,,2023,2023.0,public,AQUIFERS=1|CARRIED_FORWARD
c9bdf94303c0,09,state,Ciudad de México,2026,w_aquifer_deficit_share,100.0,% of aquifers,administrative,S03,w_aquifer_deficit_share,,,2023,2023.0,public,AQUIFERS=1|CARRIED_FORWARD
e4d07f2c95e1,09,state,Ciudad de México,2027,w_aquifer_deficit_share,100.0,% of aquifers,administrative,S03,w_aquifer_deficit_share,,,2023,2023.0,public,AQUIFERS=1|CARRIED_FORWARD
40caa51c3648,10,state,Durango,2020,w_aquifer_deficit_share,,% of aquifers,unknown,S03,w_aquifer_deficit_share,,,,,public,NO_VINTAGE_FOR_YEAR
5dc7b114dada,10,state,Durango,2021,w_aquifer_deficit_share,,% of aquifers,unknown,S03,w_aquifer_deficit_share,,,,,public,NO_VINTAGE_FOR_YEAR
9b98091a89fd,10,state,Durango,2022,w_aquifer_deficit_share,,% of aquifers,unknown,S03,w_aquifer_deficit_share,,,,,public,NO_VINTAGE_FOR_YEAR
172c7fa8ebae,10,state,Durango,2023,w_aquifer_deficit_share,41.379,% of aquifers,administrative,S03,w_aquifer_deficit_share,,,2023,2023.0,public,AQUIFERS=29
fd1aa5714d69,10,state,Durango,2024,w_aquifer_deficit_share,41.379,% of aquifers,administrative,S03,w_aquifer_deficit_share,,,2023,2023.0,public,AQUIFERS=29|CARRIED_FORWARD
b6d9cbfc41af,10,state,Durango,2025,w_aquifer_deficit_share,41.379,% of aquifers,administrative,S03,w_aquifer_deficit_share,,,2023,2023.0,public,AQUIFERS=29|CARRIED_FORWARD
7d91d1cd9abf,10,state,Durango,2026,w_aquifer_deficit_share,41.379,% of aquifers,administrative,S03,w_aquifer_deficit_share,,,2023,2023.0,public,AQUIFERS=29|CARRIED_FORWARD
b77225939d0a,10,state,Durango,2027,w_aquifer_deficit_share,41.379,% of aquifers,administrative,S03,w_aquifer_deficit_share,,,2023,2023.0,public,AQUIFERS=29|CARRIED_FORWARD
e2bd48d5c652,11,state,Guanajuato,2020,w_aquifer_deficit_share,,% of aquifers,unknown,S03,w_aquifer_deficit_share,,,,,public,NO_VINTAGE_FOR_YEAR
6de8d51dacfd,11,state,Guanajuato,2021,w_aquifer_deficit_share,,% of aquifers,unknown,S03,w_aquifer_deficit_share,,,,,public,NO_VINTAGE_FOR_YEAR
80e10ad9d338,11,state,Guanajuato,2022,w_aquifer_deficit_share,,% of aquifers,unknown,S03,w_aquifer_deficit_share,,,,,public,NO_VINTAGE_FOR_YEAR
45b6617a7fd4,11,state,Guanajuato,2023,w_aquifer_deficit_share,72.222,% of aquifers,administrative,S03,w_aquifer_deficit_share,,,2023,2023.0,public,AQUIFERS=18
09e3dad4ffcf,11,state,Guanajuato,2024,w_aquifer_deficit_share,72.222,% of aquifers,administrative,S03,w_aquifer_deficit_share,,,2023,2023.0,public,AQUIFERS=18|CARRIED_FORWARD
e93adf31e849,11,state,Guanajuato,2025,w_aquifer_deficit_share,72.222,% of aquifers,administrative,S03,w_aquifer_deficit_share,,,2023,2023.0,public,AQUIFERS=18|CARRIED_FORWARD
67d9739a2aac,11,state,Guanajuato,2026,w_aquifer_deficit_share,72.222,% of aquifers,administrative,S03,w_aquifer_deficit_share,,,2023,2023.0,public,AQUIFERS=18|CARRIED_FORWARD
036c7952b911,11,state,Guanajuato,2027,w_aquifer_deficit_share,72.222,% of aquifers,administrative,S03,w_aquifer_deficit_share,,,2023,2023.0,public,AQUIFERS=18|CARRIED_FORWARD
0205cc2552d4,12,state,Guerrero,2020,w_aquifer_deficit_share,,% of aquifers,unknown,S03,w_aquifer_deficit_share,,,,,public,NO_VINTAGE_FOR_YEAR
5663ebb2283f,12,state,Guerrero,2021,w_aquifer_deficit_share,,% of aquifers,unknown,S03,w_aquifer_deficit_share,,,,,public,NO_VINTAGE_FOR_YEAR
6c018d51e845,12,state,Guerrero,2022,w_aquifer_deficit_share,,% of aquifers,unknown,S03,w_aquifer_deficit_share,,,,,public,NO_VINTAGE_FOR_YEAR
9982cf6a17e2,12,state,Guerrero,2023,w_aquifer_deficit_share,8.571,% of aquifers,administrative,S03,w_aquifer_deficit_share,,,2023,2023.0,public,AQUIFERS=35
9b9c72633fc1,12,state,Guerrero,2024,w_aquifer_deficit_share,8.571,% of aquifers,administrative,S03,w_aquifer_deficit_share,,,2023,2023.0,public,AQUIFERS=35|CARRIED_FORWARD
0773cb044cc7,12,state,Guerrero,2025,w_aquifer_deficit_share,8.571,% of aquifers,administrative,S03,w_aquifer_deficit_share,,,2023,2023.0,public,AQUIFERS=35|CARRIED_FORWARD
3d5226d248ee,12,state,Guerrero,2026,w_aquifer_deficit_share,8.571,% of aquifers,administrative,S03,w_aquifer_deficit_share,,,2023,2023.0,public,AQUIFERS=35|CARRIED_FORWARD
1e5facb34d75,12,state,Guerrero,2027,w_aquifer_deficit_share,8.571,% of aquifers,administrative,S03,w_aquifer_deficit_share,,,2023,2023.0,public,AQUIFERS=35|CARRIED_FORWARD
2b9e2bbf26b6,13,state,Hidalgo,2020,w_aquifer_deficit_share,,% of aquifers,unknown,S03,w_aquifer_deficit_share,,,,,public,NO_VINTAGE_FOR_YEAR
b5b534bba473,13,state,Hidalgo,2021,w_aquifer_deficit_share,,% of aquifers,unknown,S03,w_aquifer_deficit_share,,,,,public,NO_VINTAGE_FOR_YEAR
62e4d45f3878,13,state,Hidalgo,2022,w_aquifer_deficit_share,,% of aquifers,unknown,S03,w_aquifer_deficit_share,,,,,public,NO_VINTAGE_FOR_YEAR
fa79f0ee619d,13,state,Hidalgo,2023,w_aquifer_deficit_share,14.286,% of aquifers,administrative,S03,w_aquifer_deficit_share,,,2023,2023.0,public,AQUIFERS=21
d775bf2e32cd,13,state,Hidalgo,2024,w_aquifer_deficit_share,14.286,% of aquifers,administrative,S03,w_aquifer_deficit_share,,,2023,2023.0,public,AQUIFERS=21|CARRIED_FORWARD
b611f20d7582,13,state,Hidalgo,2025,w_aquifer_deficit_share,14.286,% of aquifers,administrative,S03,w_aquifer_deficit_share,,,2023,2023.0,public,AQUIFERS=21|CARRIED_FORWARD
ce94bd4a55f1,13,state,Hidalgo,2026,w_aquifer_deficit_share,14.286,% of aquifers,administrative,S03,w_aquifer_deficit_share,,,2023,2023.0,public,AQUIFERS=21|CARRIED_FORWARD
1abdd646b8e7,13,state,Hidalgo,2027,w_aquifer_deficit_share,14.286,% of aquifers,administrative,S03,w_aquifer_deficit_share,,,2023,2023.0,public,AQUIFERS=21|CARRIED_FORWARD
45baad6dcb29,14,state,Jalisco,2020,w_aquifer_deficit_share,,% of aquifers,unknown,S03,w_aquifer_deficit_share,,,,,public,NO_VINTAGE_FOR_YEAR
3cf637541fec,14,state,Jalisco,2021,w_aquifer_deficit_share,,% of aquifers,unknown,S03,w_aquifer_deficit_share,,,,,public,NO_VINTAGE_FOR_YEAR
a0280e9ad01d,14,state,Jalisco,2022,w_aquifer_deficit_share,,% of aquifers,unknown,S03,w_aquifer_deficit_share,,,,,public,NO_VINTAGE_FOR_YEAR
d99b7140ef9b,14,state,Jalisco,2023,w_aquifer_deficit_share,59.322,% of aquifers,administrative,S03,w_aquifer_deficit_share,,,2023,2023.0,public,AQUIFERS=59
53e3c6a4e99f,14,state,Jalisco,2024,w_aquifer_deficit_share,59.322,% of aquifers,administrative,S03,w_aquifer_deficit_share,,,2023,2023.0,public,AQUIFERS=59|CARRIED_FORWARD
83147f280eba,14,state,Jalisco,2025,w_aquifer_deficit_share,59.322,% of aquifers,administrative,S03,w_aquifer_deficit_share,,,2023,2023.0,public,AQUIFERS=59|CARRIED_FORWARD
6081ab4376cb,14,state,Jalisco,2026,w_aquifer_deficit_share,59.322,% of aquifers,administrative,S03,w_aquifer_deficit_share,,,2023,2023.0,public,AQUIFERS=59|CARRIED_FORWARD
380b5c7a5dfe,14,state,Jalisco,2027,w_aquifer_deficit_share,59.322,% of aquifers,administrative,S03,w_aquifer_deficit_share,,,2023,2023.0,public,AQUIFERS=59|CARRIED_FORWARD
3f2c4bf3c88d,15,state,Estado de México,2020,w_aquifer_deficit_share,,% of aquifers,unknown,S03,w_aquifer_deficit_share,,,,,public,NO_VINTAGE_FOR_YEAR
b92386699aba,15,state,Estado de México,2021,w_aquifer_deficit_share,,% of aquifers,unknown,S03,w_aquifer_deficit_share,,,,,public,NO_VINTAGE_FOR_YEAR
042329b1a20f,15,state,Estado de México,2022,w_aquifer_deficit_share,,% of aquifers,unknown,S03,w_aquifer_deficit_share,,,,,public,NO_VINTAGE_FOR_YEAR
a803e2ced437,15,state,Estado de México,2023,w_aquifer_deficit_share,88.889,% of aquifers,administrative,S03,w_aquifer_deficit_share,,,2023,2023.0,public,AQUIFERS=9
fdaab2c2b016,15,state,Estado de México,2024,w_aquifer_deficit_share,88.889,% of aquifers,administrative,S03,w_aquifer_deficit_share,,,2023,2023.0,public,AQUIFERS=9|CARRIED_FORWARD
23e12d3d2fb2,15,state,Estado de México,2025,w_aquifer_deficit_share,88.889,% of aquifers,administrative,S03,w_aquifer_deficit_share,,,2023,2023.0,public,AQUIFERS=9|CARRIED_FORWARD
65cec8ce8f5e,15,state,Estado de México,2026,w_aquifer_deficit_share,88.889,% of aquifers,administrative,S03,w_aquifer_deficit_share,,,2023,2023.0,public,AQUIFERS=9|CARRIED_FORWARD
7459aea04f32,15,state,Estado de México,2027,w_aquifer_deficit_share,88.889,% of aquifers,administrative,S03,w_aquifer_deficit_share,,,2023,2023.0,public,AQUIFERS=9|CARRIED_FORWARD
e3785e7b5fc5,16,state,Michoacán,2020,w_aquifer_deficit_share,,% of aquifers,unknown,S03,w_aquifer_deficit_share,,,,,public,NO_VINTAGE_FOR_YEAR
21bd767126d0,16,state,Michoacán,2021,w_aquifer_deficit_share,,% of aquifers,unknown,S03,w_aquifer_deficit_share,,,,,public,NO_VINTAGE_FOR_YEAR
3f9d4f0d5fad,16,state,Michoacán,2022,w_aquifer_deficit_share,,% of aquifers,unknown,S03,w_aquifer_deficit_share,,,,,public,NO_VINTAGE_FOR_YEAR
9bbd0352f6a1,16,state,Michoacán,2023,w_aquifer_deficit_share,40.909,% of aquifers,administrative,S03,w_aquifer_deficit_share,,,2023,2023.0,public,AQUIFERS=22
bf40c96b5833,16,state,Michoacán,2024,w_aquifer_deficit_share,40.909,% of aquifers,administrative,S03,w_aquifer_deficit_share,,,2023,2023.0,public,AQUIFERS=22|CARRIED_FORWARD
c06624a15888,16,state,Michoacán,2025,w_aquifer_deficit_share,40.909,% of aquifers,administrative,S03,w_aquifer_deficit_share,,,2023,2023.0,public,AQUIFERS=22|CARRIED_FORWARD
92c8530f64c1,16,state,Michoacán,2026,w_aquifer_deficit_share,40.909,% of aquifers,administrative,S03,w_aquifer_deficit_share,,,2023,2023.0,public,AQUIFERS=22|CARRIED_FORWARD
a688befe4e2f,16,state,Michoacán,2027,w_aquifer_deficit_share,40.909,% of aquifers,administrative,S03,w_aquifer_deficit_share,,,2023,2023.0,public,AQUIFERS=22|CARRIED_FORWARD
01519c668637,17,state,Morelos,2020,w_aquifer_deficit_share,,% of aquifers,unknown,S03,w_aquifer_deficit_share,,,,,public,NO_VINTAGE_FOR_YEAR
39a124d8a1ed,17,state,Morelos,2021,w_aquifer_deficit_share,,% of aquifers,unknown,S03,w_aquifer_deficit_share,,,,,public,NO_VINTAGE_FOR_YEAR
46aab465dd59,17,state,Morelos,2022,w_aquifer_deficit_share,,% of aquifers,unknown,S03,w_aquifer_deficit_share,,,,,public,NO_VINTAGE_FOR_YEAR
55be15bd606d,17,state,Morelos,2023,w_aquifer_deficit_share,25.0,% of aquifers,administrative,S03,w_aquifer_deficit_share,,,2023,2023.0,public,AQUIFERS=4
73d9ae6cc861,17,state,Morelos,2024,w_aquifer_deficit_share,25.0,% of aquifers,administrative,S03,w_aquifer_deficit_share,,,2023,2023.0,public,AQUIFERS=4|CARRIED_FORWARD
6588040fd92b,17,state,Morelos,2025,w_aquifer_deficit_share,25.0,% of aquifers,administrative,S03,w_aquifer_deficit_share,,,2023,2023.0,public,AQUIFERS=4|CARRIED_FORWARD
ea14596192db,17,state,Morelos,2026,w_aquifer_deficit_share,25.0,% of aquifers,administrative,S03,w_aquifer_deficit_share,,,2023,2023.0,public,AQUIFERS=4|CARRIED_FORWARD
5b48ccebc5ff,17,state,Morelos,2027,w_aquifer_deficit_share,25.0,% of aquifers,administrative,S03,w_aquifer_deficit_share,,,2023,2023.0,public,AQUIFERS=4|CARRIED_FORWARD
41e3ddc5d27d,18,state,Nayarit,2020,w_aquifer_deficit_share,,% of aquifers,unknown,S03,w_aquifer_deficit_share,,,,,public,NO_VINTAGE_FOR_YEAR
4771b0a2f0c9,18,state,Nayarit,2021,w_aquifer_deficit_share,,% of aquifers,unknown,S03,w_aquifer_deficit_share,,,,,public,NO_VINTAGE_FOR_YEAR
432ee04ca668,18,state,Nayarit,2022,w_aquifer_deficit_share,,% of aquifers,unknown,S03,w_aquifer_deficit_share,,,,,public,NO_VINTAGE_FOR_YEAR
5a0fd5f6bc39,18,state,Nayarit,2023,w_aquifer_deficit_share,25.0,% of aquifers,administrative,S03,w_aquifer_deficit_share,,,2023,2023.0,public,AQUIFERS=12
131095de781c,18,state,Nayarit,2024,w_aquifer_deficit_share,25.0,% of aquifers,administrative,S03,w_aquifer_deficit_share,,,2023,2023.0,public,AQUIFERS=12|CARRIED_FORWARD
3d8bd09b33c3,18,state,Nayarit,2025,w_aquifer_deficit_share,25.0,% of aquifers,administrative,S03,w_aquifer_deficit_share,,,2023,2023.0,public,AQUIFERS=12|CARRIED_FORWARD
3d7a7f6f5f92,18,state,Nayarit,2026,w_aquifer_deficit_share,25.0,% of aquifers,administrative,S03,w_aquifer_deficit_share,,,2023,2023.0,public,AQUIFERS=12|CARRIED_FORWARD
999dfacc8a1f,18,state,Nayarit,2027,w_aquifer_deficit_share,25.0,% of aquifers,administrative,S03,w_aquifer_deficit_share,,,2023,2023.0,public,AQUIFERS=12|CARRIED_FORWARD
49902b0aeb27,19,state,Nuevo León,2020,w_aquifer_deficit_share,,% of aquifers,unknown,S03,w_aquifer_deficit_share,,,,,public,NO_VINTAGE_FOR_YEAR
da72cf35689d,19,state,Nuevo León,2021,w_aquifer_deficit_share,,% of aquifers,unknown,S03,w_aquifer_deficit_share,,,,,public,NO_VINTAGE_FOR_YEAR
d725ab461b10,19,state,Nuevo León,2022,w_aquifer_deficit_share,,% of aquifers,unknown,S03,w_aquifer_deficit_share,,,,,public,NO_VINTAGE_FOR_YEAR
0f5fe23ec260,19,state,Nuevo León,2023,w_aquifer_deficit_share,56.522,% of aquifers,administrative,S03,w_aquifer_deficit_share,,,2023,2023.0,public,AQUIFERS=23
03657d121a00,19,state,Nuevo León,2024,w_aquifer_deficit_share,56.522,% of aquifers,administrative,S03,w_aquifer_deficit_share,,,2023,2023.0,public,AQUIFERS=23|CARRIED_FORWARD
48a494be2746,19,state,Nuevo León,2025,w_aquifer_deficit_share,56.522,% of aquifers,administrative,S03,w_aquifer_deficit_share,,,2023,2023.0,public,AQUIFERS=23|CARRIED_FORWARD
b89b26197d34,19,state,Nuevo León,2026,w_aquifer_deficit_share,56.522,% of aquifers,administrative,S03,w_aquifer_deficit_share,,,2023,2023.0,public,AQUIFERS=23|CARRIED_FORWARD
043949995f5c,19,state,Nuevo León,2027,w_aquifer_deficit_share,56.522,% of aquifers,administrative,S03,w_aquifer_deficit_share,,,2023,2023.0,public,AQUIFERS=23|CARRIED_FORWARD
230b68945e9a,20,state,Oaxaca,2020,w_aquifer_deficit_share,,% of aquifers,unknown,S03,w_aquifer_deficit_share,,,,,public,NO_VINTAGE_FOR_YEAR
2ca78265fcfc,20,state,Oaxaca,2021,w_aquifer_deficit_share,,% of aquifers,unknown,S03,w_aquifer_deficit_share,,,,,public,NO_VINTAGE_FOR_YEAR
94c57897c857,20,state,Oaxaca,2022,w_aquifer_deficit_share,,% of aquifers,unknown,S03,w_aquifer_deficit_share,,,,,public,NO_VINTAGE_FOR_YEAR
eca2dbb2744e,20,state,Oaxaca,2023,w_aquifer_deficit_share,9.524,% of aquifers,administrative,S03,w_aquifer_deficit_share,,,2023,2023.0,public,AQUIFERS=21
eb755ac2343a,20,state,Oaxaca,2024,w_aquifer_deficit_share,9.524,% of aquifers,administrative,S03,w_aquifer_deficit_share,,,2023,2023.0,public,AQUIFERS=21|CARRIED_FORWARD
7174d028c671,20,state,Oaxaca,2025,w_aquifer_deficit_share,9.524,% of aquifers,administrative,S03,w_aquifer_deficit_share,,,2023,2023.0,public,AQUIFERS=21|CARRIED_FORWARD
74f376bf9fbd,20,state,Oaxaca,2026,w_aquifer_deficit_share,9.524,% of aquifers,administrative,S03,w_aquifer_deficit_share,,,2023,2023.0,public,AQUIFERS=21|CARRIED_FORWARD
c8fe128872b0,20,state,Oaxaca,2027,w_aquifer_deficit_share,9.524,% of aquifers,administrative,S03,w_aquifer_deficit_share,,,2023,2023.0,public,AQUIFERS=21|CARRIED_FORWARD
1bbfb486e47c,21,state,Puebla,2020,w_aquifer_deficit_share,,% of aquifers,unknown,S03,w_aquifer_deficit_share,,,,,public,NO_VINTAGE_FOR_YEAR
4e91e8e3bc4b,21,state,Puebla,2021,w_aquifer_deficit_share,,% of aquifers,unknown,S03,w_aquifer_deficit_share,,,,,public,NO_VINTAGE_FOR_YEAR
51b9eff68bb6,21,state,Puebla,2022,w_aquifer_deficit_share,,% of aquifers,unknown,S03,w_aquifer_deficit_share,,,,,public,NO_VINTAGE_FOR_YEAR
5c9cefe0bd0c,21,state,Puebla,2023,w_aquifer_deficit_share,33.333,% of aquifers,administrative,S03,w_aquifer_deficit_share,,,2023,2023.0,public,AQUIFERS=6
45319b4a9bbe,21,state,Puebla,2024,w_aquifer_deficit_share,33.333,% of aquifers,administrative,S03,w_aquifer_deficit_share,,,2023,2023.0,public,AQUIFERS=6|CARRIED_FORWARD
8fb3947005fa,21,state,Puebla,2025,w_aquifer_deficit_share,33.333,% of aquifers,administrative,S03,w_aquifer_deficit_share,,,2023,2023.0,public,AQUIFERS=6|CARRIED_FORWARD
7c79a49b385b,21,state,Puebla,2026,w_aquifer_deficit_share,33.333,% of aquifers,administrative,S03,w_aquifer_deficit_share,,,2023,2023.0,public,AQUIFERS=6|CARRIED_FORWARD
451e34536cec,21,state,Puebla,2027,w_aquifer_deficit_share,33.333,% of aquifers,administrative,S03,w_aquifer_deficit_share,,,2023,2023.0,public,AQUIFERS=6|CARRIED_FORWARD
c174610c9ace,22,state,Querétaro,2020,w_aquifer_deficit_share,,% of aquifers,unknown,S03,w_aquifer_deficit_share,,,,,public,NO_VINTAGE_FOR_YEAR
5545bacfc593,22,state,Querétaro,2021,w_aquifer_deficit_share,,% of aquifers,unknown,S03,w_aquifer_deficit_share,,,,,public,NO_VINTAGE_FOR_YEAR
d2343d08c343,22,state,Querétaro,2022,w_aquifer_deficit_share,,% of aquifers,unknown,S03,w_aquifer_deficit_share,,,,,public,NO_VINTAGE_FOR_YEAR
998d4213af77,22,state,Querétaro,2023,w_aquifer_deficit_share,63.636,% of aquifers,administrative,S03,w_aquifer_deficit_share,,,2023,2023.0,public,AQUIFERS=11
f676b28e4933,22,state,Querétaro,2024,w_aquifer_deficit_share,63.636,% of aquifers,administrative,S03,w_aquifer_deficit_share,,,2023,2023.0,public,AQUIFERS=11|CARRIED_FORWARD
c550b0bd6ef4,22,state,Querétaro,2025,w_aquifer_deficit_share,63.636,% of aquifers,administrative,S03,w_aquifer_deficit_share,,,2023,2023.0,public,AQUIFERS=11|CARRIED_FORWARD
e5e0a94bfa80,22,state,Querétaro,2026,w_aquifer_deficit_share,63.636,% of aquifers,administrative,S03,w_aquifer_deficit_share,,,2023,2023.0,public,AQUIFERS=11|CARRIED_FORWARD
63b6f552f044,22,state,Querétaro,2027,w_aquifer_deficit_share,63.636,% of aquifers,administrative,S03,w_aquifer_deficit_share,,,2023,2023.0,public,AQUIFERS=11|CARRIED_FORWARD
f92799f68906,23,state,Quintana Roo,2020,w_aquifer_deficit_share,,% of aquifers,unknown,S03,w_aquifer_deficit_share,,,,,public,NO_VINTAGE_FOR_YEAR
4e35d3d3da59,23,state,Quintana Roo,2021,w_aquifer_deficit_share,,% of aquifers,unknown,S03,w_aquifer_deficit_share,,,,,public,NO_VINTAGE_FOR_YEAR
d579b417c4ca,23,state,Quintana Roo,2022,w_aquifer_deficit_share,,% of aquifers,unknown,S03,w_aquifer_deficit_share,,,,,public,NO_VINTAGE_FOR_YEAR
46658ee5009a,23,state,Quintana Roo,2023,w_aquifer_deficit_share,0.0,% of aquifers,administrative,S03,w_aquifer_deficit_share,,,2023,2023.0,public,AQUIFERS=2
53eb245d8534,23,state,Quintana Roo,2024,w_aquifer_deficit_share,0.0,% of aquifers,administrative,S03,w_aquifer_deficit_share,,,2023,2023.0,public,AQUIFERS=2|CARRIED_FORWARD
864774c8e6b9,23,state,Quintana Roo,2025,w_aquifer_deficit_share,0.0,% of aquifers,administrative,S03,w_aquifer_deficit_share,,,2023,2023.0,public,AQUIFERS=2|CARRIED_FORWARD
0f500f0bc46e,23,state,Quintana Roo,2026,w_aquifer_deficit_share,0.0,% of aquifers,administrative,S03,w_aquifer_deficit_share,,,2023,2023.0,public,AQUIFERS=2|CARRIED_FORWARD
8b1612fab4fb,23,state,Quintana Roo,2027,w_aquifer_deficit_share,0.0,% of aquifers,administrative,S03,w_aquifer_deficit_share,,,2023,2023.0,public,AQUIFERS=2|CARRIED_FORWARD
e5e86b005550,24,state,San Luis Potosí,2020,w_aquifer_deficit_share,,% of aquifers,unknown,S03,w_aquifer_deficit_share,,,,,public,NO_VINTAGE_FOR_YEAR
a4d998f8b43e,24,state,San Luis Potosí,2021,w_aquifer_deficit_share,,% of aquifers,unknown,S03,w_aquifer_deficit_share,,,,,public,NO_VINTAGE_FOR_YEAR
6fb004a4477f,24,state,San Luis Potosí,2022,w_aquifer_deficit_share,,% of aquifers,unknown,S03,w_aquifer_deficit_share,,,,,public,NO_VINTAGE_FOR_YEAR
49c0dbf83f72,24,state,San Luis Potosí,2023,w_aquifer_deficit_share,57.895,% of aquifers,administrative,S03,w_aquifer_deficit_share,,,2023,2023.0,public,AQUIFERS=19
116b60cc8e0c,24,state,San Luis Potosí,2024,w_aquifer_deficit_share,57.895,% of aquifers,administrative,S03,w_aquifer_deficit_share,,,2023,2023.0,public,AQUIFERS=19|CARRIED_FORWARD
34dbd5c8e15e,24,state,San Luis Potosí,2025,w_aquifer_deficit_share,57.895,% of aquifers,administrative,S03,w_aquifer_deficit_share,,,2023,2023.0,public,AQUIFERS=19|CARRIED_FORWARD
9a96e00e0500,24,state,San Luis Potosí,2026,w_aquifer_deficit_share,57.895,% of aquifers,administrative,S03,w_aquifer_deficit_share,,,2023,2023.0,public,AQUIFERS=19|CARRIED_FORWARD
ab1f9b500b55,24,state,San Luis Potosí,2027,w_aquifer_deficit_share,57.895,% of aquifers,administrative,S03,w_aquifer_deficit_share,,,2023,2023.0,public,AQUIFERS=19|CARRIED_FORWARD
5dfbe1c2bcc7,25,state,Sinaloa,2020,w_aquifer_deficit_share,,% of aquifers,unknown,S03,w_aquifer_deficit_share,,,,,public,NO_VINTAGE_FOR_YEAR
561ff1875fc3,25,state,Sinaloa,2021,w_aquifer_deficit_share,,% of aquifers,unknown,S03,w_aquifer_deficit_share,,,,,public,NO_VINTAGE_FOR_YEAR
eb1a0111a9bc,25,state,Sinaloa,2022,w_aquifer_deficit_share,,% of aquifers,unknown,S03,w_aquifer_deficit_share,,,,,public,NO_VINTAGE_FOR_YEAR
61e6b5dbaed3,25,state,Sinaloa,2023,w_aquifer_deficit_share,57.143,% of aquifers,administrative,S03,w_aquifer_deficit_share,,,2023,2023.0,public,AQUIFERS=14
f2beeb08e46a,25,state,Sinaloa,2024,w_aquifer_deficit_share,57.143,% of aquifers,administrative,S03,w_aquifer_deficit_share,,,2023,2023.0,public,AQUIFERS=14|CARRIED_FORWARD
7bc717518ffa,25,state,Sinaloa,2025,w_aquifer_deficit_share,57.143,% of aquifers,administrative,S03,w_aquifer_deficit_share,,,2023,2023.0,public,AQUIFERS=14|CARRIED_FORWARD
969775a2f8d7,25,state,Sinaloa,2026,w_aquifer_deficit_share,57.143,% of aquifers,administrative,S03,w_aquifer_deficit_share,,,2023,2023.0,public,AQUIFERS=14|CARRIED_FORWARD
407693c16272,25,state,Sinaloa,2027,w_aquifer_deficit_share,57.143,% of aquifers,administrative,S03,w_aquifer_deficit_share,,,2023,2023.0,public,AQUIFERS=14|CARRIED_FORWARD
e91d78856c24,26,state,Sonora,2020,w_aquifer_deficit_share,,% of aquifers,unknown,S03,w_aquifer_deficit_share,,,,,public,NO_VINTAGE_FOR_YEAR
25b1721edef7,26,state,Sonora,2021,w_aquifer_deficit_share,,% of aquifers,unknown,S03,w_aquifer_deficit_share,,,,,public,NO_VINTAGE_FOR_YEAR
eb1c2b37b672,26,state,Sonora,2022,w_aquifer_deficit_share,,% of aquifers,unknown,S03,w_aquifer_deficit_share,,,,,public,NO_VINTAGE_FOR_YEAR
00542889b14d,26,state,Sonora,2023,w_aquifer_deficit_share,38.333,% of aquifers,administrative,S03,w_aquifer_deficit_share,,,2023,2023.0,public,AQUIFERS=60
6de1962a2b17,26,state,Sonora,2024,w_aquifer_deficit_share,38.333,% of aquifers,administrative,S03,w_aquifer_deficit_share,,,2023,2023.0,public,AQUIFERS=60|CARRIED_FORWARD
af5ca4874f27,26,state,Sonora,2025,w_aquifer_deficit_share,38.333,% of aquifers,administrative,S03,w_aquifer_deficit_share,,,2023,2023.0,public,AQUIFERS=60|CARRIED_FORWARD
286950bb517f,26,state,Sonora,2026,w_aquifer_deficit_share,38.333,% of aquifers,administrative,S03,w_aquifer_deficit_share,,,2023,2023.0,public,AQUIFERS=60|CARRIED_FORWARD
cb63713d6f85,26,state,Sonora,2027,w_aquifer_deficit_share,38.333,% of aquifers,administrative,S03,w_aquifer_deficit_share,,,2023,2023.0,public,AQUIFERS=60|CARRIED_FORWARD
7d6694a1e327,27,state,Tabasco,2020,w_aquifer_deficit_share,,% of aquifers,unknown,S03,w_aquifer_deficit_share,,,,,public,NO_VINTAGE_FOR_YEAR
7b765a13dd5f,27,state,Tabasco,2021,w_aquifer_deficit_share,,% of aquifers,unknown,S03,w_aquifer_deficit_share,,,,,public,NO_VINTAGE_FOR_YEAR
95f338e2ddf1,27,state,Tabasco,2022,w_aquifer_deficit_share,,% of aquifers,unknown,S03,w_aquifer_deficit_share,,,,,public,NO_VINTAGE_FOR_YEAR
09eacbc8610a,27,state,Tabasco,2023,w_aquifer_deficit_share,0.0,% of aquifers,administrative,S03,w_aquifer_deficit_share,,,2023,2023.0,public,AQUIFERS=8
888b0dec5512,27,state,Tabasco,2024,w_aquifer_deficit_share,0.0,% of aquifers,administrative,S03,w_aquifer_deficit_share,,,2023,2023.0,public,AQUIFERS=8|CARRIED_FORWARD
4bf04012bd94,27,state,Tabasco,2025,w_aquifer_deficit_share,0.0,% of aquifers,administrative,S03,w_aquifer_deficit_share,,,2023,2023.0,public,AQUIFERS=8|CARRIED_FORWARD
52b440cf88b6,27,state,Tabasco,2026,w_aquifer_deficit_share,0.0,% of aquifers,administrative,S03,w_aquifer_deficit_share,,,2023,2023.0,public,AQUIFERS=8|CARRIED_FORWARD
c24736f3782f,27,state,Tabasco,2027,w_aquifer_deficit_share,0.0,% of aquifers,administrative,S03,w_aquifer_deficit_share,,,2023,2023.0,public,AQUIFERS=8|CARRIED_FORWARD
7b8993216208,28,state,Tamaulipas,2020,w_aquifer_deficit_share,,% of aquifers,unknown,S03,w_aquifer_deficit_share,,,,,public,NO_VINTAGE_FOR_YEAR
4023bd4fd139,28,state,Tamaulipas,2021,w_aquifer_deficit_share,,% of aquifers,unknown,S03,w_aquifer_deficit_share,,,,,public,NO_VINTAGE_FOR_YEAR
bb8974019833,28,state,Tamaulipas,2022,w_aquifer_deficit_share,,% of aquifers,unknown,S03,w_aquifer_deficit_share,,,,,public,NO_VINTAGE_FOR_YEAR
595d64107699,28,state,Tamaulipas,2023,w_aquifer_deficit_share,28.571,% of aquifers,administrative,S03,w_aquifer_deficit_share,,,2023,2023.0,public,AQUIFERS=14
cdd566ac160b,28,state,Tamaulipas,2024,w_aquifer_deficit_share,28.571,% of aquifers,administrative,S03,w_aquifer_deficit_share,,,2023,2023.0,public,AQUIFERS=14|CARRIED_FORWARD
f9cb2d483cbf,28,state,Tamaulipas,2025,w_aquifer_deficit_share,28.571,% of aquifers,administrative,S03,w_aquifer_deficit_share,,,2023,2023.0,public,AQUIFERS=14|CARRIED_FORWARD
b1a772cc79d5,28,state,Tamaulipas,2026,w_aquifer_deficit_share,28.571,% of aquifers,administrative,S03,w_aquifer_deficit_share,,,2023,2023.0,public,AQUIFERS=14|CARRIED_FORWARD
e64caf403e07,28,state,Tamaulipas,2027,w_aquifer_deficit_share,28.571,% of aquifers,administrative,S03,w_aquifer_deficit_share,,,2023,2023.0,public,AQUIFERS=14|CARRIED_FORWARD
d527ca098d2d,29,state,Tlaxcala,2020,w_aquifer_deficit_share,,% of aquifers,unknown,S03,w_aquifer_deficit_share,,,,,public,NO_VINTAGE_FOR_YEAR
bf0b48b00f59,29,state,Tlaxcala,2021,w_aquifer_deficit_share,,% of aquifers,unknown,S03,w_aquifer_deficit_share,,,,,public,NO_VINTAGE_FOR_YEAR
bbbed9e9c864,29,state,Tlaxcala,2022,w_aquifer_deficit_share,,% of aquifers,unknown,S03,w_aquifer_deficit_share,,,,,public,NO_VINTAGE_FOR_YEAR
75dc1ee34091,29,state,Tlaxcala,2023,w_aquifer_deficit_share,0.0,% of aquifers,administrative,S03,w_aquifer_deficit_share,,,2023,2023.0,public,AQUIFERS=4
c1961e9bbe5e,29,state,Tlaxcala,2024,w_aquifer_deficit_share,0.0,% of aquifers,administrative,S03,w_aquifer_deficit_share,,,2023,2023.0,public,AQUIFERS=4|CARRIED_FORWARD
36c5652d3e8c,29,state,Tlaxcala,2025,w_aquifer_deficit_share,0.0,% of aquifers,administrative,S03,w_aquifer_deficit_share,,,2023,2023.0,public,AQUIFERS=4|CARRIED_FORWARD
14e6fe922705,29,state,Tlaxcala,2026,w_aquifer_deficit_share,0.0,% of aquifers,administrative,S03,w_aquifer_deficit_share,,,2023,2023.0,public,AQUIFERS=4|CARRIED_FORWARD
d77415b3db0c,29,state,Tlaxcala,2027,w_aquifer_deficit_share,0.0,% of aquifers,administrative,S03,w_aquifer_deficit_share,,,2023,2023.0,public,AQUIFERS=4|CARRIED_FORWARD
16fb437f3c2f,30,state,Veracruz,2020,w_aquifer_deficit_share,,% of aquifers,unknown,S03,w_aquifer_deficit_share,,,,,public,NO_VINTAGE_FOR_YEAR
9497402d2ca9,30,state,Veracruz,2021,w_aquifer_deficit_share,,% of aquifers,unknown,S03,w_aquifer_deficit_share,,,,,public,NO_VINTAGE_FOR_YEAR
4520b7cfd547,30,state,Veracruz,2022,w_aquifer_deficit_share,,% of aquifers,unknown,S03,w_aquifer_deficit_share,,,,,public,NO_VINTAGE_FOR_YEAR
9f376fe28b95,30,state,Veracruz,2023,w_aquifer_deficit_share,22.222,% of aquifers,administrative,S03,w_aquifer_deficit_share,,,2023,2023.0,public,AQUIFERS=18
e515329dbd2a,30,state,Veracruz,2024,w_aquifer_deficit_share,22.222,% of aquifers,administrative,S03,w_aquifer_deficit_share,,,2023,2023.0,public,AQUIFERS=18|CARRIED_FORWARD
d27039e3f733,30,state,Veracruz,2025,w_aquifer_deficit_share,22.222,% of aquifers,administrative,S03,w_aquifer_deficit_share,,,2023,2023.0,public,AQUIFERS=18|CARRIED_FORWARD
c78281f66824,30,state,Veracruz,2026,w_aquifer_deficit_share,22.222,% of aquifers,administrative,S03,w_aquifer_deficit_share,,,2023,2023.0,public,AQUIFERS=18|CARRIED_FORWARD
da07b0c07758,30,state,Veracruz,2027,w_aquifer_deficit_share,22.222,% of aquifers,administrative,S03,w_aquifer_deficit_share,,,2023,2023.0,public,AQUIFERS=18|CARRIED_FORWARD
e5e6adc5d5b0,31,state,Yucatán,2020,w_aquifer_deficit_share,,% of aquifers,unknown,S03,w_aquifer_deficit_share,,,,,public,NO_VINTAGE_FOR_YEAR
a0fb2e35d0fb,31,state,Yucatán,2021,w_aquifer_deficit_share,,% of aquifers,unknown,S03,w_aquifer_deficit_share,,,,,public,NO_VINTAGE_FOR_YEAR
10fca9600ede,31,state,Yucatán,2022,w_aquifer_deficit_share,,% of aquifers,unknown,S03,w_aquifer_deficit_share,,,,,public,NO_VINTAGE_FOR_YEAR
fb7a5a7070db,31,state,Yucatán,2023,w_aquifer_deficit_share,0.0,% of aquifers,administrative,S03,w_aquifer_deficit_share,,,2023,2023.0,public,AQUIFERS=1
7a67dfb7da4b,31,state,Yucatán,2024,w_aquifer_deficit_share,0.0,% of aquifers,administrative,S03,w_aquifer_deficit_share,,,2023,2023.0,public,AQUIFERS=1|CARRIED_FORWARD
e17ba7976387,31,state,Yucatán,2025,w_aquifer_deficit_share,0.0,% of aquifers,administrative,S03,w_aquifer_deficit_share,,,2023,2023.0,public,AQUIFERS=1|CARRIED_FORWARD
5717e5a3e762,31,state,Yucatán,2026,w_aquifer_deficit_share,0.0,% of aquifers,administrative,S03,w_aquifer_deficit_share,,,2023,2023.0,public,AQUIFERS=1|CARRIED_FORWARD
3903e0fb3da6,31,state,Yucatán,2027,w_aquifer_deficit_share,0.0,% of aquifers,administrative,S03,w_aquifer_deficit_share,,,2023,2023.0,public,AQUIFERS=1|CARRIED_FORWARD
65a997aa73a4,32,state,Zacatecas,2020,w_aquifer_deficit_share,,% of aquifers,unknown,S03,w_aquifer_deficit_share,,,,,public,NO_VINTAGE_FOR_YEAR
2ce042189d41,32,state,Zacatecas,2021,w_aquifer_deficit_share,,% of aquifers,unknown,S03,w_aquifer_deficit_share,,,,,public,NO_VINTAGE_FOR_YEAR
f365a8553c46,32,state,Zacatecas,2022,w_aquifer_deficit_share,,% of aquifers,unknown,S03,w_aquifer_deficit_share,,,,,public,NO_VINTAGE_FOR_YEAR
5c5d9205062f,32,state,Zacatecas,2023,w_aquifer_deficit_share,58.824,% of aquifers,administrative,S03,w_aquifer_deficit_share,,,2023,2023.0,public,AQUIFERS=34
aa3d6372d038,32,state,Zacatecas,2024,w_aquifer_deficit_share,58.824,% of aquifers,administrative,S03,w_aquifer_deficit_share,,,2023,2023.0,public,AQUIFERS=34|CARRIED_FORWARD
2640d4fc6efe,32,state,Zacatecas,2025,w_aquifer_deficit_share,58.824,% of aquifers,administrative,S03,w_aquifer_deficit_share,,,2023,2023.0,public,AQUIFERS=34|CARRIED_FORWARD
c01eca41fabf,32,state,Zacatecas,2026,w_aquifer_deficit_share,58.824,% of aquifers,administrative,S03,w_aquifer_deficit_share,,,2023,2023.0,public,AQUIFERS=34|CARRIED_FORWARD
ccdd4bc11f7c,32,state,Zacatecas,2027,w_aquifer_deficit_share,58.824,% of aquifers,administrative,S03,w_aquifer_deficit_share,,,2023,2023.0,public,AQUIFERS=34|CARRIED_FORWARD
28f88775f3da,01,state,Aguascalientes,2020,w_aquifer_deficit_volume_pc,,m³ per person per year,unknown,S03|S02,w_aquifer_deficit_volume_pc,,,,,public,NO_VINTAGE_FOR_YEAR
44432a277919,01,state,Aguascalientes,2021,w_aquifer_deficit_volume_pc,,m³ per person per year,unknown,S03|S02,w_aquifer_deficit_volume_pc,,,,,public,NO_VINTAGE_FOR_YEAR
e9cb9f86184e,01,state,Aguascalientes,2022,w_aquifer_deficit_volume_pc,,m³ per person per year,unknown,S03|S02,w_aquifer_deficit_volume_pc,,,,,public,NO_VINTAGE_FOR_YEAR
347ccc6bfff0,01,state,Aguascalientes,2023,w_aquifer_deficit_volume_pc,88.862,m³ per person per year,derived,S03|S02,w_aquifer_deficit_volume_pc,,,2023,2023.0,public,AQUIFERS=5
1637c2ff9e77,01,state,Aguascalientes,2024,w_aquifer_deficit_volume_pc,87.739,m³ per person per year,derived,S03|S02,w_aquifer_deficit_volume_pc,,,2023,2023.0,public,AQUIFERS=5|CARRIED_FORWARD
f2d64e4be03f,01,state,Aguascalientes,2025,w_aquifer_deficit_volume_pc,86.666,m³ per person per year,derived,S03|S02,w_aquifer_deficit_volume_pc,,,2023,2023.0,public,AQUIFERS=5|CARRIED_FORWARD
2870573e3d17,01,state,Aguascalientes,2026,w_aquifer_deficit_volume_pc,85.647,m³ per person per year,derived,S03|S02,w_aquifer_deficit_volume_pc,,,2023,2023.0,public,AQUIFERS=5|CARRIED_FORWARD
5f53597dc15c,01,state,Aguascalientes,2027,w_aquifer_deficit_volume_pc,84.682,m³ per person per year,derived,S03|S02,w_aquifer_deficit_volume_pc,,,2023,2023.0,public,AQUIFERS=5|CARRIED_FORWARD
609fd53fa273,02,state,Baja California,2020,w_aquifer_deficit_volume_pc,,m³ per person per year,unknown,S03|S02,w_aquifer_deficit_volume_pc,,,,,public,NO_VINTAGE_FOR_YEAR
e74d95ad5394,02,state,Baja California,2021,w_aquifer_deficit_volume_pc,,m³ per person per year,unknown,S03|S02,w_aquifer_deficit_volume_pc,,,,,public,NO_VINTAGE_FOR_YEAR
5a531399f7c2,02,state,Baja California,2022,w_aquifer_deficit_volume_pc,,m³ per person per year,unknown,S03|S02,w_aquifer_deficit_volume_pc,,,,,public,NO_VINTAGE_FOR_YEAR
dd0338051b8d,02,state,Baja California,2023,w_aquifer_deficit_volume_pc,150.429,m³ per person per year,derived,S03|S02,w_aquifer_deficit_volume_pc,,,2023,2023.0,public,AQUIFERS=48
24eca02ab123,02,state,Baja California,2024,w_aquifer_deficit_volume_pc,148.162,m³ per person per year,derived,S03|S02,w_aquifer_deficit_volume_pc,,,2023,2023.0,public,AQUIFERS=48|CARRIED_FORWARD
c9b17a55fdea,02,state,Baja California,2025,w_aquifer_deficit_volume_pc,146.019,m³ per person per year,derived,S03|S02,w_aquifer_deficit_volume_pc,,,2023,2023.0,public,AQUIFERS=48|CARRIED_FORWARD
7cdf5d6c2e58,02,state,Baja California,2026,w_aquifer_deficit_volume_pc,144.009,m³ per person per year,derived,S03|S02,w_aquifer_deficit_volume_pc,,,2023,2023.0,public,AQUIFERS=48|CARRIED_FORWARD
9fd680c790ad,02,state,Baja California,2027,w_aquifer_deficit_volume_pc,142.128,m³ per person per year,derived,S03|S02,w_aquifer_deficit_volume_pc,,,2023,2023.0,public,AQUIFERS=48|CARRIED_FORWARD
d89198b52d34,03,state,Baja California Sur,2020,w_aquifer_deficit_volume_pc,,m³ per person per year,unknown,S03|S02,w_aquifer_deficit_volume_pc,,,,,public,NO_VINTAGE_FOR_YEAR
41268197bc10,03,state,Baja California Sur,2021,w_aquifer_deficit_volume_pc,,m³ per person per year,unknown,S03|S02,w_aquifer_deficit_volume_pc,,,,,public,NO_VINTAGE_FOR_YEAR
d93455e42c07,03,state,Baja California Sur,2022,w_aquifer_deficit_volume_pc,,m³ per person per year,unknown,S03|S02,w_aquifer_deficit_volume_pc,,,,,public,NO_VINTAGE_FOR_YEAR
f5c02d7bd15c,03,state,Baja California Sur,2023,w_aquifer_deficit_volume_pc,121.143,m³ per person per year,derived,S03|S02,w_aquifer_deficit_volume_pc,,,2023,2023.0,public,AQUIFERS=39
98712065f5e5,03,state,Baja California Sur,2024,w_aquifer_deficit_volume_pc,118.643,m³ per person per year,derived,S03|S02,w_aquifer_deficit_volume_pc,,,2023,2023.0,public,AQUIFERS=39|CARRIED_FORWARD
9898aae02697,03,state,Baja California Sur,2025,w_aquifer_deficit_volume_pc,116.281,m³ per person per year,derived,S03|S02,w_aquifer_deficit_volume_pc,,,2023,2023.0,public,AQUIFERS=39|CARRIED_FORWARD
dd583eea4e72,03,state,Baja California Sur,2026,w_aquifer_deficit_volume_pc,114.05,m³ per person per year,derived,S03|S02,w_aquifer_deficit_volume_pc,,,2023,2023.0,public,AQUIFERS=39|CARRIED_FORWARD
a1ab33f51509,03,state,Baja California Sur,2027,w_aquifer_deficit_volume_pc,111.941,m³ per person per year,derived,S03|S02,w_aquifer_deficit_volume_pc,,,2023,2023.0,public,AQUIFERS=39|CARRIED_FORWARD
380228c50380,04,state,Campeche,2020,w_aquifer_deficit_volume_pc,,m³ per person per year,unknown,S03|S02,w_aquifer_deficit_volume_pc,,,,,public,NO_VINTAGE_FOR_YEAR
7c4feda15e80,04,state,Campeche,2021,w_aquifer_deficit_volume_pc,,m³ per person per year,unknown,S03|S02,w_aquifer_deficit_volume_pc,,,,,public,NO_VINTAGE_FOR_YEAR
8b4101f5182f,04,state,Campeche,2022,w_aquifer_deficit_volume_pc,,m³ per person per year,unknown,S03|S02,w_aquifer_deficit_volume_pc,,,,,public,NO_VINTAGE_FOR_YEAR
699197cd0332,04,state,Campeche,2023,w_aquifer_deficit_volume_pc,-0.0,m³ per person per year,derived,S03|S02,w_aquifer_deficit_volume_pc,,,2023,2023.0,public,AQUIFERS=1
f8e51a180aff,04,state,Campeche,2024,w_aquifer_deficit_volume_pc,-0.0,m³ per person per year,derived,S03|S02,w_aquifer_deficit_volume_pc,,,2023,2023.0,public,AQUIFERS=1|CARRIED_FORWARD
5cb2025ec30d,04,state,Campeche,2025,w_aquifer_deficit_volume_pc,-0.0,m³ per person per year,derived,S03|S02,w_aquifer_deficit_volume_pc,,,2023,2023.0,public,AQUIFERS=1|CARRIED_FORWARD
f7bf46af347b,04,state,Campeche,2026,w_aquifer_deficit_volume_pc,-0.0,m³ per person per year,derived,S03|S02,w_aquifer_deficit_volume_pc,,,2023,2023.0,public,AQUIFERS=1|CARRIED_FORWARD
87daf1c58458,04,state,Campeche,2027,w_aquifer_deficit_volume_pc,-0.0,m³ per person per year,derived,S03|S02,w_aquifer_deficit_volume_pc,,,2023,2023.0,public,AQUIFERS=1|CARRIED_FORWARD
0d66990cefcb,05,state,Coahuila,2020,w_aquifer_deficit_volume_pc,,m³ per person per year,unknown,S03|S02,w_aquifer_deficit_volume_pc,,,,,public,NO_VINTAGE_FOR_YEAR
5bddf8241ad6,05,state,Coahuila,2021,w_aquifer_deficit_volume_pc,,m³ per person per year,unknown,S03|S02,w_aquifer_deficit_volume_pc,,,,,public,NO_VINTAGE_FOR_YEAR
94a252c0ca25,05,state,Coahuila,2022,w_aquifer_deficit_volume_pc,,m³ per person per year,unknown,S03|S02,w_aquifer_deficit_volume_pc,,,,,public,NO_VINTAGE_FOR_YEAR
d2d999df66cf,05,state,Coahuila,2023,w_aquifer_deficit_volume_pc,155.306,m³ per person per year,derived,S03|S02,w_aquifer_deficit_volume_pc,,,2023,2023.0,public,AQUIFERS=28
6fd3ccb2a87a,05,state,Coahuila,2024,w_aquifer_deficit_volume_pc,153.352,m³ per person per year,derived,S03|S02,w_aquifer_deficit_volume_pc,,,2023,2023.0,public,AQUIFERS=28|CARRIED_FORWARD
47d9af4136a4,05,state,Coahuila,2025,w_aquifer_deficit_volume_pc,151.491,m³ per person per year,derived,S03|S02,w_aquifer_deficit_volume_pc,,,2023,2023.0,public,AQUIFERS=28|CARRIED_FORWARD
fbc9f9e74e08,05,state,Coahuila,2026,w_aquifer_deficit_volume_pc,149.724,m³ per person per year,derived,S03|S02,w_aquifer_deficit_volume_pc,,,2023,2023.0,public,AQUIFERS=28|CARRIED_FORWARD
75a1203acaed,05,state,Coahuila,2027,w_aquifer_deficit_volume_pc,148.05,m³ per person per year,derived,S03|S02,w_aquifer_deficit_volume_pc,,,2023,2023.0,public,AQUIFERS=28|CARRIED_FORWARD
1d11ac1a39cf,06,state,Colima,2020,w_aquifer_deficit_volume_pc,,m³ per person per year,unknown,S03|S02,w_aquifer_deficit_volume_pc,,,,,public,NO_VINTAGE_FOR_YEAR
467595fb05aa,06,state,Colima,2021,w_aquifer_deficit_volume_pc,,m³ per person per year,unknown,S03|S02,w_aquifer_deficit_volume_pc,,,,,public,NO_VINTAGE_FOR_YEAR
4a22ad4c07fb,06,state,Colima,2022,w_aquifer_deficit_volume_pc,,m³ per person per year,unknown,S03|S02,w_aquifer_deficit_volume_pc,,,,,public,NO_VINTAGE_FOR_YEAR
3e280b64d420,06,state,Colima,2023,w_aquifer_deficit_volume_pc,7.437,m³ per person per year,derived,S03|S02,w_aquifer_deficit_volume_pc,,,2023,2023.0,public,AQUIFERS=11
3b63cf2ade5d,06,state,Colima,2024,w_aquifer_deficit_volume_pc,7.388,m³ per person per year,derived,S03|S02,w_aquifer_deficit_volume_pc,,,2023,2023.0,public,AQUIFERS=11|CARRIED_FORWARD
761125efb564,06,state,Colima,2025,w_aquifer_deficit_volume_pc,7.343,m³ per person per year,derived,S03|S02,w_aquifer_deficit_volume_pc,,,2023,2023.0,public,AQUIFERS=11|CARRIED_FORWARD
6241443c3732,06,state,Colima,2026,w_aquifer_deficit_volume_pc,7.301,m³ per person per year,derived,S03|S02,w_aquifer_deficit_volume_pc,,,2023,2023.0,public,AQUIFERS=11|CARRIED_FORWARD
4ed5589fc5dc,06,state,Colima,2027,w_aquifer_deficit_volume_pc,7.262,m³ per person per year,derived,S03|S02,w_aquifer_deficit_volume_pc,,,2023,2023.0,public,AQUIFERS=11|CARRIED_FORWARD
71f683035f1e,07,state,Chiapas,2020,w_aquifer_deficit_volume_pc,,m³ per person per year,unknown,S03|S02,w_aquifer_deficit_volume_pc,,,,,public,NO_VINTAGE_FOR_YEAR
aa38b8633230,07,state,Chiapas,2021,w_aquifer_deficit_volume_pc,,m³ per person per year,unknown,S03|S02,w_aquifer_deficit_volume_pc,,,,,public,NO_VINTAGE_FOR_YEAR
fc5f7948e46a,07,state,Chiapas,2022,w_aquifer_deficit_volume_pc,,m³ per person per year,unknown,S03|S02,w_aquifer_deficit_volume_pc,,,,,public,NO_VINTAGE_FOR_YEAR
cf2a55a258df,07,state,Chiapas,2023,w_aquifer_deficit_volume_pc,-0.0,m³ per person per year,derived,S03|S02,w_aquifer_deficit_volume_pc,,,2023,2023.0,public,AQUIFERS=15
1b49f0070d4c,07,state,Chiapas,2024,w_aquifer_deficit_volume_pc,-0.0,m³ per person per year,derived,S03|S02,w_aquifer_deficit_volume_pc,,,2023,2023.0,public,AQUIFERS=15|CARRIED_FORWARD
71a546694143,07,state,Chiapas,2025,w_aquifer_deficit_volume_pc,-0.0,m³ per person per year,derived,S03|S02,w_aquifer_deficit_volume_pc,,,2023,2023.0,public,AQUIFERS=15|CARRIED_FORWARD
552d5ef925da,07,state,Chiapas,2026,w_aquifer_deficit_volume_pc,-0.0,m³ per person per year,derived,S03|S02,w_aquifer_deficit_volume_pc,,,2023,2023.0,public,AQUIFERS=15|CARRIED_FORWARD
11473b54748c,07,state,Chiapas,2027,w_aquifer_deficit_volume_pc,-0.0,m³ per person per year,derived,S03|S02,w_aquifer_deficit_volume_pc,,,2023,2023.0,public,AQUIFERS=15|CARRIED_FORWARD
5a5532f6c415,08,state,Chihuahua,2020,w_aquifer_deficit_volume_pc,,m³ per person per year,unknown,S03|S02,w_aquifer_deficit_volume_pc,,,,,public,NO_VINTAGE_FOR_YEAR
6d5c022b38ad,08,state,Chihuahua,2021,w_aquifer_deficit_volume_pc,,m³ per person per year,unknown,S03|S02,w_aquifer_deficit_volume_pc,,,,,public,NO_VINTAGE_FOR_YEAR
1dbd86823f33,08,state,Chihuahua,2022,w_aquifer_deficit_volume_pc,,m³ per person per year,unknown,S03|S02,w_aquifer_deficit_volume_pc,,,,,public,NO_VINTAGE_FOR_YEAR
b4721bed29c1,08,state,Chihuahua,2023,w_aquifer_deficit_volume_pc,775.86,m³ per person per year,derived,S03|S02,w_aquifer_deficit_volume_pc,,,2023,2023.0,public,AQUIFERS=61
7e8035bf5559,08,state,Chihuahua,2024,w_aquifer_deficit_volume_pc,766.431,m³ per person per year,derived,S03|S02,w_aquifer_deficit_volume_pc,,,2023,2023.0,public,AQUIFERS=61|CARRIED_FORWARD
6c9c44f109cd,08,state,Chihuahua,2025,w_aquifer_deficit_volume_pc,757.593,m³ per person per year,derived,S03|S02,w_aquifer_deficit_volume_pc,,,2023,2023.0,public,AQUIFERS=61|CARRIED_FORWARD
70ab01c6f16c,08,state,Chihuahua,2026,w_aquifer_deficit_volume_pc,749.404,m³ per person per year,derived,S03|S02,w_aquifer_deficit_volume_pc,,,2023,2023.0,public,AQUIFERS=61|CARRIED_FORWARD
0cd9587f4457,08,state,Chihuahua,2027,w_aquifer_deficit_volume_pc,741.861,m³ per person per year,derived,S03|S02,w_aquifer_deficit_volume_pc,,,2023,2023.0,public,AQUIFERS=61|CARRIED_FORWARD
bd276f36d6c9,09,state,Ciudad de México,2020,w_aquifer_deficit_volume_pc,,m³ per person per year,unknown,S03|S02,w_aquifer_deficit_volume_pc,,,,,public,NO_VINTAGE_FOR_YEAR
7812e4f6d1e2,09,state,Ciudad de México,2021,w_aquifer_deficit_volume_pc,,m³ per person per year,unknown,S03|S02,w_aquifer_deficit_volume_pc,,,,,public,NO_VINTAGE_FOR_YEAR
7bc8325de481,09,state,Ciudad de México,2022,w_aquifer_deficit_volume_pc,,m³ per person per year,unknown,S03|S02,w_aquifer_deficit_volume_pc,,,,,public,NO_VINTAGE_FOR_YEAR
c055806c98b8,09,state,Ciudad de México,2023,w_aquifer_deficit_volume_pc,52.098,m³ per person per year,derived,S03|S02,w_aquifer_deficit_volume_pc,,,2023,2023.0,public,AQUIFERS=1
48c9595d9e14,09,state,Ciudad de México,2024,w_aquifer_deficit_volume_pc,52.198,m³ per person per year,derived,S03|S02,w_aquifer_deficit_volume_pc,,,2023,2023.0,public,AQUIFERS=1|CARRIED_FORWARD
fb5821e745a2,09,state,Ciudad de México,2025,w_aquifer_deficit_volume_pc,52.314,m³ per person per year,derived,S03|S02,w_aquifer_deficit_volume_pc,,,2023,2023.0,public,AQUIFERS=1|CARRIED_FORWARD
b575d13a08e1,09,state,Ciudad de México,2026,w_aquifer_deficit_volume_pc,52.449,m³ per person per year,derived,S03|S02,w_aquifer_deficit_volume_pc,,,2023,2023.0,public,AQUIFERS=1|CARRIED_FORWARD
de5accee255c,09,state,Ciudad de México,2027,w_aquifer_deficit_volume_pc,52.605,m³ per person per year,derived,S03|S02,w_aquifer_deficit_volume_pc,,,2023,2023.0,public,AQUIFERS=1|CARRIED_FORWARD
9c487cb39283,10,state,Durango,2020,w_aquifer_deficit_volume_pc,,m³ per person per year,unknown,S03|S02,w_aquifer_deficit_volume_pc,,,,,public,NO_VINTAGE_FOR_YEAR
8b2ea6804f2f,10,state,Durango,2021,w_aquifer_deficit_volume_pc,,m³ per person per year,unknown,S03|S02,w_aquifer_deficit_volume_pc,,,,,public,NO_VINTAGE_FOR_YEAR
81ff084c2f5b,10,state,Durango,2022,w_aquifer_deficit_volume_pc,,m³ per person per year,unknown,S03|S02,w_aquifer_deficit_volume_pc,,,,,public,NO_VINTAGE_FOR_YEAR
19af4b48e013,10,state,Durango,2023,w_aquifer_deficit_volume_pc,152.026,m³ per person per year,derived,S03|S02,w_aquifer_deficit_volume_pc,,,2023,2023.0,public,AQUIFERS=29
1d024b9c289f,10,state,Durango,2024,w_aquifer_deficit_volume_pc,150.888,m³ per person per year,derived,S03|S02,w_aquifer_deficit_volume_pc,,,2023,2023.0,public,AQUIFERS=29|CARRIED_FORWARD
bb7146deb3ea,10,state,Durango,2025,w_aquifer_deficit_volume_pc,149.843,m³ per person per year,derived,S03|S02,w_aquifer_deficit_volume_pc,,,2023,2023.0,public,AQUIFERS=29|CARRIED_FORWARD
c5bac3b6fb6f,10,state,Durango,2026,w_aquifer_deficit_volume_pc,148.888,m³ per person per year,derived,S03|S02,w_aquifer_deficit_volume_pc,,,2023,2023.0,public,AQUIFERS=29|CARRIED_FORWARD
eeb33c070295,10,state,Durango,2027,w_aquifer_deficit_volume_pc,148.019,m³ per person per year,derived,S03|S02,w_aquifer_deficit_volume_pc,,,2023,2023.0,public,AQUIFERS=29|CARRIED_FORWARD
c7365026bef1,11,state,Guanajuato,2020,w_aquifer_deficit_volume_pc,,m³ per person per year,unknown,S03|S02,w_aquifer_deficit_volume_pc,,,,,public,NO_VINTAGE_FOR_YEAR
a5a014e6a34a,11,state,Guanajuato,2021,w_aquifer_deficit_volume_pc,,m³ per person per year,unknown,S03|S02,w_aquifer_deficit_volume_pc,,,,,public,NO_VINTAGE_FOR_YEAR
f29f5d4ab1cf,11,state,Guanajuato,2022,w_aquifer_deficit_volume_pc,,m³ per person per year,unknown,S03|S02,w_aquifer_deficit_volume_pc,,,,,public,NO_VINTAGE_FOR_YEAR
b822b62abd87,11,state,Guanajuato,2023,w_aquifer_deficit_volume_pc,105.376,m³ per person per year,derived,S03|S02,w_aquifer_deficit_volume_pc,,,2023,2023.0,public,AQUIFERS=18
15f7a40e78f4,11,state,Guanajuato,2024,w_aquifer_deficit_volume_pc,104.416,m³ per person per year,derived,S03|S02,w_aquifer_deficit_volume_pc,,,2023,2023.0,public,AQUIFERS=18|CARRIED_FORWARD
0dc229e54487,11,state,Guanajuato,2025,w_aquifer_deficit_volume_pc,103.519,m³ per person per year,derived,S03|S02,w_aquifer_deficit_volume_pc,,,2023,2023.0,public,AQUIFERS=18|CARRIED_FORWARD
88d0543a9960,11,state,Guanajuato,2026,w_aquifer_deficit_volume_pc,102.686,m³ per person per year,derived,S03|S02,w_aquifer_deficit_volume_pc,,,2023,2023.0,public,AQUIFERS=18|CARRIED_FORWARD
5ab1f9fc9fc1,11,state,Guanajuato,2027,w_aquifer_deficit_volume_pc,101.911,m³ per person per year,derived,S03|S02,w_aquifer_deficit_volume_pc,,,2023,2023.0,public,AQUIFERS=18|CARRIED_FORWARD
f25ca78bf68d,12,state,Guerrero,2020,w_aquifer_deficit_volume_pc,,m³ per person per year,unknown,S03|S02,w_aquifer_deficit_volume_pc,,,,,public,NO_VINTAGE_FOR_YEAR
2c7653fca8b4,12,state,Guerrero,2021,w_aquifer_deficit_volume_pc,,m³ per person per year,unknown,S03|S02,w_aquifer_deficit_volume_pc,,,,,public,NO_VINTAGE_FOR_YEAR
6d7dfa573e54,12,state,Guerrero,2022,w_aquifer_deficit_volume_pc,,m³ per person per year,unknown,S03|S02,w_aquifer_deficit_volume_pc,,,,,public,NO_VINTAGE_FOR_YEAR
ac545f787c65,12,state,Guerrero,2023,w_aquifer_deficit_volume_pc,0.751,m³ per person per year,derived,S03|S02,w_aquifer_deficit_volume_pc,,,2023,2023.0,public,AQUIFERS=35
0db9a1da5714,12,state,Guerrero,2024,w_aquifer_deficit_volume_pc,0.75,m³ per person per year,derived,S03|S02,w_aquifer_deficit_volume_pc,,,2023,2023.0,public,AQUIFERS=35|CARRIED_FORWARD
bdbacb82d635,12,state,Guerrero,2025,w_aquifer_deficit_volume_pc,0.75,m³ per person per year,derived,S03|S02,w_aquifer_deficit_volume_pc,,,2023,2023.0,public,AQUIFERS=35|CARRIED_FORWARD
75660566fe81,12,state,Guerrero,2026,w_aquifer_deficit_volume_pc,0.75,m³ per person per year,derived,S03|S02,w_aquifer_deficit_volume_pc,,,2023,2023.0,public,AQUIFERS=35|CARRIED_FORWARD
42f627f3ffbe,12,state,Guerrero,2027,w_aquifer_deficit_volume_pc,0.751,m³ per person per year,derived,S03|S02,w_aquifer_deficit_volume_pc,,,2023,2023.0,public,AQUIFERS=35|CARRIED_FORWARD
79f176a69c94,13,state,Hidalgo,2020,w_aquifer_deficit_volume_pc,,m³ per person per year,unknown,S03|S02,w_aquifer_deficit_volume_pc,,,,,public,NO_VINTAGE_FOR_YEAR
0537be49e8a5,13,state,Hidalgo,2021,w_aquifer_deficit_volume_pc,,m³ per person per year,unknown,S03|S02,w_aquifer_deficit_volume_pc,,,,,public,NO_VINTAGE_FOR_YEAR
dee3a780fbf7,13,state,Hidalgo,2022,w_aquifer_deficit_volume_pc,,m³ per person per year,unknown,S03|S02,w_aquifer_deficit_volume_pc,,,,,public,NO_VINTAGE_FOR_YEAR
d5e8a02eed68,13,state,Hidalgo,2023,w_aquifer_deficit_volume_pc,8.378,m³ per person per year,derived,S03|S02,w_aquifer_deficit_volume_pc,,,2023,2023.0,public,AQUIFERS=21
64d9bccb7ffe,13,state,Hidalgo,2024,w_aquifer_deficit_volume_pc,8.284,m³ per person per year,derived,S03|S02,w_aquifer_deficit_volume_pc,,,2023,2023.0,public,AQUIFERS=21|CARRIED_FORWARD
e1ab56249894,13,state,Hidalgo,2025,w_aquifer_deficit_volume_pc,8.195,m³ per person per year,derived,S03|S02,w_aquifer_deficit_volume_pc,,,2023,2023.0,public,AQUIFERS=21|CARRIED_FORWARD
51c1ce6c518b,13,state,Hidalgo,2026,w_aquifer_deficit_volume_pc,8.111,m³ per person per year,derived,S03|S02,w_aquifer_deficit_volume_pc,,,2023,2023.0,public,AQUIFERS=21|CARRIED_FORWARD
7583406c576e,13,state,Hidalgo,2027,w_aquifer_deficit_volume_pc,8.032,m³ per person per year,derived,S03|S02,w_aquifer_deficit_volume_pc,,,2023,2023.0,public,AQUIFERS=21|CARRIED_FORWARD
afdeab24c7f3,14,state,Jalisco,2020,w_aquifer_deficit_volume_pc,,m³ per person per year,unknown,S03|S02,w_aquifer_deficit_volume_pc,,,,,public,NO_VINTAGE_FOR_YEAR
e0d3d8af312c,14,state,Jalisco,2021,w_aquifer_deficit_volume_pc,,m³ per person per year,unknown,S03|S02,w_aquifer_deficit_volume_pc,,,,,public,NO_VINTAGE_FOR_YEAR
4d6429a920ac,14,state,Jalisco,2022,w_aquifer_deficit_volume_pc,,m³ per person per year,unknown,S03|S02,w_aquifer_deficit_volume_pc,,,,,public,NO_VINTAGE_FOR_YEAR
c2735ff1d6f1,14,state,Jalisco,2023,w_aquifer_deficit_volume_pc,52.016,m³ per person per year,derived,S03|S02,w_aquifer_deficit_volume_pc,,,2023,2023.0,public,AQUIFERS=59
15f40056f38e,14,state,Jalisco,2024,w_aquifer_deficit_volume_pc,51.513,m³ per person per year,derived,S03|S02,w_aquifer_deficit_volume_pc,,,2023,2023.0,public,AQUIFERS=59|CARRIED_FORWARD
f3e363d9c44d,14,state,Jalisco,2025,w_aquifer_deficit_volume_pc,51.036,m³ per person per year,derived,S03|S02,w_aquifer_deficit_volume_pc,,,2023,2023.0,public,AQUIFERS=59|CARRIED_FORWARD
c59295b951d9,14,state,Jalisco,2026,w_aquifer_deficit_volume_pc,50.589,m³ per person per year,derived,S03|S02,w_aquifer_deficit_volume_pc,,,2023,2023.0,public,AQUIFERS=59|CARRIED_FORWARD
f79664f8b986,14,state,Jalisco,2027,w_aquifer_deficit_volume_pc,50.171,m³ per person per year,derived,S03|S02,w_aquifer_deficit_volume_pc,,,2023,2023.0,public,AQUIFERS=59|CARRIED_FORWARD
40c2a9b5de93,15,state,Estado de México,2020,w_aquifer_deficit_volume_pc,,m³ per person per year,unknown,S03|S02,w_aquifer_deficit_volume_pc,,,,,public,NO_VINTAGE_FOR_YEAR
e4ca0114fb84,15,state,Estado de México,2021,w_aquifer_deficit_volume_pc,,m³ per person per year,unknown,S03|S02,w_aquifer_deficit_volume_pc,,,,,public,NO_VINTAGE_FOR_YEAR
0c7b239813cc,15,state,Estado de México,2022,w_aquifer_deficit_volume_pc,,m³ per person per year,unknown,S03|S02,w_aquifer_deficit_volume_pc,,,,,public,NO_VINTAGE_FOR_YEAR
8a8e958a82fa,15,state,Estado de México,2023,w_aquifer_deficit_volume_pc,32.132,m³ per person per year,derived,S03|S02,w_aquifer_deficit_volume_pc,,,2023,2023.0,public,AQUIFERS=9
b155cee9dbc2,15,state,Estado de México,2024,w_aquifer_deficit_volume_pc,31.922,m³ per person per year,derived,S03|S02,w_aquifer_deficit_volume_pc,,,2023,2023.0,public,AQUIFERS=9|CARRIED_FORWARD
efb8268a24dd,15,state,Estado de México,2025,w_aquifer_deficit_volume_pc,31.729,m³ per person per year,derived,S03|S02,w_aquifer_deficit_volume_pc,,,2023,2023.0,public,AQUIFERS=9|CARRIED_FORWARD
b74476033ccb,15,state,Estado de México,2026,w_aquifer_deficit_volume_pc,31.552,m³ per person per year,derived,S03|S02,w_aquifer_deficit_volume_pc,,,2023,2023.0,public,AQUIFERS=9|CARRIED_FORWARD
8f9b68cda0a7,15,state,Estado de México,2027,w_aquifer_deficit_volume_pc,31.391,m³ per person per year,derived,S03|S02,w_aquifer_deficit_volume_pc,,,2023,2023.0,public,AQUIFERS=9|CARRIED_FORWARD
bf8b00f88b58,16,state,Michoacán,2020,w_aquifer_deficit_volume_pc,,m³ per person per year,unknown,S03|S02,w_aquifer_deficit_volume_pc,,,,,public,NO_VINTAGE_FOR_YEAR
c2d7b1a40fea,16,state,Michoacán,2021,w_aquifer_deficit_volume_pc,,m³ per person per year,unknown,S03|S02,w_aquifer_deficit_volume_pc,,,,,public,NO_VINTAGE_FOR_YEAR
831fc4650f6c,16,state,Michoacán,2022,w_aquifer_deficit_volume_pc,,m³ per person per year,unknown,S03|S02,w_aquifer_deficit_volume_pc,,,,,public,NO_VINTAGE_FOR_YEAR
08dc4e5f8483,16,state,Michoacán,2023,w_aquifer_deficit_volume_pc,36.025,m³ per person per year,derived,S03|S02,w_aquifer_deficit_volume_pc,,,2023,2023.0,public,AQUIFERS=22
7a262cd45927,16,state,Michoacán,2024,w_aquifer_deficit_volume_pc,35.678,m³ per person per year,derived,S03|S02,w_aquifer_deficit_volume_pc,,,2023,2023.0,public,AQUIFERS=22|CARRIED_FORWARD
6cf87c0111cf,16,state,Michoacán,2025,w_aquifer_deficit_volume_pc,35.35,m³ per person per year,derived,S03|S02,w_aquifer_deficit_volume_pc,,,2023,2023.0,public,AQUIFERS=22|CARRIED_FORWARD
4660553196e2,16,state,Michoacán,2026,w_aquifer_deficit_volume_pc,35.042,m³ per person per year,derived,S03|S02,w_aquifer_deficit_volume_pc,,,2023,2023.0,public,AQUIFERS=22|CARRIED_FORWARD
7bcfce854024,16,state,Michoacán,2027,w_aquifer_deficit_volume_pc,34.754,m³ per person per year,derived,S03|S02,w_aquifer_deficit_volume_pc,,,2023,2023.0,public,AQUIFERS=22|CARRIED_FORWARD
0524b70041ae,17,state,Morelos,2020,w_aquifer_deficit_volume_pc,,m³ per person per year,unknown,S03|S02,w_aquifer_deficit_volume_pc,,,,,public,NO_VINTAGE_FOR_YEAR
dbe275828bf2,17,state,Morelos,2021,w_aquifer_deficit_volume_pc,,m³ per person per year,unknown,S03|S02,w_aquifer_deficit_volume_pc,,,,,public,NO_VINTAGE_FOR_YEAR
bf7ce33a5932,17,state,Morelos,2022,w_aquifer_deficit_volume_pc,,m³ per person per year,unknown,S03|S02,w_aquifer_deficit_volume_pc,,,,,public,NO_VINTAGE_FOR_YEAR
26252cba213e,17,state,Morelos,2023,w_aquifer_deficit_volume_pc,0.348,m³ per person per year,derived,S03|S02,w_aquifer_deficit_volume_pc,,,2023,2023.0,public,AQUIFERS=4
67eae23e8f67,17,state,Morelos,2024,w_aquifer_deficit_volume_pc,0.345,m³ per person per year,derived,S03|S02,w_aquifer_deficit_volume_pc,,,2023,2023.0,public,AQUIFERS=4|CARRIED_FORWARD
aa7b7c8bcbb3,17,state,Morelos,2025,w_aquifer_deficit_volume_pc,0.343,m³ per person per year,derived,S03|S02,w_aquifer_deficit_volume_pc,,,2023,2023.0,public,AQUIFERS=4|CARRIED_FORWARD
9db70e1e162d,17,state,Morelos,2026,w_aquifer_deficit_volume_pc,0.341,m³ per person per year,derived,S03|S02,w_aquifer_deficit_volume_pc,,,2023,2023.0,public,AQUIFERS=4|CARRIED_FORWARD
83250a2c4440,17,state,Morelos,2027,w_aquifer_deficit_volume_pc,0.34,m³ per person per year,derived,S03|S02,w_aquifer_deficit_volume_pc,,,2023,2023.0,public,AQUIFERS=4|CARRIED_FORWARD
3c73fa1071ae,18,state,Nayarit,2020,w_aquifer_deficit_volume_pc,,m³ per person per year,unknown,S03|S02,w_aquifer_deficit_volume_pc,,,,,public,NO_VINTAGE_FOR_YEAR
3ba22c8c169a,18,state,Nayarit,2021,w_aquifer_deficit_volume_pc,,m³ per person per year,unknown,S03|S02,w_aquifer_deficit_volume_pc,,,,,public,NO_VINTAGE_FOR_YEAR
779a23f36dc4,18,state,Nayarit,2022,w_aquifer_deficit_volume_pc,,m³ per person per year,unknown,S03|S02,w_aquifer_deficit_volume_pc,,,,,public,NO_VINTAGE_FOR_YEAR
994700bb28a3,18,state,Nayarit,2023,w_aquifer_deficit_volume_pc,30.847,m³ per person per year,derived,S03|S02,w_aquifer_deficit_volume_pc,,,2023,2023.0,public,AQUIFERS=12
df15aa1f5148,18,state,Nayarit,2024,w_aquifer_deficit_volume_pc,30.486,m³ per person per year,derived,S03|S02,w_aquifer_deficit_volume_pc,,,2023,2023.0,public,AQUIFERS=12|CARRIED_FORWARD
c1d2c326f550,18,state,Nayarit,2025,w_aquifer_deficit_volume_pc,30.145,m³ per person per year,derived,S03|S02,w_aquifer_deficit_volume_pc,,,2023,2023.0,public,AQUIFERS=12|CARRIED_FORWARD
71be54a3f3d1,18,state,Nayarit,2026,w_aquifer_deficit_volume_pc,29.824,m³ per person per year,derived,S03|S02,w_aquifer_deficit_volume_pc,,,2023,2023.0,public,AQUIFERS=12|CARRIED_FORWARD
19d0fe37cd86,18,state,Nayarit,2027,w_aquifer_deficit_volume_pc,29.526,m³ per person per year,derived,S03|S02,w_aquifer_deficit_volume_pc,,,2023,2023.0,public,AQUIFERS=12|CARRIED_FORWARD
8b7a994fea41,19,state,Nuevo León,2020,w_aquifer_deficit_volume_pc,,m³ per person per year,unknown,S03|S02,w_aquifer_deficit_volume_pc,,,,,public,NO_VINTAGE_FOR_YEAR
b45b941ada95,19,state,Nuevo León,2021,w_aquifer_deficit_volume_pc,,m³ per person per year,unknown,S03|S02,w_aquifer_deficit_volume_pc,,,,,public,NO_VINTAGE_FOR_YEAR
462b160ebc22,19,state,Nuevo León,2022,w_aquifer_deficit_volume_pc,,m³ per person per year,unknown,S03|S02,w_aquifer_deficit_volume_pc,,,,,public,NO_VINTAGE_FOR_YEAR
4233b0aebd4c,19,state,Nuevo León,2023,w_aquifer_deficit_volume_pc,61.443,m³ per person per year,derived,S03|S02,w_aquifer_deficit_volume_pc,,,2023,2023.0,public,AQUIFERS=23
a97b9c48bc29,19,state,Nuevo León,2024,w_aquifer_deficit_volume_pc,60.41,m³ per person per year,derived,S03|S02,w_aquifer_deficit_volume_pc,,,2023,2023.0,public,AQUIFERS=23|CARRIED_FORWARD
7e3795d5bd8d,19,state,Nuevo León,2025,w_aquifer_deficit_volume_pc,59.422,m³ per person per year,derived,S03|S02,w_aquifer_deficit_volume_pc,,,2023,2023.0,public,AQUIFERS=23|CARRIED_FORWARD
60e930afab1d,19,state,Nuevo León,2026,w_aquifer_deficit_volume_pc,58.482,m³ per person per year,derived,S03|S02,w_aquifer_deficit_volume_pc,,,2023,2023.0,public,AQUIFERS=23|CARRIED_FORWARD
250f20779abd,19,state,Nuevo León,2027,w_aquifer_deficit_volume_pc,57.591,m³ per person per year,derived,S03|S02,w_aquifer_deficit_volume_pc,,,2023,2023.0,public,AQUIFERS=23|CARRIED_FORWARD
771d115613b6,20,state,Oaxaca,2020,w_aquifer_deficit_volume_pc,,m³ per person per year,unknown,S03|S02,w_aquifer_deficit_volume_pc,,,,,public,NO_VINTAGE_FOR_YEAR
b052a157c8a9,20,state,Oaxaca,2021,w_aquifer_deficit_volume_pc,,m³ per person per year,unknown,S03|S02,w_aquifer_deficit_volume_pc,,,,,public,NO_VINTAGE_FOR_YEAR
02a0333df3e6,20,state,Oaxaca,2022,w_aquifer_deficit_volume_pc,,m³ per person per year,unknown,S03|S02,w_aquifer_deficit_volume_pc,,,,,public,NO_VINTAGE_FOR_YEAR
1c5577663cff,20,state,Oaxaca,2023,w_aquifer_deficit_volume_pc,2.537,m³ per person per year,derived,S03|S02,w_aquifer_deficit_volume_pc,,,2023,2023.0,public,AQUIFERS=21
cacb08995ff4,20,state,Oaxaca,2024,w_aquifer_deficit_volume_pc,2.518,m³ per person per year,derived,S03|S02,w_aquifer_deficit_volume_pc,,,2023,2023.0,public,AQUIFERS=21|CARRIED_FORWARD
7954d470d583,20,state,Oaxaca,2025,w_aquifer_deficit_volume_pc,2.501,m³ per person per year,derived,S03|S02,w_aquifer_deficit_volume_pc,,,2023,2023.0,public,AQUIFERS=21|CARRIED_FORWARD
c99396b15fa5,20,state,Oaxaca,2026,w_aquifer_deficit_volume_pc,2.484,m³ per person per year,derived,S03|S02,w_aquifer_deficit_volume_pc,,,2023,2023.0,public,AQUIFERS=21|CARRIED_FORWARD
6be2b5d33f29,20,state,Oaxaca,2027,w_aquifer_deficit_volume_pc,2.468,m³ per person per year,derived,S03|S02,w_aquifer_deficit_volume_pc,,,2023,2023.0,public,AQUIFERS=21|CARRIED_FORWARD
ef4d6ee3d6b3,21,state,Puebla,2020,w_aquifer_deficit_volume_pc,,m³ per person per year,unknown,S03|S02,w_aquifer_deficit_volume_pc,,,,,public,NO_VINTAGE_FOR_YEAR
466af9996e79,21,state,Puebla,2021,w_aquifer_deficit_volume_pc,,m³ per person per year,unknown,S03|S02,w_aquifer_deficit_volume_pc,,,,,public,NO_VINTAGE_FOR_YEAR
028cb4f5fd1f,21,state,Puebla,2022,w_aquifer_deficit_volume_pc,,m³ per person per year,unknown,S03|S02,w_aquifer_deficit_volume_pc,,,,,public,NO_VINTAGE_FOR_YEAR
f44554c7c009,21,state,Puebla,2023,w_aquifer_deficit_volume_pc,12.02,m³ per person per year,derived,S03|S02,w_aquifer_deficit_volume_pc,,,2023,2023.0,public,AQUIFERS=6
d83e7aac37a3,21,state,Puebla,2024,w_aquifer_deficit_volume_pc,11.879,m³ per person per year,derived,S03|S02,w_aquifer_deficit_volume_pc,,,2023,2023.0,public,AQUIFERS=6|CARRIED_FORWARD
37bccec6369c,21,state,Puebla,2025,w_aquifer_deficit_volume_pc,11.744,m³ per person per year,derived,S03|S02,w_aquifer_deficit_volume_pc,,,2023,2023.0,public,AQUIFERS=6|CARRIED_FORWARD
eb84ff567b97,21,state,Puebla,2026,w_aquifer_deficit_volume_pc,11.614,m³ per person per year,derived,S03|S02,w_aquifer_deficit_volume_pc,,,2023,2023.0,public,AQUIFERS=6|CARRIED_FORWARD
838ecdcd245d,21,state,Puebla,2027,w_aquifer_deficit_volume_pc,11.49,m³ per person per year,derived,S03|S02,w_aquifer_deficit_volume_pc,,,2023,2023.0,public,AQUIFERS=6|CARRIED_FORWARD
45846881bd25,22,state,Querétaro,2020,w_aquifer_deficit_volume_pc,,m³ per person per year,unknown,S03|S02,w_aquifer_deficit_volume_pc,,,,,public,NO_VINTAGE_FOR_YEAR
f48117246ce3,22,state,Querétaro,2021,w_aquifer_deficit_volume_pc,,m³ per person per year,unknown,S03|S02,w_aquifer_deficit_volume_pc,,,,,public,NO_VINTAGE_FOR_YEAR
02280703a578,22,state,Querétaro,2022,w_aquifer_deficit_volume_pc,,m³ per person per year,unknown,S03|S02,w_aquifer_deficit_volume_pc,,,,,public,NO_VINTAGE_FOR_YEAR
947f1bffbc4e,22,state,Querétaro,2023,w_aquifer_deficit_volume_pc,67.676,m³ per person per year,derived,S03|S02,w_aquifer_deficit_volume_pc,,,2023,2023.0,public,AQUIFERS=11
c391bd622c86,22,state,Querétaro,2024,w_aquifer_deficit_volume_pc,66.41,m³ per person per year,derived,S03|S02,w_aquifer_deficit_volume_pc,,,2023,2023.0,public,AQUIFERS=11|CARRIED_FORWARD
2fc1194100fc,22,state,Querétaro,2025,w_aquifer_deficit_volume_pc,65.216,m³ per person per year,derived,S03|S02,w_aquifer_deficit_volume_pc,,,2023,2023.0,public,AQUIFERS=11|CARRIED_FORWARD
7c0d023140b8,22,state,Querétaro,2026,w_aquifer_deficit_volume_pc,64.092,m³ per person per year,derived,S03|S02,w_aquifer_deficit_volume_pc,,,2023,2023.0,public,AQUIFERS=11|CARRIED_FORWARD
15576176f6d5,22,state,Querétaro,2027,w_aquifer_deficit_volume_pc,63.033,m³ per person per year,derived,S03|S02,w_aquifer_deficit_volume_pc,,,2023,2023.0,public,AQUIFERS=11|CARRIED_FORWARD
0f1307363531,23,state,Quintana Roo,2020,w_aquifer_deficit_volume_pc,,m³ per person per year,unknown,S03|S02,w_aquifer_deficit_volume_pc,,,,,public,NO_VINTAGE_FOR_YEAR
be8da35c70a1,23,state,Quintana Roo,2021,w_aquifer_deficit_volume_pc,,m³ per person per year,unknown,S03|S02,w_aquifer_deficit_volume_pc,,,,,public,NO_VINTAGE_FOR_YEAR
8cf19df6cde5,23,state,Quintana Roo,2022,w_aquifer_deficit_volume_pc,,m³ per person per year,unknown,S03|S02,w_aquifer_deficit_volume_pc,,,,,public,NO_VINTAGE_FOR_YEAR
abc8b77a3fe0,23,state,Quintana Roo,2023,w_aquifer_deficit_volume_pc,-0.0,m³ per person per year,derived,S03|S02,w_aquifer_deficit_volume_pc,,,2023,2023.0,public,AQUIFERS=2
c8328b783474,23,state,Quintana Roo,2024,w_aquifer_deficit_volume_pc,-0.0,m³ per person per year,derived,S03|S02,w_aquifer_deficit_volume_pc,,,2023,2023.0,public,AQUIFERS=2|CARRIED_FORWARD
25984ad5d6c1,23,state,Quintana Roo,2025,w_aquifer_deficit_volume_pc,-0.0,m³ per person per year,derived,S03|S02,w_aquifer_deficit_volume_pc,,,2023,2023.0,public,AQUIFERS=2|CARRIED_FORWARD
0f406cbec375,23,state,Quintana Roo,2026,w_aquifer_deficit_volume_pc,-0.0,m³ per person per year,derived,S03|S02,w_aquifer_deficit_volume_pc,,,2023,2023.0,public,AQUIFERS=2|CARRIED_FORWARD
82cf19c72f93,23,state,Quintana Roo,2027,w_aquifer_deficit_volume_pc,-0.0,m³ per person per year,derived,S03|S02,w_aquifer_deficit_volume_pc,,,2023,2023.0,public,AQUIFERS=2|CARRIED_FORWARD
89af59a8f555,24,state,San Luis Potosí,2020,w_aquifer_deficit_volume_pc,,m³ per person per year,unknown,S03|S02,w_aquifer_deficit_volume_pc,,,,,public,NO_VINTAGE_FOR_YEAR
8da138245017,24,state,San Luis Potosí,2021,w_aquifer_deficit_volume_pc,,m³ per person per year,unknown,S03|S02,w_aquifer_deficit_volume_pc,,,,,public,NO_VINTAGE_FOR_YEAR
86864878208c,24,state,San Luis Potosí,2022,w_aquifer_deficit_volume_pc,,m³ per person per year,unknown,S03|S02,w_aquifer_deficit_volume_pc,,,,,public,NO_VINTAGE_FOR_YEAR
390bab143ef1,24,state,San Luis Potosí,2023,w_aquifer_deficit_volume_pc,105.343,m³ per person per year,derived,S03|S02,w_aquifer_deficit_volume_pc,,,2023,2023.0,public,AQUIFERS=19
006263b0728e,24,state,San Luis Potosí,2024,w_aquifer_deficit_volume_pc,104.459,m³ per person per year,derived,S03|S02,w_aquifer_deficit_volume_pc,,,2023,2023.0,public,AQUIFERS=19|CARRIED_FORWARD
a3e6fd3fe76f,24,state,San Luis Potosí,2025,w_aquifer_deficit_volume_pc,103.62,m³ per person per year,derived,S03|S02,w_aquifer_deficit_volume_pc,,,2023,2023.0,public,AQUIFERS=19|CARRIED_FORWARD
047eeb98efe1,24,state,San Luis Potosí,2026,w_aquifer_deficit_volume_pc,102.831,m³ per person per year,derived,S03|S02,w_aquifer_deficit_volume_pc,,,2023,2023.0,public,AQUIFERS=19|CARRIED_FORWARD
2db77a66ebef,24,state,San Luis Potosí,2027,w_aquifer_deficit_volume_pc,102.091,m³ per person per year,derived,S03|S02,w_aquifer_deficit_volume_pc,,,2023,2023.0,public,AQUIFERS=19|CARRIED_FORWARD
97f3e2d0f807,25,state,Sinaloa,2020,w_aquifer_deficit_volume_pc,,m³ per person per year,unknown,S03|S02,w_aquifer_deficit_volume_pc,,,,,public,NO_VINTAGE_FOR_YEAR
bf2a6ed35fd7,25,state,Sinaloa,2021,w_aquifer_deficit_volume_pc,,m³ per person per year,unknown,S03|S02,w_aquifer_deficit_volume_pc,,,,,public,NO_VINTAGE_FOR_YEAR
f32f6eff1658,25,state,Sinaloa,2022,w_aquifer_deficit_volume_pc,,m³ per person per year,unknown,S03|S02,w_aquifer_deficit_volume_pc,,,,,public,NO_VINTAGE_FOR_YEAR
714e2a55d865,25,state,Sinaloa,2023,w_aquifer_deficit_volume_pc,54.768,m³ per person per year,derived,S03|S02,w_aquifer_deficit_volume_pc,,,2023,2023.0,public,AQUIFERS=14
28f4b400e265,25,state,Sinaloa,2024,w_aquifer_deficit_volume_pc,54.37,m³ per person per year,derived,S03|S02,w_aquifer_deficit_volume_pc,,,2023,2023.0,public,AQUIFERS=14|CARRIED_FORWARD
3585edc9e472,25,state,Sinaloa,2025,w_aquifer_deficit_volume_pc,53.998,m³ per person per year,derived,S03|S02,w_aquifer_deficit_volume_pc,,,2023,2023.0,public,AQUIFERS=14|CARRIED_FORWARD
a533a43d7dd5,25,state,Sinaloa,2026,w_aquifer_deficit_volume_pc,53.652,m³ per person per year,derived,S03|S02,w_aquifer_deficit_volume_pc,,,2023,2023.0,public,AQUIFERS=14|CARRIED_FORWARD
5c7df817c44f,25,state,Sinaloa,2027,w_aquifer_deficit_volume_pc,53.33,m³ per person per year,derived,S03|S02,w_aquifer_deficit_volume_pc,,,2023,2023.0,public,AQUIFERS=14|CARRIED_FORWARD
8fb7fc9fca6c,26,state,Sonora,2020,w_aquifer_deficit_volume_pc,,m³ per person per year,unknown,S03|S02,w_aquifer_deficit_volume_pc,,,,,public,NO_VINTAGE_FOR_YEAR
b2844a6fb518,26,state,Sonora,2021,w_aquifer_deficit_volume_pc,,m³ per person per year,unknown,S03|S02,w_aquifer_deficit_volume_pc,,,,,public,NO_VINTAGE_FOR_YEAR
e3f7fa2bba54,26,state,Sonora,2022,w_aquifer_deficit_volume_pc,,m³ per person per year,unknown,S03|S02,w_aquifer_deficit_volume_pc,,,,,public,NO_VINTAGE_FOR_YEAR
a16324f31621,26,state,Sonora,2023,w_aquifer_deficit_volume_pc,179.526,m³ per person per year,derived,S03|S02,w_aquifer_deficit_volume_pc,,,2023,2023.0,public,AQUIFERS=60
ad3f25d4d18a,26,state,Sonora,2024,w_aquifer_deficit_volume_pc,177.797,m³ per person per year,derived,S03|S02,w_aquifer_deficit_volume_pc,,,2023,2023.0,public,AQUIFERS=60|CARRIED_FORWARD
fe61209f78fe,26,state,Sonora,2025,w_aquifer_deficit_volume_pc,176.152,m³ per person per year,derived,S03|S02,w_aquifer_deficit_volume_pc,,,2023,2023.0,public,AQUIFERS=60|CARRIED_FORWARD
0b25ad427936,26,state,Sonora,2026,w_aquifer_deficit_volume_pc,174.603,m³ per person per year,derived,S03|S02,w_aquifer_deficit_volume_pc,,,2023,2023.0,public,AQUIFERS=60|CARRIED_FORWARD
44e782935822,26,state,Sonora,2027,w_aquifer_deficit_volume_pc,173.16,m³ per person per year,derived,S03|S02,w_aquifer_deficit_volume_pc,,,2023,2023.0,public,AQUIFERS=60|CARRIED_FORWARD
0fcd4380d16a,27,state,Tabasco,2020,w_aquifer_deficit_volume_pc,,m³ per person per year,unknown,S03|S02,w_aquifer_deficit_volume_pc,,,,,public,NO_VINTAGE_FOR_YEAR
3b827e95e255,27,state,Tabasco,2021,w_aquifer_deficit_volume_pc,,m³ per person per year,unknown,S03|S02,w_aquifer_deficit_volume_pc,,,,,public,NO_VINTAGE_FOR_YEAR
9febcab710cb,27,state,Tabasco,2022,w_aquifer_deficit_volume_pc,,m³ per person per year,unknown,S03|S02,w_aquifer_deficit_volume_pc,,,,,public,NO_VINTAGE_FOR_YEAR
b7aaf000ad20,27,state,Tabasco,2023,w_aquifer_deficit_volume_pc,-0.0,m³ per person per year,derived,S03|S02,w_aquifer_deficit_volume_pc,,,2023,2023.0,public,AQUIFERS=8
3971e2121f3e,27,state,Tabasco,2024,w_aquifer_deficit_volume_pc,-0.0,m³ per person per year,derived,S03|S02,w_aquifer_deficit_volume_pc,,,2023,2023.0,public,AQUIFERS=8|CARRIED_FORWARD
3b77e260a77e,27,state,Tabasco,2025,w_aquifer_deficit_volume_pc,-0.0,m³ per person per year,derived,S03|S02,w_aquifer_deficit_volume_pc,,,2023,2023.0,public,AQUIFERS=8|CARRIED_FORWARD
db6a4f342f35,27,state,Tabasco,2026,w_aquifer_deficit_volume_pc,-0.0,m³ per person per year,derived,S03|S02,w_aquifer_deficit_volume_pc,,,2023,2023.0,public,AQUIFERS=8|CARRIED_FORWARD
85a5042d9831,27,state,Tabasco,2027,w_aquifer_deficit_volume_pc,-0.0,m³ per person per year,derived,S03|S02,w_aquifer_deficit_volume_pc,,,2023,2023.0,public,AQUIFERS=8|CARRIED_FORWARD
a36f5ebdca62,28,state,Tamaulipas,2020,w_aquifer_deficit_volume_pc,,m³ per person per year,unknown,S03|S02,w_aquifer_deficit_volume_pc,,,,,public,NO_VINTAGE_FOR_YEAR
71c6d03932dd,28,state,Tamaulipas,2021,w_aquifer_deficit_volume_pc,,m³ per person per year,unknown,S03|S02,w_aquifer_deficit_volume_pc,,,,,public,NO_VINTAGE_FOR_YEAR
56b84a0e1a69,28,state,Tamaulipas,2022,w_aquifer_deficit_volume_pc,,m³ per person per year,unknown,S03|S02,w_aquifer_deficit_volume_pc,,,,,public,NO_VINTAGE_FOR_YEAR
e8ca53036f79,28,state,Tamaulipas,2023,w_aquifer_deficit_volume_pc,9.695,m³ per person per year,derived,S03|S02,w_aquifer_deficit_volume_pc,,,2023,2023.0,public,AQUIFERS=14
2cb761077307,28,state,Tamaulipas,2024,w_aquifer_deficit_volume_pc,9.611,m³ per person per year,derived,S03|S02,w_aquifer_deficit_volume_pc,,,2023,2023.0,public,AQUIFERS=14|CARRIED_FORWARD
1fcc54ad9762,28,state,Tamaulipas,2025,w_aquifer_deficit_volume_pc,9.532,m³ per person per year,derived,S03|S02,w_aquifer_deficit_volume_pc,,,2023,2023.0,public,AQUIFERS=14|CARRIED_FORWARD
e6a3949735e2,28,state,Tamaulipas,2026,w_aquifer_deficit_volume_pc,9.459,m³ per person per year,derived,S03|S02,w_aquifer_deficit_volume_pc,,,2023,2023.0,public,AQUIFERS=14|CARRIED_FORWARD
e289f8cfaed0,28,state,Tamaulipas,2027,w_aquifer_deficit_volume_pc,9.392,m³ per person per year,derived,S03|S02,w_aquifer_deficit_volume_pc,,,2023,2023.0,public,AQUIFERS=14|CARRIED_FORWARD
634d45c4dfb9,29,state,Tlaxcala,2020,w_aquifer_deficit_volume_pc,,m³ per person per year,unknown,S03|S02,w_aquifer_deficit_volume_pc,,,,,public,NO_VINTAGE_FOR_YEAR
6a38074b2f09,29,state,Tlaxcala,2021,w_aquifer_deficit_volume_pc,,m³ per person per year,unknown,S03|S02,w_aquifer_deficit_volume_pc,,,,,public,NO_VINTAGE_FOR_YEAR
8184199ee0cf,29,state,Tlaxcala,2022,w_aquifer_deficit_volume_pc,,m³ per person per year,unknown,S03|S02,w_aquifer_deficit_volume_pc,,,,,public,NO_VINTAGE_FOR_YEAR
97b866498a0f,29,state,Tlaxcala,2023,w_aquifer_deficit_volume_pc,-0.0,m³ per person per year,derived,S03|S02,w_aquifer_deficit_volume_pc,,,2023,2023.0,public,AQUIFERS=4
38e9a67fb3db,29,state,Tlaxcala,2024,w_aquifer_deficit_volume_pc,-0.0,m³ per person per year,derived,S03|S02,w_aquifer_deficit_volume_pc,,,2023,2023.0,public,AQUIFERS=4|CARRIED_FORWARD
799d49dca29d,29,state,Tlaxcala,2025,w_aquifer_deficit_volume_pc,-0.0,m³ per person per year,derived,S03|S02,w_aquifer_deficit_volume_pc,,,2023,2023.0,public,AQUIFERS=4|CARRIED_FORWARD
6b979c7d52b3,29,state,Tlaxcala,2026,w_aquifer_deficit_volume_pc,-0.0,m³ per person per year,derived,S03|S02,w_aquifer_deficit_volume_pc,,,2023,2023.0,public,AQUIFERS=4|CARRIED_FORWARD
faf92f272619,29,state,Tlaxcala,2027,w_aquifer_deficit_volume_pc,-0.0,m³ per person per year,derived,S03|S02,w_aquifer_deficit_volume_pc,,,2023,2023.0,public,AQUIFERS=4|CARRIED_FORWARD
39b72acf2699,30,state,Veracruz,2020,w_aquifer_deficit_volume_pc,,m³ per person per year,unknown,S03|S02,w_aquifer_deficit_volume_pc,,,,,public,NO_VINTAGE_FOR_YEAR
9efd6f011796,30,state,Veracruz,2021,w_aquifer_deficit_volume_pc,,m³ per person per year,unknown,S03|S02,w_aquifer_deficit_volume_pc,,,,,public,NO_VINTAGE_FOR_YEAR
272021303fad,30,state,Veracruz,2022,w_aquifer_deficit_volume_pc,,m³ per person per year,unknown,S03|S02,w_aquifer_deficit_volume_pc,,,,,public,NO_VINTAGE_FOR_YEAR
f48df0cf6de3,30,state,Veracruz,2023,w_aquifer_deficit_volume_pc,7.936,m³ per person per year,derived,S03|S02,w_aquifer_deficit_volume_pc,,,2023,2023.0,public,AQUIFERS=18
0b360365139c,30,state,Veracruz,2024,w_aquifer_deficit_volume_pc,7.939,m³ per person per year,derived,S03|S02,w_aquifer_deficit_volume_pc,,,2023,2023.0,public,AQUIFERS=18|CARRIED_FORWARD
c3102863883e,30,state,Veracruz,2025,w_aquifer_deficit_volume_pc,7.946,m³ per person per year,derived,S03|S02,w_aquifer_deficit_volume_pc,,,2023,2023.0,public,AQUIFERS=18|CARRIED_FORWARD
d60b61f3c63e,30,state,Veracruz,2026,w_aquifer_deficit_volume_pc,7.955,m³ per person per year,derived,S03|S02,w_aquifer_deficit_volume_pc,,,2023,2023.0,public,AQUIFERS=18|CARRIED_FORWARD
73756b76abfb,30,state,Veracruz,2027,w_aquifer_deficit_volume_pc,7.967,m³ per person per year,derived,S03|S02,w_aquifer_deficit_volume_pc,,,2023,2023.0,public,AQUIFERS=18|CARRIED_FORWARD
00d8110a4351,31,state,Yucatán,2020,w_aquifer_deficit_volume_pc,,m³ per person per year,unknown,S03|S02,w_aquifer_deficit_volume_pc,,,,,public,NO_VINTAGE_FOR_YEAR
251fd2f92f75,31,state,Yucatán,2021,w_aquifer_deficit_volume_pc,,m³ per person per year,unknown,S03|S02,w_aquifer_deficit_volume_pc,,,,,public,NO_VINTAGE_FOR_YEAR
7038563932cf,31,state,Yucatán,2022,w_aquifer_deficit_volume_pc,,m³ per person per year,unknown,S03|S02,w_aquifer_deficit_volume_pc,,,,,public,NO_VINTAGE_FOR_YEAR
13a6f8438f5a,31,state,Yucatán,2023,w_aquifer_deficit_volume_pc,-0.0,m³ per person per year,derived,S03|S02,w_aquifer_deficit_volume_pc,,,2023,2023.0,public,AQUIFERS=1
c3af69e54025,31,state,Yucatán,2024,w_aquifer_deficit_volume_pc,-0.0,m³ per person per year,derived,S03|S02,w_aquifer_deficit_volume_pc,,,2023,2023.0,public,AQUIFERS=1|CARRIED_FORWARD
ad8ec239f70e,31,state,Yucatán,2025,w_aquifer_deficit_volume_pc,-0.0,m³ per person per year,derived,S03|S02,w_aquifer_deficit_volume_pc,,,2023,2023.0,public,AQUIFERS=1|CARRIED_FORWARD
cbbfc7d849da,31,state,Yucatán,2026,w_aquifer_deficit_volume_pc,-0.0,m³ per person per year,derived,S03|S02,w_aquifer_deficit_volume_pc,,,2023,2023.0,public,AQUIFERS=1|CARRIED_FORWARD
692243f1b167,31,state,Yucatán,2027,w_aquifer_deficit_volume_pc,-0.0,m³ per person per year,derived,S03|S02,w_aquifer_deficit_volume_pc,,,2023,2023.0,public,AQUIFERS=1|CARRIED_FORWARD
a43f402de746,32,state,Zacatecas,2020,w_aquifer_deficit_volume_pc,,m³ per person per year,unknown,S03|S02,w_aquifer_deficit_volume_pc,,,,,public,NO_VINTAGE_FOR_YEAR
efb364bae994,32,state,Zacatecas,2021,w_aquifer_deficit_volume_pc,,m³ per person per year,unknown,S03|S02,w_aquifer_deficit_volume_pc,,,,,public,NO_VINTAGE_FOR_YEAR
17f3285e06e3,32,state,Zacatecas,2022,w_aquifer_deficit_volume_pc,,m³ per person per year,unknown,S03|S02,w_aquifer_deficit_volume_pc,,,,,public,NO_VINTAGE_FOR_YEAR
789183468b27,32,state,Zacatecas,2023,w_aquifer_deficit_volume_pc,235.323,m³ per person per year,derived,S03|S02,w_aquifer_deficit_volume_pc,,,2023,2023.0,public,AQUIFERS=34
df903bf5f48a,32,state,Zacatecas,2024,w_aquifer_deficit_volume_pc,233.212,m³ per person per year,derived,S03|S02,w_aquifer_deficit_volume_pc,,,2023,2023.0,public,AQUIFERS=34|CARRIED_FORWARD
0a9b2c06bf8d,32,state,Zacatecas,2025,w_aquifer_deficit_volume_pc,231.213,m³ per person per year,derived,S03|S02,w_aquifer_deficit_volume_pc,,,2023,2023.0,public,AQUIFERS=34|CARRIED_FORWARD
33aeba0f2e4c,32,state,Zacatecas,2026,w_aquifer_deficit_volume_pc,229.343,m³ per person per year,derived,S03|S02,w_aquifer_deficit_volume_pc,,,2023,2023.0,public,AQUIFERS=34|CARRIED_FORWARD
72b482be81a1,32,state,Zacatecas,2027,w_aquifer_deficit_volume_pc,227.613,m³ per person per year,derived,S03|S02,w_aquifer_deficit_volume_pc,,,2023,2023.0,public,AQUIFERS=34|CARRIED_FORWARD
0aa0b51586c6,01,state,Aguascalientes,2020,w_drought_intensity,2.367,score 0-100,derived,S01,w_drought_intensity,,,2020,2020.0,public,MAPS=24
8ad3b04f70d1,01,state,Aguascalientes,2021,w_drought_intensity,15.246,score 0-100,derived,S01,w_drought_intensity,,,2021,2021.0,public,MAPS=24
630adf2f7383,01,state,Aguascalientes,2022,w_drought_intensity,12.216,score 0-100,derived,S01,w_drought_intensity,,,2022,2022.0,public,MAPS=24
c25c9b5fa87c,01,state,Aguascalientes,2023,w_drought_intensity,51.779,score 0-100,derived,S01,w_drought_intensity,,,2023,2023.0,public,MAPS=23
5d60b0422d59,01,state,Aguascalientes,2024,w_drought_intensity,28.22,score 0-100,derived,S01,w_drought_intensity,,,2024,2024.0,public,MAPS=24
7d592c732d74,01,state,Aguascalientes,2025,w_drought_intensity,0.663,score 0-100,derived,S01,w_drought_intensity,,,2025,2025.0,public,MAPS=24
3ebeef76e10e,01,state,Aguascalientes,2026,w_drought_intensity,0.0,score 0-100,derived,S01,w_drought_intensity,,,2026-01..2026-09-15,2026.0,public,MAPS=17|PARTIAL_YEAR
549d7f107926,01,state,Aguascalientes,2027,w_drought_intensity,,score 0-100,unknown,S01,w_drought_intensity,,,,,public,NO_MAPS_FOR_YEAR
9ddfd5e78822,02,state,Baja California,2020,w_drought_intensity,1.637,score 0-100,derived,S01,w_drought_intensity,,,2020,2020.0,public,MAPS=24
da0bae657d61,02,state,Baja California,2021,w_drought_intensity,28.869,score 0-100,derived,S01,w_drought_intensity,,,2021,2021.0,public,MAPS=24
46d46d90259e,02,state,Baja California,2022,w_drought_intensity,38.244,score 0-100,derived,S01,w_drought_intensity,,,2022,2022.0,public,MAPS=24
5478038aa0e6,02,state,Baja California,2023,w_drought_intensity,3.261,score 0-100,derived,S01,w_drought_intensity,,,2023,2023.0,public,MAPS=23
7c0cac435eba,02,state,Baja California,2024,w_drought_intensity,4.762,score 0-100,derived,S01,w_drought_intensity,,,2024,2024.0,public,MAPS=24
02af22c736c4,02,state,Baja California,2025,w_drought_intensity,38.393,score 0-100,derived,S01,w_drought_intensity,,,2025,2025.0,public,MAPS=24
9b5ab498f534,02,state,Baja California,2026,w_drought_intensity,0.84,score 0-100,derived,S01,w_drought_intensity,,,2026-01..2026-09-15,2026.0,public,MAPS=17|PARTIAL_YEAR
ffe3958fd399,02,state,Baja California,2027,w_drought_intensity,,score 0-100,unknown,S01,w_drought_intensity,,,,,public,NO_MAPS_FOR_YEAR
d8c655817f0e,03,state,Baja California Sur,2020,w_drought_intensity,5.0,score 0-100,derived,S01,w_drought_intensity,,,2020,2020.0,public,MAPS=24
6b615bb726e2,03,state,Baja California Sur,2021,w_drought_intensity,29.375,score 0-100,derived,S01,w_drought_intensity,,,2021,2021.0,public,MAPS=24
09cb1a911fc5,03,state,Baja California Sur,2022,w_drought_intensity,15.0,score 0-100,derived,S01,w_drought_intensity,,,2022,2022.0,public,MAPS=24
59bc1c8996f1,03,state,Baja California Sur,2023,w_drought_intensity,5.217,score 0-100,derived,S01,w_drought_intensity,,,2023,2023.0,public,MAPS=23
d308955becf7,03,state,Baja California Sur,2024,w_drought_intensity,3.125,score 0-100,derived,S01,w_drought_intensity,,,2024,2024.0,public,MAPS=24
071f752e0382,03,state,Baja California Sur,2025,w_drought_intensity,12.292,score 0-100,derived,S01,w_drought_intensity,,,2025,2025.0,public,MAPS=24
1975ae6b9d78,03,state,Baja California Sur,2026,w_drought_intensity,0.0,score 0-100,derived,S01,w_drought_intensity,,,2026-01..2026-09-15,2026.0,public,MAPS=17|PARTIAL_YEAR
0553d3d52ffe,03,state,Baja California Sur,2027,w_drought_intensity,,score 0-100,unknown,S01,w_drought_intensity,,,,,public,NO_MAPS_FOR_YEAR
b8b4394e8889,04,state,Campeche,2020,w_drought_intensity,5.128,score 0-100,derived,S01,w_drought_intensity,,,2020,2020.0,public,MAPS=24
d93b058d261b,04,state,Campeche,2021,w_drought_intensity,0.08,score 0-100,derived,S01,w_drought_intensity,,,2021,2021.0,public,MAPS=24
2425730fa557,04,state,Campeche,2022,w_drought_intensity,0.16,score 0-100,derived,S01,w_drought_intensity,,,2022,2022.0,public,MAPS=24
d21b81ab0f19,04,state,Campeche,2023,w_drought_intensity,6.522,score 0-100,derived,S01,w_drought_intensity,,,2023,2023.0,public,MAPS=23
886210aea802,04,state,Campeche,2024,w_drought_intensity,8.013,score 0-100,derived,S01,w_drought_intensity,,,2024,2024.0,public,MAPS=24
aba25e0780d9,04,state,Campeche,2025,w_drought_intensity,5.609,score 0-100,derived,S01,w_drought_intensity,,,2025,2025.0,public,MAPS=24
28575ba2f385,04,state,Campeche,2026,w_drought_intensity,1.244,score 0-100,derived,S01,w_drought_intensity,,,2026-01..2026-09-15,2026.0,public,MAPS=17|PARTIAL_YEAR
22aa707ef8bb,04,state,Campeche,2027,w_drought_intensity,,score 0-100,unknown,S01,w_drought_intensity,,,,,public,NO_MAPS_FOR_YEAR
14b0db7aa180,05,state,Coahuila,2020,w_drought_intensity,19.189,score 0-100,derived,S01,w_drought_intensity,,,2020,2020.0,public,MAPS=24
b8f1fe93904a,05,state,Coahuila,2021,w_drought_intensity,22.615,score 0-100,derived,S01,w_drought_intensity,,,2021,2021.0,public,MAPS=24
3deae395c1c5,05,state,Coahuila,2022,w_drought_intensity,36.623,score 0-100,derived,S01,w_drought_intensity,,,2022,2022.0,public,MAPS=24
827616130f78,05,state,Coahuila,2023,w_drought_intensity,23.312,score 0-100,derived,S01,w_drought_intensity,,,2023,2023.0,public,MAPS=23
2ecd7ff53f00,05,state,Coahuila,2024,w_drought_intensity,18.531,score 0-100,derived,S01,w_drought_intensity,,,2024,2024.0,public,MAPS=24
957b8ce2fd0b,05,state,Coahuila,2025,w_drought_intensity,27.988,score 0-100,derived,S01,w_drought_intensity,,,2025,2025.0,public,MAPS=24
f4f5a1283166,05,state,Coahuila,2026,w_drought_intensity,16.331,score 0-100,derived,S01,w_drought_intensity,,,2026-01..2026-09-15,2026.0,public,MAPS=17|PARTIAL_YEAR
5660e5b0b23a,05,state,Coahuila,2027,w_drought_intensity,,score 0-100,unknown,S01,w_drought_intensity,,,,,public,NO_MAPS_FOR_YEAR
a56566d852e0,06,state,Colima,2020,w_drought_intensity,0.938,score 0-100,derived,S01,w_drought_intensity,,,2020,2020.0,public,MAPS=24
e8eb3229dd86,06,state,Colima,2021,w_drought_intensity,20.625,score 0-100,derived,S01,w_drought_intensity,,,2021,2021.0,public,MAPS=24
30bb83a9b5fa,06,state,Colima,2022,w_drought_intensity,3.854,score 0-100,derived,S01,w_drought_intensity,,,2022,2022.0,public,MAPS=24
0963011b11b7,06,state,Colima,2023,w_drought_intensity,29.022,score 0-100,derived,S01,w_drought_intensity,,,2023,2023.0,public,MAPS=23
eb39f09f6380,06,state,Colima,2024,w_drought_intensity,8.854,score 0-100,derived,S01,w_drought_intensity,,,2024,2024.0,public,MAPS=24
91257df0c3e1,06,state,Colima,2025,w_drought_intensity,0.208,score 0-100,derived,S01,w_drought_intensity,,,2025,2025.0,public,MAPS=24
74071c64a3f8,06,state,Colima,2026,w_drought_intensity,0.0,score 0-100,derived,S01,w_drought_intensity,,,2026-01..2026-09-15,2026.0,public,MAPS=17|PARTIAL_YEAR
53e81b2124c6,06,state,Colima,2027,w_drought_intensity,,score 0-100,unknown,S01,w_drought_intensity,,,,,public,NO_MAPS_FOR_YEAR
a8ea9b340042,07,state,Chiapas,2020,w_drought_intensity,1.075,score 0-100,derived,S01,w_drought_intensity,,,2020,2020.0,public,MAPS=24
e326305dc366,07,state,Chiapas,2021,w_drought_intensity,0.412,score 0-100,derived,S01,w_drought_intensity,,,2021,2021.0,public,MAPS=24
eedb46e7446f,07,state,Chiapas,2022,w_drought_intensity,0.932,score 0-100,derived,S01,w_drought_intensity,,,2022,2022.0,public,MAPS=24
3ff4beeffb93,07,state,Chiapas,2023,w_drought_intensity,5.794,score 0-100,derived,S01,w_drought_intensity,,,2023,2023.0,public,MAPS=23
574438830ec6,07,state,Chiapas,2024,w_drought_intensity,11.576,score 0-100,derived,S01,w_drought_intensity,,,2024,2024.0,public,MAPS=24
a8a136a77fab,07,state,Chiapas,2025,w_drought_intensity,1.117,score 0-100,derived,S01,w_drought_intensity,,,2025,2025.0,public,MAPS=24
a3f51298c743,07,state,Chiapas,2026,w_drought_intensity,2.811,score 0-100,derived,S01,w_drought_intensity,,,2026-01..2026-09-15,2026.0,public,MAPS=17|PARTIAL_YEAR
ee46b299e535,07,state,Chiapas,2027,w_drought_intensity,,score 0-100,unknown,S01,w_drought_intensity,,,,,public,NO_MAPS_FOR_YEAR
de39a566ff12,08,state,Chihuahua,2020,w_drought_intensity,21.16,score 0-100,derived,S01,w_drought_intensity,,,2020,2020.0,public,MAPS=24
52db7ae8d4eb,08,state,Chihuahua,2021,w_drought_intensity,30.566,score 0-100,derived,S01,w_drought_intensity,,,2021,2021.0,public,MAPS=24
3950f637ff72,08,state,Chihuahua,2022,w_drought_intensity,20.553,score 0-100,derived,S01,w_drought_intensity,,,2022,2022.0,public,MAPS=24
2e5f96c95a22,08,state,Chihuahua,2023,w_drought_intensity,33.225,score 0-100,derived,S01,w_drought_intensity,,,2023,2023.0,public,MAPS=23
a3ca980e8b0f,08,state,Chihuahua,2024,w_drought_intensity,81.468,score 0-100,derived,S01,w_drought_intensity,,,2024,2024.0,public,MAPS=24
9fb6c3062caf,08,state,Chihuahua,2025,w_drought_intensity,44.154,score 0-100,derived,S01,w_drought_intensity,,,2025,2025.0,public,MAPS=24
e254dcdfb4a3,08,state,Chihuahua,2026,w_drought_intensity,4.96,score 0-100,derived,S01,w_drought_intensity,,,2026-01..2026-09-15,2026.0,public,MAPS=17|PARTIAL_YEAR
769eba57e156,08,state,Chihuahua,2027,w_drought_intensity,,score 0-100,unknown,S01,w_drought_intensity,,,,,public,NO_MAPS_FOR_YEAR
155af5f74a78,09,state,Ciudad de México,2020,w_drought_intensity,0.0,score 0-100,derived,S01,w_drought_intensity,,,2020,2020.0,public,MAPS=24
ed4df9185828,09,state,Ciudad de México,2021,w_drought_intensity,2.539,score 0-100,derived,S01,w_drought_intensity,,,2021,2021.0,public,MAPS=24
50f258117b1c,09,state,Ciudad de México,2022,w_drought_intensity,0.391,score 0-100,derived,S01,w_drought_intensity,,,2022,2022.0,public,MAPS=24
d49dca97abe0,09,state,Ciudad de México,2023,w_drought_intensity,12.16,score 0-100,derived,S01,w_drought_intensity,,,2023,2023.0,public,MAPS=23
734ef7c3ece1,09,state,Ciudad de México,2024,w_drought_intensity,23.568,score 0-100,derived,S01,w_drought_intensity,,,2024,2024.0,public,MAPS=24
6a8deb02a927,09,state,Ciudad de México,2025,w_drought_intensity,0.0,score 0-100,derived,S01,w_drought_intensity,,,2025,2025.0,public,MAPS=24
139b98e40dcb,09,state,Ciudad de México,2026,w_drought_intensity,0.0,score 0-100,derived,S01,w_drought_intensity,,,2026-01..2026-09-15,2026.0,public,MAPS=17|PARTIAL_YEAR
2c2d6089d580,09,state,Ciudad de México,2027,w_drought_intensity,,score 0-100,unknown,S01,w_drought_intensity,,,,,public,NO_MAPS_FOR_YEAR
628074447b70,10,state,Durango,2020,w_drought_intensity,15.037,score 0-100,derived,S01,w_drought_intensity,,,2020,2020.0,public,MAPS=24
c748a88737b2,10,state,Durango,2021,w_drought_intensity,37.42,score 0-100,derived,S01,w_drought_intensity,,,2021,2021.0,public,MAPS=24
8295359b0497,10,state,Durango,2022,w_drought_intensity,18.243,score 0-100,derived,S01,w_drought_intensity,,,2022,2022.0,public,MAPS=24
24b88e5c8494,10,state,Durango,2023,w_drought_intensity,46.851,score 0-100,derived,S01,w_drought_intensity,,,2023,2023.0,public,MAPS=23
8762993f2ffd,10,state,Durango,2024,w_drought_intensity,58.36,score 0-100,derived,S01,w_drought_intensity,,,2024,2024.0,public,MAPS=24
90808addbd04,10,state,Durango,2025,w_drought_intensity,24.653,score 0-100,derived,S01,w_drought_intensity,,,2025,2025.0,public,MAPS=24
add8852fa677,10,state,Durango,2026,w_drought_intensity,0.038,score 0-100,derived,S01,w_drought_intensity,,,2026-01..2026-09-15,2026.0,public,MAPS=17|PARTIAL_YEAR
a9ca145c1ce2,10,state,Durango,2027,w_drought_intensity,,score 0-100,unknown,S01,w_drought_intensity,,,,,public,NO_MAPS_FOR_YEAR
e46c56c7db0f,11,state,Guanajuato,2020,w_drought_intensity,7.903,score 0-100,derived,S01,w_drought_intensity,,,2020,2020.0,public,MAPS=24
3e85b633c3fa,11,state,Guanajuato,2021,w_drought_intensity,23.619,score 0-100,derived,S01,w_drought_intensity,,,2021,2021.0,public,MAPS=24
5b97caacf7f6,11,state,Guanajuato,2022,w_drought_intensity,13.768,score 0-100,derived,S01,w_drought_intensity,,,2022,2022.0,public,MAPS=24
16b265e4ca8e,11,state,Guanajuato,2023,w_drought_intensity,45.818,score 0-100,derived,S01,w_drought_intensity,,,2023,2023.0,public,MAPS=23
f1e003e933da,11,state,Guanajuato,2024,w_drought_intensity,43.342,score 0-100,derived,S01,w_drought_intensity,,,2024,2024.0,public,MAPS=24
57e15954b580,11,state,Guanajuato,2025,w_drought_intensity,3.94,score 0-100,derived,S01,w_drought_intensity,,,2025,2025.0,public,MAPS=24
0e77ff3c783b,11,state,Guanajuato,2026,w_drought_intensity,0.0,score 0-100,derived,S01,w_drought_intensity,,,2026-01..2026-09-15,2026.0,public,MAPS=17|PARTIAL_YEAR
8f213b1233de,11,state,Guanajuato,2027,w_drought_intensity,,score 0-100,unknown,S01,w_drought_intensity,,,,,public,NO_MAPS_FOR_YEAR
5d033b9e9c26,12,state,Guerrero,2020,w_drought_intensity,21.422,score 0-100,derived,S01,w_drought_intensity,,,2020,2020.0,public,MAPS=24
9afef0982ba8,12,state,Guerrero,2021,w_drought_intensity,16.507,score 0-100,derived,S01,w_drought_intensity,,,2021,2021.0,public,MAPS=24
46d165560865,12,state,Guerrero,2022,w_drought_intensity,1.029,score 0-100,derived,S01,w_drought_intensity,,,2022,2022.0,public,MAPS=24
8998dbf50a26,12,state,Guerrero,2023,w_drought_intensity,23.223,score 0-100,derived,S01,w_drought_intensity,,,2023,2023.0,public,MAPS=23
6986eb3cd3a6,12,state,Guerrero,2024,w_drought_intensity,17.132,score 0-100,derived,S01,w_drought_intensity,,,2024,2024.0,public,MAPS=24
3cecb2761852,12,state,Guerrero,2025,w_drought_intensity,0.539,score 0-100,derived,S01,w_drought_intensity,,,2025,2025.0,public,MAPS=24
8c9bd42c6dcc,12,state,Guerrero,2026,w_drought_intensity,2.076,score 0-100,derived,S01,w_drought_intensity,,,2026-01..2026-09-15,2026.0,public,MAPS=17|PARTIAL_YEAR
c56ec75b3f7d,12,state,Guerrero,2027,w_drought_intensity,,score 0-100,unknown,S01,w_drought_intensity,,,,,public,NO_MAPS_FOR_YEAR
406a8b6fdbec,13,state,Hidalgo,2020,w_drought_intensity,6.833,score 0-100,derived,S01,w_drought_intensity,,,2020,2020.0,public,MAPS=24
711733f23dc3,13,state,Hidalgo,2021,w_drought_intensity,11.632,score 0-100,derived,S01,w_drought_intensity,,,2021,2021.0,public,MAPS=24
170425141ae3,13,state,Hidalgo,2022,w_drought_intensity,17.398,score 0-100,derived,S01,w_drought_intensity,,,2022,2022.0,public,MAPS=24
0b641695fd8a,13,state,Hidalgo,2023,w_drought_intensity,34.291,score 0-100,derived,S01,w_drought_intensity,,,2023,2023.0,public,MAPS=23
72adae654ae4,13,state,Hidalgo,2024,w_drought_intensity,38.095,score 0-100,derived,S01,w_drought_intensity,,,2024,2024.0,public,MAPS=24
07afca139fec,13,state,Hidalgo,2025,w_drought_intensity,0.893,score 0-100,derived,S01,w_drought_intensity,,,2025,2025.0,public,MAPS=24
4ac3e1cb9bf3,13,state,Hidalgo,2026,w_drought_intensity,0.245,score 0-100,derived,S01,w_drought_intensity,,,2026-01..2026-09-15,2026.0,public,MAPS=17|PARTIAL_YEAR
1b278e7987bf,13,state,Hidalgo,2027,w_drought_intensity,,score 0-100,unknown,S01,w_drought_intensity,,,,,public,NO_MAPS_FOR_YEAR
6dace6316eaa,14,state,Jalisco,2020,w_drought_intensity,6.9,score 0-100,derived,S01,w_drought_intensity,,,2020,2020.0,public,MAPS=24
4f8c79a171de,14,state,Jalisco,2021,w_drought_intensity,20.017,score 0-100,derived,S01,w_drought_intensity,,,2021,2021.0,public,MAPS=24
eee8a02152c7,14,state,Jalisco,2022,w_drought_intensity,10.225,score 0-100,derived,S01,w_drought_intensity,,,2022,2022.0,public,MAPS=24
9ca9dbcbfc4b,14,state,Jalisco,2023,w_drought_intensity,43.122,score 0-100,derived,S01,w_drought_intensity,,,2023,2023.0,public,MAPS=23
307d5178fe45,14,state,Jalisco,2024,w_drought_intensity,22.008,score 0-100,derived,S01,w_drought_intensity,,,2024,2024.0,public,MAPS=24
38467c3dfad7,14,state,Jalisco,2025,w_drought_intensity,3.058,score 0-100,derived,S01,w_drought_intensity,,,2025,2025.0,public,MAPS=24
247e0417b3f2,14,state,Jalisco,2026,w_drought_intensity,0.094,score 0-100,derived,S01,w_drought_intensity,,,2026-01..2026-09-15,2026.0,public,MAPS=17|PARTIAL_YEAR
6e94ea7a9e06,14,state,Jalisco,2027,w_drought_intensity,,score 0-100,unknown,S01,w_drought_intensity,,,,,public,NO_MAPS_FOR_YEAR
bbacc1b9aeb1,15,state,Estado de México,2020,w_drought_intensity,3.783,score 0-100,derived,S01,w_drought_intensity,,,2020,2020.0,public,MAPS=24
a299e8650657,15,state,Estado de México,2021,w_drought_intensity,10.267,score 0-100,derived,S01,w_drought_intensity,,,2021,2021.0,public,MAPS=24
bdb0eb8ff61c,15,state,Estado de México,2022,w_drought_intensity,3.1,score 0-100,derived,S01,w_drought_intensity,,,2022,2022.0,public,MAPS=24
ff00710b0a06,15,state,Estado de México,2023,w_drought_intensity,26.53,score 0-100,derived,S01,w_drought_intensity,,,2023,2023.0,public,MAPS=23
e98619f76a1f,15,state,Estado de México,2024,w_drought_intensity,28.308,score 0-100,derived,S01,w_drought_intensity,,,2024,2024.0,public,MAPS=24
b3c690355aa8,15,state,Estado de México,2025,w_drought_intensity,0.242,score 0-100,derived,S01,w_drought_intensity,,,2025,2025.0,public,MAPS=24
c57017aa62a9,15,state,Estado de México,2026,w_drought_intensity,0.047,score 0-100,derived,S01,w_drought_intensity,,,2026-01..2026-09-15,2026.0,public,MAPS=17|PARTIAL_YEAR
22e8a5c02af4,15,state,Estado de México,2027,w_drought_intensity,,score 0-100,unknown,S01,w_drought_intensity,,,,,public,NO_MAPS_FOR_YEAR
7fcd99efa179,16,state,Michoacán,2020,w_drought_intensity,12.491,score 0-100,derived,S01,w_drought_intensity,,,2020,2020.0,public,MAPS=24
ae981564e1ec,16,state,Michoacán,2021,w_drought_intensity,31.158,score 0-100,derived,S01,w_drought_intensity,,,2021,2021.0,public,MAPS=24
6fa42a058440,16,state,Michoacán,2022,w_drought_intensity,7.384,score 0-100,derived,S01,w_drought_intensity,,,2022,2022.0,public,MAPS=24
1f12b3a57bea,16,state,Michoacán,2023,w_drought_intensity,54.011,score 0-100,derived,S01,w_drought_intensity,,,2023,2023.0,public,MAPS=23
44f4dd7c7d56,16,state,Michoacán,2024,w_drought_intensity,39.473,score 0-100,derived,S01,w_drought_intensity,,,2024,2024.0,public,MAPS=24
75c6ce28c4fa,16,state,Michoacán,2025,w_drought_intensity,0.876,score 0-100,derived,S01,w_drought_intensity,,,2025,2025.0,public,MAPS=24
cf0e2c5f2ff6,16,state,Michoacán,2026,w_drought_intensity,1.536,score 0-100,derived,S01,w_drought_intensity,,,2026-01..2026-09-15,2026.0,public,MAPS=17|PARTIAL_YEAR
573f166d8731,16,state,Michoacán,2027,w_drought_intensity,,score 0-100,unknown,S01,w_drought_intensity,,,,,public,NO_MAPS_FOR_YEAR
a5de0fc8a2d2,17,state,Morelos,2020,w_drought_intensity,1.534,score 0-100,derived,S01,w_drought_intensity,,,2020,2020.0,public,MAPS=24
2bfb12d3f9a8,17,state,Morelos,2021,w_drought_intensity,0.521,score 0-100,derived,S01,w_drought_intensity,,,2021,2021.0,public,MAPS=24
8f0edd06654d,17,state,Morelos,2022,w_drought_intensity,2.894,score 0-100,derived,S01,w_drought_intensity,,,2022,2022.0,public,MAPS=24
1bab0e2cf225,17,state,Morelos,2023,w_drought_intensity,33.062,score 0-100,derived,S01,w_drought_intensity,,,2023,2023.0,public,MAPS=23
85aeae66c7aa,17,state,Morelos,2024,w_drought_intensity,22.135,score 0-100,derived,S01,w_drought_intensity,,,2024,2024.0,public,MAPS=24
c94144db4fb7,17,state,Morelos,2025,w_drought_intensity,1.042,score 0-100,derived,S01,w_drought_intensity,,,2025,2025.0,public,MAPS=24
710bc74e51a0,17,state,Morelos,2026,w_drought_intensity,0.776,score 0-100,derived,S01,w_drought_intensity,,,2026-01..2026-09-15,2026.0,public,MAPS=17|PARTIAL_YEAR
00264831bb13,17,state,Morelos,2027,w_drought_intensity,,score 0-100,unknown,S01,w_drought_intensity,,,,,public,NO_MAPS_FOR_YEAR
1d4b915a6f40,18,state,Nayarit,2020,w_drought_intensity,4.115,score 0-100,derived,S01,w_drought_intensity,,,2020,2020.0,public,MAPS=24
2ca30e916506,18,state,Nayarit,2021,w_drought_intensity,15.521,score 0-100,derived,S01,w_drought_intensity,,,2021,2021.0,public,MAPS=24
64bd735699a2,18,state,Nayarit,2022,w_drought_intensity,7.656,score 0-100,derived,S01,w_drought_intensity,,,2022,2022.0,public,MAPS=24
a48e059e135a,18,state,Nayarit,2023,w_drought_intensity,30.815,score 0-100,derived,S01,w_drought_intensity,,,2023,2023.0,public,MAPS=23
ced4f68f5c43,18,state,Nayarit,2024,w_drought_intensity,19.948,score 0-100,derived,S01,w_drought_intensity,,,2024,2024.0,public,MAPS=24
ee903546e26d,18,state,Nayarit,2025,w_drought_intensity,4.115,score 0-100,derived,S01,w_drought_intensity,,,2025,2025.0,public,MAPS=24
2d7e306943db,18,state,Nayarit,2026,w_drought_intensity,1.25,score 0-100,derived,S01,w_drought_intensity,,,2026-01..2026-09-15,2026.0,public,MAPS=17|PARTIAL_YEAR
a0f5be7cac30,18,state,Nayarit,2027,w_drought_intensity,,score 0-100,unknown,S01,w_drought_intensity,,,,,public,NO_MAPS_FOR_YEAR
1d2f5c4754da,19,state,Nuevo León,2020,w_drought_intensity,10.131,score 0-100,derived,S01,w_drought_intensity,,,2020,2020.0,public,MAPS=24
d3acfbc0caf0,19,state,Nuevo León,2021,w_drought_intensity,23.162,score 0-100,derived,S01,w_drought_intensity,,,2021,2021.0,public,MAPS=24
7667c6a2077e,19,state,Nuevo León,2022,w_drought_intensity,15.298,score 0-100,derived,S01,w_drought_intensity,,,2022,2022.0,public,MAPS=24
732932e0e094,19,state,Nuevo León,2023,w_drought_intensity,20.013,score 0-100,derived,S01,w_drought_intensity,,,2023,2023.0,public,MAPS=23
9d77902ba4e4,19,state,Nuevo León,2024,w_drought_intensity,7.884,score 0-100,derived,S01,w_drought_intensity,,,2024,2024.0,public,MAPS=24
38f1f59cd502,19,state,Nuevo León,2025,w_drought_intensity,2.247,score 0-100,derived,S01,w_drought_intensity,,,2025,2025.0,public,MAPS=24
d55eb945c898,19,state,Nuevo León,2026,w_drought_intensity,4.412,score 0-100,derived,S01,w_drought_intensity,,,2026-01..2026-09-15,2026.0,public,MAPS=17|PARTIAL_YEAR
be4db48189ce,19,state,Nuevo León,2027,w_drought_intensity,,score 0-100,unknown,S01,w_drought_intensity,,,,,public,NO_MAPS_FOR_YEAR
23ae71201512,20,state,Oaxaca,2020,w_drought_intensity,7.964,score 0-100,derived,S01,w_drought_intensity,,,2020,2020.0,public,MAPS=24
fad2cb3ea336,20,state,Oaxaca,2021,w_drought_intensity,1.917,score 0-100,derived,S01,w_drought_intensity,,,2021,2021.0,public,MAPS=24
cfb3ee189fb8,20,state,Oaxaca,2022,w_drought_intensity,4.466,score 0-100,derived,S01,w_drought_intensity,,,2022,2022.0,public,MAPS=24
a284392ca18b,20,state,Oaxaca,2023,w_drought_intensity,15.978,score 0-100,derived,S01,w_drought_intensity,,,2023,2023.0,public,MAPS=23
6a7434237fbf,20,state,Oaxaca,2024,w_drought_intensity,14.209,score 0-100,derived,S01,w_drought_intensity,,,2024,2024.0,public,MAPS=24
6db15dec649c,20,state,Oaxaca,2025,w_drought_intensity,0.373,score 0-100,derived,S01,w_drought_intensity,,,2025,2025.0,public,MAPS=24
8586573349f7,20,state,Oaxaca,2026,w_drought_intensity,1.094,score 0-100,derived,S01,w_drought_intensity,,,2026-01..2026-09-15,2026.0,public,MAPS=17|PARTIAL_YEAR
ac941dfa9d15,20,state,Oaxaca,2027,w_drought_intensity,,score 0-100,unknown,S01,w_drought_intensity,,,,,public,NO_MAPS_FOR_YEAR
d6fff06a3d80,21,state,Puebla,2020,w_drought_intensity,1.195,score 0-100,derived,S01,w_drought_intensity,,,2020,2020.0,public,MAPS=24
3e9fd4ae3c18,21,state,Puebla,2021,w_drought_intensity,2.016,score 0-100,derived,S01,w_drought_intensity,,,2021,2021.0,public,MAPS=24
86c1b6c4a3fe,21,state,Puebla,2022,w_drought_intensity,2.659,score 0-100,derived,S01,w_drought_intensity,,,2022,2022.0,public,MAPS=24
7801561037e3,21,state,Puebla,2023,w_drought_intensity,10.349,score 0-100,derived,S01,w_drought_intensity,,,2023,2023.0,public,MAPS=23
5d07fd4d8b22,21,state,Puebla,2024,w_drought_intensity,15.212,score 0-100,derived,S01,w_drought_intensity,,,2024,2024.0,public,MAPS=24
18bfca6b3d0b,21,state,Puebla,2025,w_drought_intensity,0.163,score 0-100,derived,S01,w_drought_intensity,,,2025,2025.0,public,MAPS=24
55fac4656050,21,state,Puebla,2026,w_drought_intensity,0.59,score 0-100,derived,S01,w_drought_intensity,,,2026-01..2026-09-15,2026.0,public,MAPS=17|PARTIAL_YEAR
8c0793115a99,21,state,Puebla,2027,w_drought_intensity,,score 0-100,unknown,S01,w_drought_intensity,,,,,public,NO_MAPS_FOR_YEAR
81c82ac8dd14,22,state,Querétaro,2020,w_drought_intensity,10.995,score 0-100,derived,S01,w_drought_intensity,,,2020,2020.0,public,MAPS=24
47b214a5177a,22,state,Querétaro,2021,w_drought_intensity,20.833,score 0-100,derived,S01,w_drought_intensity,,,2021,2021.0,public,MAPS=24
19ea69d7aa69,22,state,Querétaro,2022,w_drought_intensity,33.912,score 0-100,derived,S01,w_drought_intensity,,,2022,2022.0,public,MAPS=24
526afedfaa99,22,state,Querétaro,2023,w_drought_intensity,51.389,score 0-100,derived,S01,w_drought_intensity,,,2023,2023.0,public,MAPS=23
83fe8b40667a,22,state,Querétaro,2024,w_drought_intensity,57.407,score 0-100,derived,S01,w_drought_intensity,,,2024,2024.0,public,MAPS=24
098d4bfac3de,22,state,Querétaro,2025,w_drought_intensity,6.25,score 0-100,derived,S01,w_drought_intensity,,,2025,2025.0,public,MAPS=24
57808828e918,22,state,Querétaro,2026,w_drought_intensity,0.327,score 0-100,derived,S01,w_drought_intensity,,,2026-01..2026-09-15,2026.0,public,MAPS=17|PARTIAL_YEAR
840aeb76bacb,22,state,Querétaro,2027,w_drought_intensity,,score 0-100,unknown,S01,w_drought_intensity,,,,,public,NO_MAPS_FOR_YEAR
940569f64a24,23,state,Quintana Roo,2020,w_drought_intensity,6.061,score 0-100,derived,S01,w_drought_intensity,,,2020,2020.0,public,MAPS=24
6ef5fcc5903b,23,state,Quintana Roo,2021,w_drought_intensity,0.189,score 0-100,derived,S01,w_drought_intensity,,,2021,2021.0,public,MAPS=24
8df39f1b3889,23,state,Quintana Roo,2022,w_drought_intensity,1.042,score 0-100,derived,S01,w_drought_intensity,,,2022,2022.0,public,MAPS=24
c710d6fc0604,23,state,Quintana Roo,2023,w_drought_intensity,3.953,score 0-100,derived,S01,w_drought_intensity,,,2023,2023.0,public,MAPS=23
1238996f1509,23,state,Quintana Roo,2024,w_drought_intensity,2.936,score 0-100,derived,S01,w_drought_intensity,,,2024,2024.0,public,MAPS=24
00754da64061,23,state,Quintana Roo,2025,w_drought_intensity,8.428,score 0-100,derived,S01,w_drought_intensity,,,2025,2025.0,public,MAPS=24
c2ec0b8cf5ea,23,state,Quintana Roo,2026,w_drought_intensity,6.551,score 0-100,derived,S01,w_drought_intensity,,,2026-01..2026-09-15,2026.0,public,MAPS=17|PARTIAL_YEAR
12687d2a1169,23,state,Quintana Roo,2027,w_drought_intensity,,score 0-100,unknown,S01,w_drought_intensity,,,,,public,NO_MAPS_FOR_YEAR
db83a381e9d9,24,state,San Luis Potosí,2020,w_drought_intensity,16.278,score 0-100,derived,S01,w_drought_intensity,,,2020,2020.0,public,MAPS=24
5971fd9e4c5c,24,state,San Luis Potosí,2021,w_drought_intensity,16.649,score 0-100,derived,S01,w_drought_intensity,,,2021,2021.0,public,MAPS=24
fb7df1b313de,24,state,San Luis Potosí,2022,w_drought_intensity,19.474,score 0-100,derived,S01,w_drought_intensity,,,2022,2022.0,public,MAPS=24
b054dbcc6281,24,state,San Luis Potosí,2023,w_drought_intensity,39.352,score 0-100,derived,S01,w_drought_intensity,,,2023,2023.0,public,MAPS=23
e53da893dfc0,24,state,San Luis Potosí,2024,w_drought_intensity,40.166,score 0-100,derived,S01,w_drought_intensity,,,2024,2024.0,public,MAPS=24
2f6669f97d8b,24,state,San Luis Potosí,2025,w_drought_intensity,2.366,score 0-100,derived,S01,w_drought_intensity,,,2025,2025.0,public,MAPS=24
a7771b1a70d3,24,state,San Luis Potosí,2026,w_drought_intensity,0.573,score 0-100,derived,S01,w_drought_intensity,,,2026-01..2026-09-15,2026.0,public,MAPS=17|PARTIAL_YEAR
daf5beffab0c,24,state,San Luis Potosí,2027,w_drought_intensity,,score 0-100,unknown,S01,w_drought_intensity,,,,,public,NO_MAPS_FOR_YEAR
a4b54b2d4bc5,25,state,Sinaloa,2020,w_drought_intensity,15.521,score 0-100,derived,S01,w_drought_intensity,,,2020,2020.0,public,MAPS=24
7274bedfe6bd,25,state,Sinaloa,2021,w_drought_intensity,37.448,score 0-100,derived,S01,w_drought_intensity,,,2021,2021.0,public,MAPS=24
f091a2eaf282,25,state,Sinaloa,2022,w_drought_intensity,12.656,score 0-100,derived,S01,w_drought_intensity,,,2022,2022.0,public,MAPS=24
a58520add938,25,state,Sinaloa,2023,w_drought_intensity,42.174,score 0-100,derived,S01,w_drought_intensity,,,2023,2023.0,public,MAPS=23
3c254f017b3a,25,state,Sinaloa,2024,w_drought_intensity,73.281,score 0-100,derived,S01,w_drought_intensity,,,2024,2024.0,public,MAPS=24
180872c56efb,25,state,Sinaloa,2025,w_drought_intensity,41.354,score 0-100,derived,S01,w_drought_intensity,,,2025,2025.0,public,MAPS=24
a9f979867f5d,25,state,Sinaloa,2026,w_drought_intensity,3.971,score 0-100,derived,S01,w_drought_intensity,,,2026-01..2026-09-15,2026.0,public,MAPS=17|PARTIAL_YEAR
57110cda9250,25,state,Sinaloa,2027,w_drought_intensity,,score 0-100,unknown,S01,w_drought_intensity,,,,,public,NO_MAPS_FOR_YEAR
53eecbaa3dc2,26,state,Sonora,2020,w_drought_intensity,18.519,score 0-100,derived,S01,w_drought_intensity,,,2020,2020.0,public,MAPS=24
ac6dcc6ffd26,26,state,Sonora,2021,w_drought_intensity,44.242,score 0-100,derived,S01,w_drought_intensity,,,2021,2021.0,public,MAPS=24
67993fb2785b,26,state,Sonora,2022,w_drought_intensity,22.454,score 0-100,derived,S01,w_drought_intensity,,,2022,2022.0,public,MAPS=24
b4c808533eb2,26,state,Sonora,2023,w_drought_intensity,34.043,score 0-100,derived,S01,w_drought_intensity,,,2023,2023.0,public,MAPS=23
0b121bfa505d,26,state,Sonora,2024,w_drought_intensity,56.496,score 0-100,derived,S01,w_drought_intensity,,,2024,2024.0,public,MAPS=24
8e649c9305b7,26,state,Sonora,2025,w_drought_intensity,53.053,score 0-100,derived,S01,w_drought_intensity,,,2025,2025.0,public,MAPS=24
31aa83a0b060,26,state,Sonora,2026,w_drought_intensity,3.268,score 0-100,derived,S01,w_drought_intensity,,,2026-01..2026-09-15,2026.0,public,MAPS=17|PARTIAL_YEAR
d2ba3b9f00e7,26,state,Sonora,2027,w_drought_intensity,,score 0-100,unknown,S01,w_drought_intensity,,,,,public,NO_MAPS_FOR_YEAR
35d05287f036,27,state,Tabasco,2020,w_drought_intensity,9.191,score 0-100,derived,S01,w_drought_intensity,,,2020,2020.0,public,MAPS=24
c48e74b7b360,27,state,Tabasco,2021,w_drought_intensity,0.0,score 0-100,derived,S01,w_drought_intensity,,,2021,2021.0,public,MAPS=24
4307d6b32f6a,27,state,Tabasco,2022,w_drought_intensity,0.0,score 0-100,derived,S01,w_drought_intensity,,,2022,2022.0,public,MAPS=24
51d542c2b9b8,27,state,Tabasco,2023,w_drought_intensity,7.609,score 0-100,derived,S01,w_drought_intensity,,,2023,2023.0,public,MAPS=23
8cccbb926b0d,27,state,Tabasco,2024,w_drought_intensity,24.632,score 0-100,derived,S01,w_drought_intensity,,,2024,2024.0,public,MAPS=24
d956b94e4d14,27,state,Tabasco,2025,w_drought_intensity,16.483,score 0-100,derived,S01,w_drought_intensity,,,2025,2025.0,public,MAPS=24
ea6bef2e31af,27,state,Tabasco,2026,w_drought_intensity,1.903,score 0-100,derived,S01,w_drought_intensity,,,2026-01..2026-09-15,2026.0,public,MAPS=17|PARTIAL_YEAR
01e3785a06ec,27,state,Tabasco,2027,w_drought_intensity,,score 0-100,unknown,S01,w_drought_intensity,,,,,public,NO_MAPS_FOR_YEAR
48e8a8fada45,28,state,Tamaulipas,2020,w_drought_intensity,12.573,score 0-100,derived,S01,w_drought_intensity,,,2020,2020.0,public,MAPS=24
19620664775d,28,state,Tamaulipas,2021,w_drought_intensity,20.228,score 0-100,derived,S01,w_drought_intensity,,,2021,2021.0,public,MAPS=24
2606f7bb43b3,28,state,Tamaulipas,2022,w_drought_intensity,22.989,score 0-100,derived,S01,w_drought_intensity,,,2022,2022.0,public,MAPS=24
6a68f32e21a0,28,state,Tamaulipas,2023,w_drought_intensity,31.85,score 0-100,derived,S01,w_drought_intensity,,,2023,2023.0,public,MAPS=23
6ea210944305,28,state,Tamaulipas,2024,w_drought_intensity,26.575,score 0-100,derived,S01,w_drought_intensity,,,2024,2024.0,public,MAPS=24
d400a6e308e6,28,state,Tamaulipas,2025,w_drought_intensity,3.803,score 0-100,derived,S01,w_drought_intensity,,,2025,2025.0,public,MAPS=24
ff6166da7c36,28,state,Tamaulipas,2026,w_drought_intensity,10.123,score 0-100,derived,S01,w_drought_intensity,,,2026-01..2026-09-15,2026.0,public,MAPS=17|PARTIAL_YEAR
bd65fbac3e9a,28,state,Tamaulipas,2027,w_drought_intensity,,score 0-100,unknown,S01,w_drought_intensity,,,,,public,NO_MAPS_FOR_YEAR
5bbfc75e3ae0,29,state,Tlaxcala,2020,w_drought_intensity,1.146,score 0-100,derived,S01,w_drought_intensity,,,2020,2020.0,public,MAPS=24
132c882b38fa,29,state,Tlaxcala,2021,w_drought_intensity,4.67,score 0-100,derived,S01,w_drought_intensity,,,2021,2021.0,public,MAPS=24
ee9574248e72,29,state,Tlaxcala,2022,w_drought_intensity,2.066,score 0-100,derived,S01,w_drought_intensity,,,2022,2022.0,public,MAPS=24
f950bdfa7350,29,state,Tlaxcala,2023,w_drought_intensity,5.489,score 0-100,derived,S01,w_drought_intensity,,,2023,2023.0,public,MAPS=23
e8915ddbeb4b,29,state,Tlaxcala,2024,w_drought_intensity,11.788,score 0-100,derived,S01,w_drought_intensity,,,2024,2024.0,public,MAPS=24
5112867b7682,29,state,Tlaxcala,2025,w_drought_intensity,0.0,score 0-100,derived,S01,w_drought_intensity,,,2025,2025.0,public,MAPS=24
87cd37f40b25,29,state,Tlaxcala,2026,w_drought_intensity,0.147,score 0-100,derived,S01,w_drought_intensity,,,2026-01..2026-09-15,2026.0,public,MAPS=17|PARTIAL_YEAR
309a8ef0d50d,29,state,Tlaxcala,2027,w_drought_intensity,,score 0-100,unknown,S01,w_drought_intensity,,,,,public,NO_MAPS_FOR_YEAR
c73803cae8b2,30,state,Veracruz,2020,w_drought_intensity,7.862,score 0-100,derived,S01,w_drought_intensity,,,2020,2020.0,public,MAPS=24
b4320a9e3aa2,30,state,Veracruz,2021,w_drought_intensity,2.005,score 0-100,derived,S01,w_drought_intensity,,,2021,2021.0,public,MAPS=24
50d27b60068a,30,state,Veracruz,2022,w_drought_intensity,4.314,score 0-100,derived,S01,w_drought_intensity,,,2022,2022.0,public,MAPS=24
09894b785e3e,30,state,Veracruz,2023,w_drought_intensity,12.177,score 0-100,derived,S01,w_drought_intensity,,,2023,2023.0,public,MAPS=23
3f0425591282,30,state,Veracruz,2024,w_drought_intensity,14.8,score 0-100,derived,S01,w_drought_intensity,,,2024,2024.0,public,MAPS=24
02d53e77ccd6,30,state,Veracruz,2025,w_drought_intensity,0.934,score 0-100,derived,S01,w_drought_intensity,,,2025,2025.0,public,MAPS=24
b5f4ca4ebde4,30,state,Veracruz,2026,w_drought_intensity,0.305,score 0-100,derived,S01,w_drought_intensity,,,2026-01..2026-09-15,2026.0,public,MAPS=17|PARTIAL_YEAR
e2b2c5e5c4b5,30,state,Veracruz,2027,w_drought_intensity,,score 0-100,unknown,S01,w_drought_intensity,,,,,public,NO_MAPS_FOR_YEAR
4a7bac9a766e,31,state,Yucatán,2020,w_drought_intensity,5.228,score 0-100,derived,S01,w_drought_intensity,,,2020,2020.0,public,MAPS=24
49ce90b39828,31,state,Yucatán,2021,w_drought_intensity,0.0,score 0-100,derived,S01,w_drought_intensity,,,2021,2021.0,public,MAPS=24
831066423586,31,state,Yucatán,2022,w_drought_intensity,0.59,score 0-100,derived,S01,w_drought_intensity,,,2022,2022.0,public,MAPS=24
9cc85a716419,31,state,Yucatán,2023,w_drought_intensity,7.732,score 0-100,derived,S01,w_drought_intensity,,,2023,2023.0,public,MAPS=23
c99d8409507f,31,state,Yucatán,2024,w_drought_intensity,6.564,score 0-100,derived,S01,w_drought_intensity,,,2024,2024.0,public,MAPS=24
defd359df2df,31,state,Yucatán,2025,w_drought_intensity,1.287,score 0-100,derived,S01,w_drought_intensity,,,2025,2025.0,public,MAPS=24
c1db52182112,31,state,Yucatán,2026,w_drought_intensity,1.027,score 0-100,derived,S01,w_drought_intensity,,,2026-01..2026-09-15,2026.0,public,MAPS=17|PARTIAL_YEAR
d8d3dbac7951,31,state,Yucatán,2027,w_drought_intensity,,score 0-100,unknown,S01,w_drought_intensity,,,,,public,NO_MAPS_FOR_YEAR
a456cdc7ac5a,32,state,Zacatecas,2020,w_drought_intensity,4.328,score 0-100,derived,S01,w_drought_intensity,,,2020,2020.0,public,MAPS=24
d7118e610f2f,32,state,Zacatecas,2021,w_drought_intensity,19.989,score 0-100,derived,S01,w_drought_intensity,,,2021,2021.0,public,MAPS=24
fc1dfd1bef1b,32,state,Zacatecas,2022,w_drought_intensity,12.302,score 0-100,derived,S01,w_drought_intensity,,,2022,2022.0,public,MAPS=24
eb8eda7bf008,32,state,Zacatecas,2023,w_drought_intensity,45.915,score 0-100,derived,S01,w_drought_intensity,,,2023,2023.0,public,MAPS=23
c1ad28bf084c,32,state,Zacatecas,2024,w_drought_intensity,20.079,score 0-100,derived,S01,w_drought_intensity,,,2024,2024.0,public,MAPS=24
fa0439482aa7,32,state,Zacatecas,2025,w_drought_intensity,3.933,score 0-100,derived,S01,w_drought_intensity,,,2025,2025.0,public,MAPS=24
c7614550c9cb,32,state,Zacatecas,2026,w_drought_intensity,0.0,score 0-100,derived,S01,w_drought_intensity,,,2026-01..2026-09-15,2026.0,public,MAPS=17|PARTIAL_YEAR
3262f7a04017,32,state,Zacatecas,2027,w_drought_intensity,,score 0-100,unknown,S01,w_drought_intensity,,,,,public,NO_MAPS_FOR_YEAR
35387032c19e,01,state,Aguascalientes,2020,w_drought_share,9.47,%,derived,S01,w_drought_share,,,2020,2020.0,public,MAPS=24
5f18771aa110,01,state,Aguascalientes,2021,w_drought_share,44.697,%,derived,S01,w_drought_share,,,2021,2021.0,public,MAPS=24
493df8cb8e1c,01,state,Aguascalientes,2022,w_drought_share,43.561,%,derived,S01,w_drought_share,,,2022,2022.0,public,MAPS=24
374ff1bc090e,01,state,Aguascalientes,2023,w_drought_share,90.514,%,derived,S01,w_drought_share,,,2023,2023.0,public,MAPS=23
b3d95bb77990,01,state,Aguascalientes,2024,w_drought_share,51.515,%,derived,S01,w_drought_share,,,2024,2024.0,public,MAPS=24
fbfa4ae7589e,01,state,Aguascalientes,2025,w_drought_share,2.652,%,derived,S01,w_drought_share,,,2025,2025.0,public,MAPS=24
8c6fe55abb47,01,state,Aguascalientes,2026,w_drought_share,0.0,%,derived,S01,w_drought_share,,,2026-01..2026-09-15,2026.0,public,MAPS=17|PARTIAL_YEAR
ce9a87ea223f,01,state,Aguascalientes,2027,w_drought_share,,%,unknown,S01,w_drought_share,,,,,public,NO_MAPS_FOR_YEAR
3d4e8d270bc2,02,state,Baja California,2020,w_drought_share,4.762,%,derived,S01,w_drought_share,,,2020,2020.0,public,MAPS=24
abd6b69ea588,02,state,Baja California,2021,w_drought_share,76.786,%,derived,S01,w_drought_share,,,2021,2021.0,public,MAPS=24
a28823b993f0,02,state,Baja California,2022,w_drought_share,94.048,%,derived,S01,w_drought_share,,,2022,2022.0,public,MAPS=24
8a324390a562,02,state,Baja California,2023,w_drought_share,13.043,%,derived,S01,w_drought_share,,,2023,2023.0,public,MAPS=23
5aa77015882f,02,state,Baja California,2024,w_drought_share,16.071,%,derived,S01,w_drought_share,,,2024,2024.0,public,MAPS=24
b317919a5a8b,02,state,Baja California,2025,w_drought_share,73.214,%,derived,S01,w_drought_share,,,2025,2025.0,public,MAPS=24
a979e29ca3c5,02,state,Baja California,2026,w_drought_share,3.361,%,derived,S01,w_drought_share,,,2026-01..2026-09-15,2026.0,public,MAPS=17|PARTIAL_YEAR
a7a1ef15d411,02,state,Baja California,2027,w_drought_share,,%,unknown,S01,w_drought_share,,,,,public,NO_MAPS_FOR_YEAR
18eb8a6d5991,03,state,Baja California Sur,2020,w_drought_share,20.0,%,derived,S01,w_drought_share,,,2020,2020.0,public,MAPS=24
9eaaaf38e75a,03,state,Baja California Sur,2021,w_drought_share,77.5,%,derived,S01,w_drought_share,,,2021,2021.0,public,MAPS=24
19b1b65300eb,03,state,Baja California Sur,2022,w_drought_share,46.667,%,derived,S01,w_drought_share,,,2022,2022.0,public,MAPS=24
79faea16c480,03,state,Baja California Sur,2023,w_drought_share,20.87,%,derived,S01,w_drought_share,,,2023,2023.0,public,MAPS=23
e456755e6e46,03,state,Baja California Sur,2024,w_drought_share,12.5,%,derived,S01,w_drought_share,,,2024,2024.0,public,MAPS=24
829484a33783,03,state,Baja California Sur,2025,w_drought_share,45.0,%,derived,S01,w_drought_share,,,2025,2025.0,public,MAPS=24
4cf3342036ca,03,state,Baja California Sur,2026,w_drought_share,0.0,%,derived,S01,w_drought_share,,,2026-01..2026-09-15,2026.0,public,MAPS=17|PARTIAL_YEAR
0a51c4dd516c,03,state,Baja California Sur,2027,w_drought_share,,%,unknown,S01,w_drought_share,,,,,public,NO_MAPS_FOR_YEAR
6b4320be2f29,04,state,Campeche,2020,w_drought_share,18.59,%,derived,S01,w_drought_share,,,2020,2020.0,public,MAPS=24
5d6de98dd0f1,04,state,Campeche,2021,w_drought_share,0.321,%,derived,S01,w_drought_share,,,2021,2021.0,public,MAPS=24
233916199a2c,04,state,Campeche,2022,w_drought_share,0.641,%,derived,S01,w_drought_share,,,2022,2022.0,public,MAPS=24
54a5f89ebedd,04,state,Campeche,2023,w_drought_share,26.087,%,derived,S01,w_drought_share,,,2023,2023.0,public,MAPS=23
1fe8dee02ec4,04,state,Campeche,2024,w_drought_share,27.564,%,derived,S01,w_drought_share,,,2024,2024.0,public,MAPS=24
1d932953cc17,04,state,Campeche,2025,w_drought_share,18.269,%,derived,S01,w_drought_share,,,2025,2025.0,public,MAPS=24
4e2a7cd34df8,04,state,Campeche,2026,w_drought_share,4.977,%,derived,S01,w_drought_share,,,2026-01..2026-09-15,2026.0,public,MAPS=17|PARTIAL_YEAR
0b86656c9235,04,state,Campeche,2027,w_drought_share,,%,unknown,S01,w_drought_share,,,,,public,NO_MAPS_FOR_YEAR
a951bf19804a,05,state,Coahuila,2020,w_drought_share,48.904,%,derived,S01,w_drought_share,,,2020,2020.0,public,MAPS=24
55e04a6bd232,05,state,Coahuila,2021,w_drought_share,60.307,%,derived,S01,w_drought_share,,,2021,2021.0,public,MAPS=24
ae1647a63b20,05,state,Coahuila,2022,w_drought_share,70.395,%,derived,S01,w_drought_share,,,2022,2022.0,public,MAPS=24
c8f96003991f,05,state,Coahuila,2023,w_drought_share,61.67,%,derived,S01,w_drought_share,,,2023,2023.0,public,MAPS=23
cbc69f3f1886,05,state,Coahuila,2024,w_drought_share,49.232,%,derived,S01,w_drought_share,,,2024,2024.0,public,MAPS=24
716ee85c034c,05,state,Coahuila,2025,w_drought_share,57.018,%,derived,S01,w_drought_share,,,2025,2025.0,public,MAPS=24
502526173ddd,05,state,Coahuila,2026,w_drought_share,31.734,%,derived,S01,w_drought_share,,,2026-01..2026-09-15,2026.0,public,MAPS=17|PARTIAL_YEAR
c94d035a71dc,05,state,Coahuila,2027,w_drought_share,,%,unknown,S01,w_drought_share,,,,,public,NO_MAPS_FOR_YEAR
fd0a684f4028,06,state,Colima,2020,w_drought_share,3.75,%,derived,S01,w_drought_share,,,2020,2020.0,public,MAPS=24
d7d95a8c12e3,06,state,Colima,2021,w_drought_share,40.833,%,derived,S01,w_drought_share,,,2021,2021.0,public,MAPS=24
282bf400cd54,06,state,Colima,2022,w_drought_share,15.417,%,derived,S01,w_drought_share,,,2022,2022.0,public,MAPS=24
5e7a06c3270f,06,state,Colima,2023,w_drought_share,68.261,%,derived,S01,w_drought_share,,,2023,2023.0,public,MAPS=23
9fa32325eebf,06,state,Colima,2024,w_drought_share,21.25,%,derived,S01,w_drought_share,,,2024,2024.0,public,MAPS=24
971d0c42420c,06,state,Colima,2025,w_drought_share,0.833,%,derived,S01,w_drought_share,,,2025,2025.0,public,MAPS=24
1d08074c6ea6,06,state,Colima,2026,w_drought_share,0.0,%,derived,S01,w_drought_share,,,2026-01..2026-09-15,2026.0,public,MAPS=17|PARTIAL_YEAR
845f0a68fde6,06,state,Colima,2027,w_drought_share,,%,unknown,S01,w_drought_share,,,,,public,NO_MAPS_FOR_YEAR
bb29304414ab,07,state,Chiapas,2020,w_drought_share,3.965,%,derived,S01,w_drought_share,,,2020,2020.0,public,MAPS=24
2584fce73112,07,state,Chiapas,2021,w_drought_share,1.647,%,derived,S01,w_drought_share,,,2021,2021.0,public,MAPS=24
5bdecbcb7772,07,state,Chiapas,2022,w_drought_share,3.73,%,derived,S01,w_drought_share,,,2022,2022.0,public,MAPS=24
eb4eb279f901,07,state,Chiapas,2023,w_drought_share,21.073,%,derived,S01,w_drought_share,,,2023,2023.0,public,MAPS=23
b4a7e42f8116,07,state,Chiapas,2024,w_drought_share,35.618,%,derived,S01,w_drought_share,,,2024,2024.0,public,MAPS=24
1caf74a80065,07,state,Chiapas,2025,w_drought_share,3.495,%,derived,S01,w_drought_share,,,2025,2025.0,public,MAPS=24
8e024bbb7d43,07,state,Chiapas,2026,w_drought_share,11.243,%,derived,S01,w_drought_share,,,2026-01..2026-09-15,2026.0,public,MAPS=17|PARTIAL_YEAR
ad3609ba5fa5,07,state,Chiapas,2027,w_drought_share,,%,unknown,S01,w_drought_share,,,,,public,NO_MAPS_FOR_YEAR
944db29c47bc,08,state,Chihuahua,2020,w_drought_share,45.833,%,derived,S01,w_drought_share,,,2020,2020.0,public,MAPS=24
96cce7987896,08,state,Chihuahua,2021,w_drought_share,58.706,%,derived,S01,w_drought_share,,,2021,2021.0,public,MAPS=24
8fe899c2941e,08,state,Chihuahua,2022,w_drought_share,43.159,%,derived,S01,w_drought_share,,,2022,2022.0,public,MAPS=24
bb8a0a8ef1c0,08,state,Chihuahua,2023,w_drought_share,66.256,%,derived,S01,w_drought_share,,,2023,2023.0,public,MAPS=23
c93a5d41f682,08,state,Chihuahua,2024,w_drought_share,99.627,%,derived,S01,w_drought_share,,,2024,2024.0,public,MAPS=24
9112d6dcc901,08,state,Chihuahua,2025,w_drought_share,58.209,%,derived,S01,w_drought_share,,,2025,2025.0,public,MAPS=24
b73741dd4b34,08,state,Chihuahua,2026,w_drought_share,12.643,%,derived,S01,w_drought_share,,,2026-01..2026-09-15,2026.0,public,MAPS=17|PARTIAL_YEAR
3451c28bcce8,08,state,Chihuahua,2027,w_drought_share,,%,unknown,S01,w_drought_share,,,,,public,NO_MAPS_FOR_YEAR
0380cefd9f68,09,state,Ciudad de México,2020,w_drought_share,0.0,%,derived,S01,w_drought_share,,,2020,2020.0,public,MAPS=24
3cd1c24fc140,09,state,Ciudad de México,2021,w_drought_share,10.156,%,derived,S01,w_drought_share,,,2021,2021.0,public,MAPS=24
b5be517a3978,09,state,Ciudad de México,2022,w_drought_share,1.562,%,derived,S01,w_drought_share,,,2022,2022.0,public,MAPS=24
2812b8e06594,09,state,Ciudad de México,2023,w_drought_share,48.641,%,derived,S01,w_drought_share,,,2023,2023.0,public,MAPS=23
97d1b3df569b,09,state,Ciudad de México,2024,w_drought_share,50.0,%,derived,S01,w_drought_share,,,2024,2024.0,public,MAPS=24
eb933746d937,09,state,Ciudad de México,2025,w_drought_share,0.0,%,derived,S01,w_drought_share,,,2025,2025.0,public,MAPS=24
aaefa6ec6b7a,09,state,Ciudad de México,2026,w_drought_share,0.0,%,derived,S01,w_drought_share,,,2026-01..2026-09-15,2026.0,public,MAPS=17|PARTIAL_YEAR
d6dd0b6df71e,09,state,Ciudad de México,2027,w_drought_share,,%,unknown,S01,w_drought_share,,,,,public,NO_MAPS_FOR_YEAR
ed1c42708e33,10,state,Durango,2020,w_drought_share,41.88,%,derived,S01,w_drought_share,,,2020,2020.0,public,MAPS=24
7d4748b89553,10,state,Durango,2021,w_drought_share,65.598,%,derived,S01,w_drought_share,,,2021,2021.0,public,MAPS=24
6ebcbf7537ed,10,state,Durango,2022,w_drought_share,49.038,%,derived,S01,w_drought_share,,,2022,2022.0,public,MAPS=24
5de625a6d378,10,state,Durango,2023,w_drought_share,91.862,%,derived,S01,w_drought_share,,,2023,2023.0,public,MAPS=23
c55f0d997e1b,10,state,Durango,2024,w_drought_share,85.256,%,derived,S01,w_drought_share,,,2024,2024.0,public,MAPS=24
cbb0172484b9,10,state,Durango,2025,w_drought_share,43.376,%,derived,S01,w_drought_share,,,2025,2025.0,public,MAPS=24
ee83a4338174,10,state,Durango,2026,w_drought_share,0.151,%,derived,S01,w_drought_share,,,2026-01..2026-09-15,2026.0,public,MAPS=17|PARTIAL_YEAR
e545d7206220,10,state,Durango,2027,w_drought_share,,%,unknown,S01,w_drought_share,,,,,public,NO_MAPS_FOR_YEAR
428bfc80c910,11,state,Guanajuato,2020,w_drought_share,25.362,%,derived,S01,w_drought_share,,,2020,2020.0,public,MAPS=24
b558d0e6ee00,11,state,Guanajuato,2021,w_drought_share,46.83,%,derived,S01,w_drought_share,,,2021,2021.0,public,MAPS=24
4fb1c6fc6751,11,state,Guanajuato,2022,w_drought_share,37.409,%,derived,S01,w_drought_share,,,2022,2022.0,public,MAPS=24
723b0b8b11e9,11,state,Guanajuato,2023,w_drought_share,85.35,%,derived,S01,w_drought_share,,,2023,2023.0,public,MAPS=23
f332faa9b82a,11,state,Guanajuato,2024,w_drought_share,68.388,%,derived,S01,w_drought_share,,,2024,2024.0,public,MAPS=24
a8efaed1b882,11,state,Guanajuato,2025,w_drought_share,15.761,%,derived,S01,w_drought_share,,,2025,2025.0,public,MAPS=24
efcd496f1820,11,state,Guanajuato,2026,w_drought_share,0.0,%,derived,S01,w_drought_share,,,2026-01..2026-09-15,2026.0,public,MAPS=17|PARTIAL_YEAR
6810a9e4ca0e,11,state,Guanajuato,2027,w_drought_share,,%,unknown,S01,w_drought_share,,,,,public,NO_MAPS_FOR_YEAR
da3aeee3a05b,12,state,Guerrero,2020,w_drought_share,46.618,%,derived,S01,w_drought_share,,,2020,2020.0,public,MAPS=24
cc66d7e1e989,12,state,Guerrero,2021,w_drought_share,37.647,%,derived,S01,w_drought_share,,,2021,2021.0,public,MAPS=24
f97129fde686,12,state,Guerrero,2022,w_drought_share,4.118,%,derived,S01,w_drought_share,,,2022,2022.0,public,MAPS=24
80564f0309b1,12,state,Guerrero,2023,w_drought_share,60.358,%,derived,S01,w_drought_share,,,2023,2023.0,public,MAPS=23
071d2aa64212,12,state,Guerrero,2024,w_drought_share,43.48,%,derived,S01,w_drought_share,,,2024,2024.0,public,MAPS=24
aa2c3dcee56f,12,state,Guerrero,2025,w_drought_share,2.157,%,derived,S01,w_drought_share,,,2025,2025.0,public,MAPS=24
7f56f5d2ae70,12,state,Guerrero,2026,w_drought_share,8.304,%,derived,S01,w_drought_share,,,2026-01..2026-09-15,2026.0,public,MAPS=17|PARTIAL_YEAR
a6fd7517169c,12,state,Guerrero,2027,w_drought_share,,%,unknown,S01,w_drought_share,,,,,public,NO_MAPS_FOR_YEAR
9c5d5a4a273b,13,state,Hidalgo,2020,w_drought_share,20.337,%,derived,S01,w_drought_share,,,2020,2020.0,public,MAPS=24
f7d160c1bc2d,13,state,Hidalgo,2021,w_drought_share,30.605,%,derived,S01,w_drought_share,,,2021,2021.0,public,MAPS=24
9918a08c970a,13,state,Hidalgo,2022,w_drought_share,54.663,%,derived,S01,w_drought_share,,,2022,2022.0,public,MAPS=24
d2ed0917bc24,13,state,Hidalgo,2023,w_drought_share,70.342,%,derived,S01,w_drought_share,,,2023,2023.0,public,MAPS=23
66f4d6122eff,13,state,Hidalgo,2024,w_drought_share,51.637,%,derived,S01,w_drought_share,,,2024,2024.0,public,MAPS=24
44baf676d6f5,13,state,Hidalgo,2025,w_drought_share,3.571,%,derived,S01,w_drought_share,,,2025,2025.0,public,MAPS=24
3fd85bfee9fb,13,state,Hidalgo,2026,w_drought_share,0.98,%,derived,S01,w_drought_share,,,2026-01..2026-09-15,2026.0,public,MAPS=17|PARTIAL_YEAR
624321ee0d8d,13,state,Hidalgo,2027,w_drought_share,,%,unknown,S01,w_drought_share,,,,,public,NO_MAPS_FOR_YEAR
dad158aafb8c,14,state,Jalisco,2020,w_drought_share,26.033,%,derived,S01,w_drought_share,,,2020,2020.0,public,MAPS=24
850f12b168fb,14,state,Jalisco,2021,w_drought_share,49.6,%,derived,S01,w_drought_share,,,2021,2021.0,public,MAPS=24
4b5b9a2bd129,14,state,Jalisco,2022,w_drought_share,33.7,%,derived,S01,w_drought_share,,,2022,2022.0,public,MAPS=24
86fd0838ded6,14,state,Jalisco,2023,w_drought_share,84.417,%,derived,S01,w_drought_share,,,2023,2023.0,public,MAPS=23
9bcbbba726d7,14,state,Jalisco,2024,w_drought_share,48.633,%,derived,S01,w_drought_share,,,2024,2024.0,public,MAPS=24
9f4e15195e21,14,state,Jalisco,2025,w_drought_share,12.233,%,derived,S01,w_drought_share,,,2025,2025.0,public,MAPS=24
82da47d59c0a,14,state,Jalisco,2026,w_drought_share,0.376,%,derived,S01,w_drought_share,,,2026-01..2026-09-15,2026.0,public,MAPS=17|PARTIAL_YEAR
8c537c1ef0a1,14,state,Jalisco,2027,w_drought_share,,%,unknown,S01,w_drought_share,,,,,public,NO_MAPS_FOR_YEAR
1a8fac8cfbe3,15,state,Estado de México,2020,w_drought_share,15.0,%,derived,S01,w_drought_share,,,2020,2020.0,public,MAPS=24
c0f5d0d6f07f,15,state,Estado de México,2021,w_drought_share,28.767,%,derived,S01,w_drought_share,,,2021,2021.0,public,MAPS=24
af25f00d8c63,15,state,Estado de México,2022,w_drought_share,9.433,%,derived,S01,w_drought_share,,,2022,2022.0,public,MAPS=24
f6af9b7ec819,15,state,Estado de México,2023,w_drought_share,74.435,%,derived,S01,w_drought_share,,,2023,2023.0,public,MAPS=23
01138d9f4d16,15,state,Estado de México,2024,w_drought_share,55.633,%,derived,S01,w_drought_share,,,2024,2024.0,public,MAPS=24
bbd43ea00fb3,15,state,Estado de México,2025,w_drought_share,0.967,%,derived,S01,w_drought_share,,,2025,2025.0,public,MAPS=24
f93faad15147,15,state,Estado de México,2026,w_drought_share,0.188,%,derived,S01,w_drought_share,,,2026-01..2026-09-15,2026.0,public,MAPS=17|PARTIAL_YEAR
ecc4366940ac,15,state,Estado de México,2027,w_drought_share,,%,unknown,S01,w_drought_share,,,,,public,NO_MAPS_FOR_YEAR
e097247dfc51,16,state,Michoacán,2020,w_drought_share,43.584,%,derived,S01,w_drought_share,,,2020,2020.0,public,MAPS=24
0f4d9e4ed75f,16,state,Michoacán,2021,w_drought_share,58.481,%,derived,S01,w_drought_share,,,2021,2021.0,public,MAPS=24
4e7a0877dfdb,16,state,Michoacán,2022,w_drought_share,24.299,%,derived,S01,w_drought_share,,,2022,2022.0,public,MAPS=24
3368329a0454,16,state,Michoacán,2023,w_drought_share,95.344,%,derived,S01,w_drought_share,,,2023,2023.0,public,MAPS=23
356295e0341a,16,state,Michoacán,2024,w_drought_share,60.73,%,derived,S01,w_drought_share,,,2024,2024.0,public,MAPS=24
31aa1b94a1fa,16,state,Michoacán,2025,w_drought_share,3.503,%,derived,S01,w_drought_share,,,2025,2025.0,public,MAPS=24
50e6a78f6627,16,state,Michoacán,2026,w_drought_share,6.143,%,derived,S01,w_drought_share,,,2026-01..2026-09-15,2026.0,public,MAPS=17|PARTIAL_YEAR
292265da139e,16,state,Michoacán,2027,w_drought_share,,%,unknown,S01,w_drought_share,,,,,public,NO_MAPS_FOR_YEAR
42c71f0377ce,17,state,Morelos,2020,w_drought_share,5.903,%,derived,S01,w_drought_share,,,2020,2020.0,public,MAPS=24
f8510d449f1b,17,state,Morelos,2021,w_drought_share,2.083,%,derived,S01,w_drought_share,,,2021,2021.0,public,MAPS=24
9c76e8fc46ca,17,state,Morelos,2022,w_drought_share,11.574,%,derived,S01,w_drought_share,,,2022,2022.0,public,MAPS=24
812483aaba1f,17,state,Morelos,2023,w_drought_share,87.56,%,derived,S01,w_drought_share,,,2023,2023.0,public,MAPS=23
8e1322080012,17,state,Morelos,2024,w_drought_share,54.051,%,derived,S01,w_drought_share,,,2024,2024.0,public,MAPS=24
b03210db676c,17,state,Morelos,2025,w_drought_share,4.167,%,derived,S01,w_drought_share,,,2025,2025.0,public,MAPS=24
be7b8dd9911a,17,state,Morelos,2026,w_drought_share,3.105,%,derived,S01,w_drought_share,,,2026-01..2026-09-15,2026.0,public,MAPS=17|PARTIAL_YEAR
fe1a26a72051,17,state,Morelos,2027,w_drought_share,,%,unknown,S01,w_drought_share,,,,,public,NO_MAPS_FOR_YEAR
59a43f45efde,18,state,Nayarit,2020,w_drought_share,16.458,%,derived,S01,w_drought_share,,,2020,2020.0,public,MAPS=24
23f502befd9c,18,state,Nayarit,2021,w_drought_share,38.75,%,derived,S01,w_drought_share,,,2021,2021.0,public,MAPS=24
bb86718e0771,18,state,Nayarit,2022,w_drought_share,28.542,%,derived,S01,w_drought_share,,,2022,2022.0,public,MAPS=24
a0f2a89af905,18,state,Nayarit,2023,w_drought_share,74.13,%,derived,S01,w_drought_share,,,2023,2023.0,public,MAPS=23
cc42e2d1492e,18,state,Nayarit,2024,w_drought_share,52.708,%,derived,S01,w_drought_share,,,2024,2024.0,public,MAPS=24
2e7de2c9e46a,18,state,Nayarit,2025,w_drought_share,15.625,%,derived,S01,w_drought_share,,,2025,2025.0,public,MAPS=24
1b002ef814e4,18,state,Nayarit,2026,w_drought_share,5.0,%,derived,S01,w_drought_share,,,2026-01..2026-09-15,2026.0,public,MAPS=17|PARTIAL_YEAR
eefba0323af2,18,state,Nayarit,2027,w_drought_share,,%,unknown,S01,w_drought_share,,,,,public,NO_MAPS_FOR_YEAR
5468bd43888c,19,state,Nuevo León,2020,w_drought_share,28.595,%,derived,S01,w_drought_share,,,2020,2020.0,public,MAPS=24
b0e624acc1a1,19,state,Nuevo León,2021,w_drought_share,46.487,%,derived,S01,w_drought_share,,,2021,2021.0,public,MAPS=24
ce002bc0dbcd,19,state,Nuevo León,2022,w_drought_share,43.464,%,derived,S01,w_drought_share,,,2022,2022.0,public,MAPS=24
829664e637dd,19,state,Nuevo León,2023,w_drought_share,58.397,%,derived,S01,w_drought_share,,,2023,2023.0,public,MAPS=23
c43dab3334c3,19,state,Nuevo León,2024,w_drought_share,22.549,%,derived,S01,w_drought_share,,,2024,2024.0,public,MAPS=24
13dbf79d27d2,19,state,Nuevo León,2025,w_drought_share,7.435,%,derived,S01,w_drought_share,,,2025,2025.0,public,MAPS=24
ac547ec4a0db,19,state,Nuevo León,2026,w_drought_share,12.457,%,derived,S01,w_drought_share,,,2026-01..2026-09-15,2026.0,public,MAPS=17|PARTIAL_YEAR
c45c6cba1c28,19,state,Nuevo León,2027,w_drought_share,,%,unknown,S01,w_drought_share,,,,,public,NO_MAPS_FOR_YEAR
e339cc352e25,20,state,Oaxaca,2020,w_drought_share,23.151,%,derived,S01,w_drought_share,,,2020,2020.0,public,MAPS=24
455243d30945,20,state,Oaxaca,2021,w_drought_share,6.586,%,derived,S01,w_drought_share,,,2021,2021.0,public,MAPS=24
e010f15ccc22,20,state,Oaxaca,2022,w_drought_share,14.722,%,derived,S01,w_drought_share,,,2022,2022.0,public,MAPS=24
482def0b6803,20,state,Oaxaca,2023,w_drought_share,37.597,%,derived,S01,w_drought_share,,,2023,2023.0,public,MAPS=23
0ed284cfafaa,20,state,Oaxaca,2024,w_drought_share,32.961,%,derived,S01,w_drought_share,,,2024,2024.0,public,MAPS=24
610d806d3aa1,20,state,Oaxaca,2025,w_drought_share,1.447,%,derived,S01,w_drought_share,,,2025,2025.0,public,MAPS=24
38e5f7fe4fb8,20,state,Oaxaca,2026,w_drought_share,4.272,%,derived,S01,w_drought_share,,,2026-01..2026-09-15,2026.0,public,MAPS=17|PARTIAL_YEAR
5d39183ebb7b,20,state,Oaxaca,2027,w_drought_share,,%,unknown,S01,w_drought_share,,,,,public,NO_MAPS_FOR_YEAR
61129ce48736,21,state,Puebla,2020,w_drought_share,4.378,%,derived,S01,w_drought_share,,,2020,2020.0,public,MAPS=24
67efcaa3f9ee,21,state,Puebla,2021,w_drought_share,8.007,%,derived,S01,w_drought_share,,,2021,2021.0,public,MAPS=24
5f07521ab24c,21,state,Puebla,2022,w_drought_share,10.042,%,derived,S01,w_drought_share,,,2022,2022.0,public,MAPS=24
42892197c235,21,state,Puebla,2023,w_drought_share,37.588,%,derived,S01,w_drought_share,,,2023,2023.0,public,MAPS=23
3528d9fd9144,21,state,Puebla,2024,w_drought_share,37.73,%,derived,S01,w_drought_share,,,2024,2024.0,public,MAPS=24
d018176d7d74,21,state,Puebla,2025,w_drought_share,0.653,%,derived,S01,w_drought_share,,,2025,2025.0,public,MAPS=24
cf66dcde384e,21,state,Puebla,2026,w_drought_share,2.358,%,derived,S01,w_drought_share,,,2026-01..2026-09-15,2026.0,public,MAPS=17|PARTIAL_YEAR
1ae87204bcdf,21,state,Puebla,2027,w_drought_share,,%,unknown,S01,w_drought_share,,,,,public,NO_MAPS_FOR_YEAR
82cb8cf84db4,22,state,Querétaro,2020,w_drought_share,36.111,%,derived,S01,w_drought_share,,,2020,2020.0,public,MAPS=24
8f93fa8a8cc3,22,state,Querétaro,2021,w_drought_share,51.389,%,derived,S01,w_drought_share,,,2021,2021.0,public,MAPS=24
e909480548f5,22,state,Querétaro,2022,w_drought_share,80.324,%,derived,S01,w_drought_share,,,2022,2022.0,public,MAPS=24
011b56867f5c,22,state,Querétaro,2023,w_drought_share,93.961,%,derived,S01,w_drought_share,,,2023,2023.0,public,MAPS=23
f282343c0e54,22,state,Querétaro,2024,w_drought_share,74.537,%,derived,S01,w_drought_share,,,2024,2024.0,public,MAPS=24
26341a5cf238,22,state,Querétaro,2025,w_drought_share,25.0,%,derived,S01,w_drought_share,,,2025,2025.0,public,MAPS=24
7c2e8850ef0c,22,state,Querétaro,2026,w_drought_share,1.307,%,derived,S01,w_drought_share,,,2026-01..2026-09-15,2026.0,public,MAPS=17|PARTIAL_YEAR
ce79a8d80f8b,22,state,Querétaro,2027,w_drought_share,,%,unknown,S01,w_drought_share,,,,,public,NO_MAPS_FOR_YEAR
50221d545ae9,23,state,Quintana Roo,2020,w_drought_share,15.152,%,derived,S01,w_drought_share,,,2020,2020.0,public,MAPS=24
64e04742bf9b,23,state,Quintana Roo,2021,w_drought_share,0.758,%,derived,S01,w_drought_share,,,2021,2021.0,public,MAPS=24
f51fdf332f17,23,state,Quintana Roo,2022,w_drought_share,4.167,%,derived,S01,w_drought_share,,,2022,2022.0,public,MAPS=24
93cce28d6e15,23,state,Quintana Roo,2023,w_drought_share,13.834,%,derived,S01,w_drought_share,,,2023,2023.0,public,MAPS=23
066838960178,23,state,Quintana Roo,2024,w_drought_share,11.364,%,derived,S01,w_drought_share,,,2024,2024.0,public,MAPS=24
974355e91d49,23,state,Quintana Roo,2025,w_drought_share,24.621,%,derived,S01,w_drought_share,,,2025,2025.0,public,MAPS=24
e13ed26eac44,23,state,Quintana Roo,2026,w_drought_share,24.599,%,derived,S01,w_drought_share,,,2026-01..2026-09-15,2026.0,public,MAPS=17|PARTIAL_YEAR
7cb033392c20,23,state,Quintana Roo,2027,w_drought_share,,%,unknown,S01,w_drought_share,,,,,public,NO_MAPS_FOR_YEAR
b25fcb4e4734,24,state,San Luis Potosí,2020,w_drought_share,45.127,%,derived,S01,w_drought_share,,,2020,2020.0,public,MAPS=24
175bbad09eb7,24,state,San Luis Potosí,2021,w_drought_share,44.562,%,derived,S01,w_drought_share,,,2021,2021.0,public,MAPS=24
b8d336a1d538,24,state,San Luis Potosí,2022,w_drought_share,56.356,%,derived,S01,w_drought_share,,,2022,2022.0,public,MAPS=24
6d800b74277f,24,state,San Luis Potosí,2023,w_drought_share,74.724,%,derived,S01,w_drought_share,,,2023,2023.0,public,MAPS=23
643329a5bb3f,24,state,San Luis Potosí,2024,w_drought_share,50.494,%,derived,S01,w_drought_share,,,2024,2024.0,public,MAPS=24
cd2d27cdab36,24,state,San Luis Potosí,2025,w_drought_share,9.463,%,derived,S01,w_drought_share,,,2025,2025.0,public,MAPS=24
33b93549a6f3,24,state,San Luis Potosí,2026,w_drought_share,2.293,%,derived,S01,w_drought_share,,,2026-01..2026-09-15,2026.0,public,MAPS=17|PARTIAL_YEAR
1ce4ce8b7b71,24,state,San Luis Potosí,2027,w_drought_share,,%,unknown,S01,w_drought_share,,,,,public,NO_MAPS_FOR_YEAR
7e0dd54fc650,25,state,Sinaloa,2020,w_drought_share,41.667,%,derived,S01,w_drought_share,,,2020,2020.0,public,MAPS=24
467ab09874cc,25,state,Sinaloa,2021,w_drought_share,61.875,%,derived,S01,w_drought_share,,,2021,2021.0,public,MAPS=24
be81a52e156e,25,state,Sinaloa,2022,w_drought_share,38.333,%,derived,S01,w_drought_share,,,2022,2022.0,public,MAPS=24
b242086c9fbc,25,state,Sinaloa,2023,w_drought_share,93.696,%,derived,S01,w_drought_share,,,2023,2023.0,public,MAPS=23
01045f12b19a,25,state,Sinaloa,2024,w_drought_share,96.042,%,derived,S01,w_drought_share,,,2024,2024.0,public,MAPS=24
78f81e3a3cbf,25,state,Sinaloa,2025,w_drought_share,57.917,%,derived,S01,w_drought_share,,,2025,2025.0,public,MAPS=24
39d9203ff5b0,25,state,Sinaloa,2026,w_drought_share,15.882,%,derived,S01,w_drought_share,,,2026-01..2026-09-15,2026.0,public,MAPS=17|PARTIAL_YEAR
fae1b21963a7,25,state,Sinaloa,2027,w_drought_share,,%,unknown,S01,w_drought_share,,,,,public,NO_MAPS_FOR_YEAR
100e6318ac96,26,state,Sonora,2020,w_drought_share,35.069,%,derived,S01,w_drought_share,,,2020,2020.0,public,MAPS=24
b2c5d1e6f8da,26,state,Sonora,2021,w_drought_share,70.37,%,derived,S01,w_drought_share,,,2021,2021.0,public,MAPS=24
e21d38902187,26,state,Sonora,2022,w_drought_share,51.736,%,derived,S01,w_drought_share,,,2022,2022.0,public,MAPS=24
5a084766ccec,26,state,Sonora,2023,w_drought_share,71.196,%,derived,S01,w_drought_share,,,2023,2023.0,public,MAPS=23
238675756db9,26,state,Sonora,2024,w_drought_share,85.706,%,derived,S01,w_drought_share,,,2024,2024.0,public,MAPS=24
74cf3dbec045,26,state,Sonora,2025,w_drought_share,72.569,%,derived,S01,w_drought_share,,,2025,2025.0,public,MAPS=24
19069a6fb1ab,26,state,Sonora,2026,w_drought_share,9.722,%,derived,S01,w_drought_share,,,2026-01..2026-09-15,2026.0,public,MAPS=17|PARTIAL_YEAR
1b35ff34fafe,26,state,Sonora,2027,w_drought_share,,%,unknown,S01,w_drought_share,,,,,public,NO_MAPS_FOR_YEAR
7d57e9f29932,27,state,Tabasco,2020,w_drought_share,28.431,%,derived,S01,w_drought_share,,,2020,2020.0,public,MAPS=24
2167591a3fd0,27,state,Tabasco,2021,w_drought_share,0.0,%,derived,S01,w_drought_share,,,2021,2021.0,public,MAPS=24
81e89004bd81,27,state,Tabasco,2022,w_drought_share,0.0,%,derived,S01,w_drought_share,,,2022,2022.0,public,MAPS=24
2d9bb9dae33e,27,state,Tabasco,2023,w_drought_share,30.435,%,derived,S01,w_drought_share,,,2023,2023.0,public,MAPS=23
5c1b4a5d0116,27,state,Tabasco,2024,w_drought_share,59.314,%,derived,S01,w_drought_share,,,2024,2024.0,public,MAPS=24
654cd9a58332,27,state,Tabasco,2025,w_drought_share,50.98,%,derived,S01,w_drought_share,,,2025,2025.0,public,MAPS=24
b5d4235d25ac,27,state,Tabasco,2026,w_drought_share,7.612,%,derived,S01,w_drought_share,,,2026-01..2026-09-15,2026.0,public,MAPS=17|PARTIAL_YEAR
3b2c769215ab,27,state,Tabasco,2027,w_drought_share,,%,unknown,S01,w_drought_share,,,,,public,NO_MAPS_FOR_YEAR
8d2f577733c0,28,state,Tamaulipas,2020,w_drought_share,36.822,%,derived,S01,w_drought_share,,,2020,2020.0,public,MAPS=24
3ba00108c565,28,state,Tamaulipas,2021,w_drought_share,48.643,%,derived,S01,w_drought_share,,,2021,2021.0,public,MAPS=24
a1b0636c0c7d,28,state,Tamaulipas,2022,w_drought_share,61.434,%,derived,S01,w_drought_share,,,2022,2022.0,public,MAPS=24
b87be7e2947c,28,state,Tamaulipas,2023,w_drought_share,70.576,%,derived,S01,w_drought_share,,,2023,2023.0,public,MAPS=23
671e46b93d4d,28,state,Tamaulipas,2024,w_drought_share,40.795,%,derived,S01,w_drought_share,,,2024,2024.0,public,MAPS=24
5853554a5cec,28,state,Tamaulipas,2025,w_drought_share,11.143,%,derived,S01,w_drought_share,,,2025,2025.0,public,MAPS=24
e7a0b5784e56,28,state,Tamaulipas,2026,w_drought_share,23.393,%,derived,S01,w_drought_share,,,2026-01..2026-09-15,2026.0,public,MAPS=17|PARTIAL_YEAR
6644c3805434,28,state,Tamaulipas,2027,w_drought_share,,%,unknown,S01,w_drought_share,,,,,public,NO_MAPS_FOR_YEAR
8039328cc10c,29,state,Tlaxcala,2020,w_drought_share,4.583,%,derived,S01,w_drought_share,,,2020,2020.0,public,MAPS=24
c1dad2a15736,29,state,Tlaxcala,2021,w_drought_share,18.125,%,derived,S01,w_drought_share,,,2021,2021.0,public,MAPS=24
cdfa394e776f,29,state,Tlaxcala,2022,w_drought_share,8.264,%,derived,S01,w_drought_share,,,2022,2022.0,public,MAPS=24
08cb4f230a78,29,state,Tlaxcala,2023,w_drought_share,16.594,%,derived,S01,w_drought_share,,,2023,2023.0,public,MAPS=23
d66b1e6727da,29,state,Tlaxcala,2024,w_drought_share,30.139,%,derived,S01,w_drought_share,,,2024,2024.0,public,MAPS=24
7efb414778ca,29,state,Tlaxcala,2025,w_drought_share,0.0,%,derived,S01,w_drought_share,,,2025,2025.0,public,MAPS=24
2a2e46e282d5,29,state,Tlaxcala,2026,w_drought_share,0.588,%,derived,S01,w_drought_share,,,2026-01..2026-09-15,2026.0,public,MAPS=17|PARTIAL_YEAR
52f0586c6514,29,state,Tlaxcala,2027,w_drought_share,,%,unknown,S01,w_drought_share,,,,,public,NO_MAPS_FOR_YEAR
56a3831fd15a,30,state,Veracruz,2020,w_drought_share,23.388,%,derived,S01,w_drought_share,,,2020,2020.0,public,MAPS=24
0715b88972a7,30,state,Veracruz,2021,w_drought_share,6.447,%,derived,S01,w_drought_share,,,2021,2021.0,public,MAPS=24
93c47d35f0c6,30,state,Veracruz,2022,w_drought_share,15.114,%,derived,S01,w_drought_share,,,2022,2022.0,public,MAPS=24
ec6917c3c421,30,state,Veracruz,2023,w_drought_share,38.618,%,derived,S01,w_drought_share,,,2023,2023.0,public,MAPS=23
47ca9e32a102,30,state,Veracruz,2024,w_drought_share,29.245,%,derived,S01,w_drought_share,,,2024,2024.0,public,MAPS=24
4b95b4bf7196,30,state,Veracruz,2025,w_drought_share,3.557,%,derived,S01,w_drought_share,,,2025,2025.0,public,MAPS=24
6470a37f5ed3,30,state,Veracruz,2026,w_drought_share,1.11,%,derived,S01,w_drought_share,,,2026-01..2026-09-15,2026.0,public,MAPS=17|PARTIAL_YEAR
7bad2859ca1e,30,state,Veracruz,2027,w_drought_share,,%,unknown,S01,w_drought_share,,,,,public,NO_MAPS_FOR_YEAR
4f1678f09f0d,31,state,Yucatán,2020,w_drought_share,15.369,%,derived,S01,w_drought_share,,,2020,2020.0,public,MAPS=24
16ca2111b81c,31,state,Yucatán,2021,w_drought_share,0.0,%,derived,S01,w_drought_share,,,2021,2021.0,public,MAPS=24
7aefa09de804,31,state,Yucatán,2022,w_drought_share,2.358,%,derived,S01,w_drought_share,,,2022,2022.0,public,MAPS=24
2a3aa90bf88e,31,state,Yucatán,2023,w_drought_share,29.696,%,derived,S01,w_drought_share,,,2023,2023.0,public,MAPS=23
b5dd444560bf,31,state,Yucatán,2024,w_drought_share,25.825,%,derived,S01,w_drought_share,,,2024,2024.0,public,MAPS=24
5099d2e93785,31,state,Yucatán,2025,w_drought_share,3.97,%,derived,S01,w_drought_share,,,2025,2025.0,public,MAPS=24
1694af110587,31,state,Yucatán,2026,w_drought_share,2.83,%,derived,S01,w_drought_share,,,2026-01..2026-09-15,2026.0,public,MAPS=17|PARTIAL_YEAR
5a78a8b23c2c,31,state,Yucatán,2027,w_drought_share,,%,unknown,S01,w_drought_share,,,,,public,NO_MAPS_FOR_YEAR
55497ca04d2a,32,state,Zacatecas,2020,w_drought_share,15.014,%,derived,S01,w_drought_share,,,2020,2020.0,public,MAPS=24
7d0cfcdf0408,32,state,Zacatecas,2021,w_drought_share,46.408,%,derived,S01,w_drought_share,,,2021,2021.0,public,MAPS=24
6460c741048b,32,state,Zacatecas,2022,w_drought_share,36.638,%,derived,S01,w_drought_share,,,2022,2022.0,public,MAPS=24
7f55663203de,32,state,Zacatecas,2023,w_drought_share,89.055,%,derived,S01,w_drought_share,,,2023,2023.0,public,MAPS=23
f28d54d42c7b,32,state,Zacatecas,2024,w_drought_share,48.779,%,derived,S01,w_drought_share,,,2024,2024.0,public,MAPS=24
8971fb5131ae,32,state,Zacatecas,2025,w_drought_share,15.158,%,derived,S01,w_drought_share,,,2025,2025.0,public,MAPS=24
08ff8c91656a,32,state,Zacatecas,2026,w_drought_share,0.0,%,derived,S01,w_drought_share,,,2026-01..2026-09-15,2026.0,public,MAPS=17|PARTIAL_YEAR
fdf749b2cd51,32,state,Zacatecas,2027,w_drought_share,,%,unknown,S01,w_drought_share,,,,,public,NO_MAPS_FOR_YEAR
