territory_id,year,value,n_pillars,flags,scenario,rank,W,E,D,V,mc_low,mc_high,rank_p05,rank_median,rank_p95
01,2020,21.855,4,,baseline,30.0,4.178,44.082,0.0,39.159,13.925,29.919,26.0,28.0,30.0
01,2021,27.52,4,,baseline,23.0,26.908,43.953,0.0,39.219,20.299,33.973,20.0,23.0,26.0
01,2022,22.977,4,,baseline,29.0,21.56,31.062,0.0,39.286,16.65,28.695,20.0,27.0,31.0
01,2023,42.129,4,,baseline,10.0,95.693,33.468,0.0,39.356,28.94,56.447,3.0,10.0,23.0
01,2024,36.463,4,,baseline,17.0,74.903,31.527,0.0,39.424,25.765,47.227,10.0,17.0,25.0
01,2025,30.594,4,,baseline,21.0,50.585,32.302,0.0,39.489,22.461,37.664,11.0,20.0,26.0
01,2026,30.43,4,,baseline,21.0,50.0,32.168,0.0,39.552,22.306,37.427,7.0,20.0,26.0
01,2027,59.808,3,PILLARS_RENORMALIZED,baseline,6.0,100.0,39.811,,39.613,47.85,73.929,3.0,6.0,21.0
02,2020,29.511,4,,baseline,18.0,2.889,76.22,0.0,38.936,17.665,42.241,16.0,19.0,23.0
02,2021,41.617,4,,baseline,6.0,50.951,76.509,0.0,39.006,30.491,51.81,5.0,7.0,10.0
02,2022,45.886,4,,baseline,3.0,67.497,76.965,0.0,39.084,33.434,56.765,2.0,3.0,5.0
02,2023,33.596,4,,baseline,23.0,19.544,75.674,0.0,39.166,22.798,45.199,18.0,22.0,25.0
02,2024,33.763,4,,baseline,20.0,20.869,74.936,0.0,39.246,23.086,45.145,18.0,20.0,24.0
02,2025,42.019,4,,baseline,7.0,50.547,78.205,0.0,39.323,30.719,52.493,6.0,7.0,10.0
02,2026,33.974,4,,baseline,13.0,17.408,79.093,0.0,39.396,22.576,46.268,11.0,13.0,17.0
02,2027,49.6,3,PILLARS_RENORMALIZED,baseline,13.0,33.333,76.003,,39.465,41.837,58.45,12.0,15.0,17.0
03,2020,28.827,4,,baseline,20.0,8.825,89.683,0.0,16.8,16.349,43.371,13.0,20.0,29.0
03,2021,39.389,4,,baseline,12.0,51.844,88.911,0.0,16.8,26.39,52.3,4.0,11.0,21.0
03,2022,32.599,4,,baseline,17.0,26.474,87.123,0.0,16.8,20.805,45.706,9.0,16.0,26.0
03,2023,34.129,4,,baseline,21.0,32.809,86.908,0.0,16.8,22.361,47.017,14.0,22.0,28.0
03,2024,33.749,4,,baseline,21.0,30.963,87.216,0.0,16.819,21.973,46.848,14.0,20.0,29.0
03,2025,35.732,4,,baseline,12.0,39.052,86.956,0.0,16.918,23.583,48.578,9.0,14.0,24.0
03,2026,32.989,4,,baseline,15.0,28.205,86.735,0.0,17.014,21.348,46.043,7.0,16.0,26.0
03,2027,53.347,3,PILLARS_RENORMALIZED,baseline,10.0,56.41,86.523,,17.107,40.302,65.545,6.0,10.0,23.0
04,2020,25.762,4,,baseline,24.0,9.05,77.432,0.0,16.567,15.118,38.307,20.0,24.0,31.0
04,2021,22.932,4,,baseline,31.0,0.141,75.006,0.0,16.58,12.081,35.598,22.0,30.0,32.0
04,2022,23.285,4,,baseline,26.0,0.282,76.258,0.0,16.6,12.29,36.117,21.0,28.0,32.0
04,2023,26.28,4,,baseline,29.0,5.755,82.739,0.0,16.626,14.621,39.867,21.0,29.0,32.0
04,2024,26.602,4,,baseline,26.0,7.071,82.687,0.0,16.649,15.091,40.119,21.0,28.0,32.0
04,2025,24.566,4,,baseline,27.0,4.95,76.644,0.0,16.67,13.695,37.214,22.0,28.0,32.0
04,2026,23.597,4,,baseline,28.0,1.098,76.603,0.0,16.688,12.561,36.42,22.0,28.0,32.0
04,2027,30.712,3,PILLARS_RENORMALIZED,baseline,31.0,0.0,75.431,,16.704,17.088,45.923,23.0,30.0,32.0
05,2020,29.02,4,,baseline,19.0,33.867,72.856,0.0,9.358,18.479,39.903,9.0,20.0,30.0
05,2021,30.427,4,,baseline,20.0,39.914,72.381,0.0,9.415,19.868,41.322,15.0,20.0,30.0
05,2022,36.85,4,,baseline,7.0,64.636,73.287,0.0,9.479,24.473,48.806,3.0,7.0,25.0
05,2023,34.125,4,,baseline,22.0,54.5,72.454,0.0,9.546,22.745,45.225,14.0,21.0,30.0
05,2024,32.819,4,,baseline,22.0,50.281,71.383,0.0,9.61,21.791,43.508,14.0,21.0,30.0
05,2025,34.886,4,,baseline,15.0,58.627,71.244,0.0,9.673,23.152,46.137,8.0,15.0,29.0
05,2026,32.143,4,,baseline,18.0,48.34,70.498,0.0,9.733,21.302,42.71,7.0,18.0,29.0
05,2027,49.104,3,PILLARS_RENORMALIZED,baseline,15.0,67.857,69.663,,9.791,35.862,60.438,9.0,16.0,28.0
06,2020,30.777,4,,baseline,16.0,1.655,100.0,0.0,21.451,16.339,47.493,4.0,17.0,28.0
06,2021,39.469,4,,baseline,11.0,36.401,100.0,0.0,21.474,26.07,54.4,2.0,11.0,19.0
06,2022,32.076,4,,baseline,18.0,6.802,100.0,0.0,21.502,17.927,48.604,6.0,17.0,28.0
06,2023,41.333,4,,baseline,11.0,43.793,100.0,0.0,21.538,27.54,55.996,4.0,11.5,21.0
06,2024,36.889,4,,baseline,16.0,25.995,99.987,0.0,21.573,23.424,52.201,7.0,17.0,25.0
06,2025,34.972,4,,baseline,14.0,18.366,99.916,0.0,21.606,21.248,50.754,6.0,15.0,26.0
06,2026,34.917,4,,baseline,10.0,18.182,99.85,0.0,21.636,21.23,50.683,4.0,12.0,25.0
06,2027,52.606,3,PILLARS_RENORMALIZED,baseline,11.0,36.364,99.789,,21.665,38.374,68.773,2.0,12.0,22.0
07,2020,24.506,4,,baseline,27.0,1.897,32.996,0.0,63.132,14.609,35.407,12.0,26.0,29.0
07,2021,24.195,4,,baseline,27.0,0.727,32.857,0.0,63.196,14.166,35.192,18.0,27.0,32.0
07,2022,24.405,4,,baseline,23.0,1.645,32.707,0.0,63.267,14.49,35.334,14.0,24.0,31.0
07,2023,25.236,4,,baseline,30.0,5.113,32.49,0.0,63.341,15.736,35.867,20.0,29.0,31.0
07,2024,26.461,4,,baseline,27.0,10.215,32.216,0.0,63.414,17.263,36.653,18.0,28.0,31.0
07,2025,24.134,4,,baseline,28.0,0.986,32.067,0.0,63.483,14.184,35.13,17.0,27.0,31.0
07,2026,24.489,4,,baseline,27.0,2.481,31.924,0.0,63.55,14.698,35.338,14.0,27.0,31.0
07,2027,31.8,3,PILLARS_RENORMALIZED,baseline,29.0,0.0,31.787,,63.614,19.877,43.433,19.0,28.0,31.0
08,2020,37.933,4,,baseline,4.0,37.346,70.737,0.0,43.649,27.905,47.651,2.0,4.0,10.05
08,2021,41.931,4,,baseline,5.0,53.946,70.079,0.0,43.7,31.101,51.46,4.0,6.0,12.0
08,2022,37.871,4,,baseline,6.0,36.274,71.45,0.0,43.76,27.703,47.662,5.0,7.0,12.0
08,2023,44.425,4,,baseline,7.0,60.467,73.41,0.0,43.824,32.759,54.562,6.0,8.0,10.0
08,2024,49.911,4,,baseline,3.0,81.148,74.609,0.0,43.886,36.57,61.68,3.0,3.0,6.0
08,2025,47.087,4,,baseline,3.0,70.112,74.294,0.0,43.944,34.57,57.73,2.0,3.0,5.0
08,2026,38.394,4,,baseline,7.0,35.524,74.053,0.0,43.999,27.882,48.651,6.0,7.0,10.0
08,2027,59.792,3,PILLARS_RENORMALIZED,baseline,7.0,62.295,73.032,,44.05,54.224,64.86,6.0,7.0,8.0
09,2020,28.26,4,,baseline,21.0,0.0,50.086,0.0,62.953,17.078,39.755,9.0,21.0,26.0
09,2021,29.381,4,,baseline,22.0,4.481,50.089,0.0,62.953,18.614,40.546,12.0,22.0,26.0
09,2022,27.625,4,,baseline,20.0,0.69,46.859,0.0,62.953,16.741,38.967,11.0,20.0,25.0
09,2023,43.357,4,,baseline,8.0,60.731,49.743,0.0,62.953,31.985,52.699,4.0,9.0,19.0
09,2024,45.329,4,,baseline,7.0,70.798,47.569,0.0,62.951,33.489,55.555,3.0,8.0,18.0
09,2025,40.127,4,,baseline,8.0,50.0,47.569,0.0,62.939,29.529,48.889,4.0,8.0,19.0
09,2026,40.124,4,,baseline,4.0,50.0,47.569,0.0,62.926,29.526,48.883,3.0,4.0,19.0
09,2027,70.159,3,PILLARS_RENORMALIZED,baseline,2.0,100.0,47.569,,62.91,60.937,80.823,1.0,2.0,10.0
10,2020,34.273,4,,baseline,10.0,26.539,79.833,0.0,30.72,23.657,45.933,6.0,11.0,17.0
10,2021,44.084,4,,baseline,3.0,66.043,79.541,0.0,30.753,31.64,55.358,2.0,3.0,12.0
10,2022,35.736,4,,baseline,9.0,32.197,79.955,0.0,30.79,25.098,47.174,8.0,10.0,16.0
10,2023,42.895,4,,baseline,9.0,62.033,78.717,0.0,30.831,30.899,53.911,7.0,10.0,14.0
10,2024,44.787,4,,baseline,9.0,70.69,77.588,0.0,30.869,32.245,56.258,6.0,8.0,13.0
10,2025,37.714,4,,baseline,11.0,42.445,77.509,0.0,30.904,27.135,48.339,9.0,11.0,16.0
10,2026,31.898,4,,baseline,19.0,20.723,75.932,0.0,30.936,21.45,43.296,15.0,18.0,22.0
10,2027,49.403,3,PILLARS_RENORMALIZED,baseline,14.0,41.379,75.866,,30.965,41.291,58.466,13.0,15.0,18.0
11,2020,34.423,4,,baseline,9.0,13.948,74.845,0.0,48.9,22.729,46.389,8.0,10.0,14.0
11,2021,41.395,4,,baseline,7.0,41.686,74.959,0.0,48.937,30.536,51.631,4.0,7.0,10.0
11,2022,35.447,4,,baseline,12.0,24.299,68.508,0.0,48.98,25.164,45.856,7.0,11.0,16.0
11,2023,47.848,4,,baseline,4.0,76.543,65.817,0.0,49.032,35.271,58.816,3.0,4.0,9.0
11,2024,47.547,4,,baseline,6.0,74.358,66.748,0.0,49.081,34.937,58.08,5.0,6.0,10.0
11,2025,38.454,4,,baseline,10.0,39.588,65.101,0.0,49.127,28.564,47.495,8.0,10.5,15.0
11,2026,38.942,4,,baseline,6.0,36.111,70.487,0.0,49.17,28.545,48.734,4.0,6.0,9.0
11,2027,63.589,3,PILLARS_RENORMALIZED,baseline,3.0,72.222,69.336,,49.21,58.743,67.852,3.0,4.0,5.0
12,2020,42.499,4,,baseline,1.0,37.808,72.806,0.0,59.382,31.204,53.249,1.0,1.0,2.0
12,2021,40.331,4,,baseline,9.0,29.133,72.811,0.0,59.379,28.887,51.703,2.0,10.0,14.0
12,2022,33.552,4,,baseline,15.0,1.816,73.01,0.0,59.382,20.419,46.907,6.0,15.0,18.0
12,2023,39.291,4,,baseline,13.0,24.779,72.996,0.0,59.388,27.634,50.985,6.0,14.0,21.0
12,2024,37.999,4,,baseline,15.0,19.404,73.201,0.0,59.391,26.148,50.079,8.0,15.0,21.0
12,2025,34.338,4,,baseline,16.0,4.761,73.198,0.0,59.392,21.573,47.479,7.0,16.0,21.0
12,2026,34.678,4,,baseline,11.0,6.117,73.202,0.0,59.391,22.092,47.731,5.0,11.0,20.0
12,2027,47.056,3,PILLARS_RENORMALIZED,baseline,19.0,8.571,73.211,,59.387,33.298,58.585,8.0,19.0,23.0
13,2020,31.429,4,,baseline,15.0,12.06,72.154,0.0,41.502,20.469,42.859,13.0,16.0,18.0
13,2021,33.285,4,,baseline,18.0,20.529,71.062,0.0,41.549,22.988,43.972,16.0,17.0,19.0
13,2022,35.488,4,,baseline,11.0,30.706,69.642,0.0,41.603,25.48,45.222,9.0,11.0,15.0
13,2023,38.042,4,,baseline,17.0,37.403,73.1,0.0,41.665,27.876,48.038,15.0,17.0,19.0
13,2024,38.923,4,,baseline,12.0,40.76,73.205,0.0,41.725,28.662,48.898,11.0,13.0,16.0
13,2025,30.699,4,,baseline,20.0,7.931,73.083,0.0,41.783,19.363,42.604,17.0,21.0,25.0
13,2026,30.541,4,,baseline,20.0,7.359,72.966,0.0,41.838,19.166,42.438,16.0,20.0,24.0
13,2027,41.905,3,PILLARS_RENORMALIZED,baseline,22.0,14.286,69.538,,41.89,31.596,51.883,19.0,22.0,25.0
14,2020,26.075,4,,baseline,23.0,12.178,54.835,0.0,37.287,17.551,34.786,21.0,23.0,24.0
14,2021,31.592,4,,baseline,19.0,35.328,53.714,0.0,37.328,23.526,38.829,16.0,19.0,22.0
14,2022,25.423,4,,baseline,22.0,18.046,46.273,0.0,37.374,18.162,32.697,20.0,23.0,26.0
14,2023,36.389,4,,baseline,19.0,67.714,40.413,0.0,37.427,26.652,45.773,11.0,19.0,24.0
14,2024,31.939,4,,baseline,23.0,49.082,41.194,0.0,37.479,23.625,38.817,15.0,23.0,26.0
14,2025,27.636,4,,baseline,23.0,32.36,40.657,0.0,37.528,20.524,33.609,16.0,23.0,27.0
14,2026,27.031,4,,baseline,23.0,29.744,40.805,0.0,37.575,20.13,33.032,16.0,23.0,27.0
14,2027,45.884,3,PILLARS_RENORMALIZED,baseline,20.0,59.322,40.713,,37.619,41.843,50.577,10.0,19.0,25.0
15,2020,41.639,4,,baseline,2.0,6.677,62.385,38.685,58.807,32.146,49.894,1.0,2.0,12.0
15,2021,50.909,4,,baseline,1.0,18.12,65.378,61.315,58.824,42.567,57.586,1.0,1.0,11.0
15,2022,48.468,4,,baseline,2.0,5.471,68.236,61.315,58.851,37.563,57.246,1.0,2.0,9.0
15,2023,63.035,4,,baseline,1.0,67.856,64.082,61.315,58.889,61.766,64.336,1.0,1.0,2.0
15,2024,63.254,4,,baseline,2.0,69.425,63.352,61.315,58.924,61.848,64.887,2.0,2.0,2.0
15,2025,57.071,4,,baseline,2.0,44.658,63.356,61.315,58.956,53.889,59.66,2.0,2.0,3.0
15,2026,56.744,4,,baseline,2.0,44.486,62.189,61.315,58.986,53.604,59.289,2.0,2.0,2.0
15,2027,71.817,3,PILLARS_RENORMALIZED,baseline,1.0,88.889,67.549,,59.013,66.578,77.835,1.0,1.0,2.0
16,2020,26.125,4,,baseline,22.0,22.046,26.863,0.0,55.591,18.303,34.179,10.0,22.0,29.0
16,2021,34.351,4,,baseline,16.0,54.991,26.788,0.0,55.626,24.826,43.144,5.0,15.0,25.0
16,2022,23.85,4,,baseline,24.0,13.032,26.699,0.0,55.668,16.047,32.414,17.0,24.0,31.0
16,2023,37.503,4,,baseline,18.0,68.117,26.173,0.0,55.721,26.728,47.719,7.0,17.0,25.0
16,2024,34.281,4,,baseline,19.0,55.288,26.065,0.0,55.772,24.762,43.19,11.0,19.0,26.0
16,2025,25.753,4,,baseline,25.0,21.228,25.962,0.0,55.821,17.894,33.905,16.0,25.0,29.0
16,2026,25.885,4,,baseline,25.0,21.81,25.864,0.0,55.867,18.043,34.0,13.0,24.0,29.0
16,2027,40.864,3,PILLARS_RENORMALIZED,baseline,23.0,40.909,25.772,,55.911,35.495,46.346,12.0,22.0,28.0
17,2020,31.646,4,,baseline,14.0,2.707,71.096,0.0,52.782,19.481,44.194,9.0,15.0,21.0
17,2021,30.318,4,,baseline,21.0,0.92,67.557,0.0,52.797,18.337,42.602,15.0,21.0,25.0
17,2022,31.359,4,,baseline,19.0,5.108,67.508,0.0,52.82,19.873,43.264,11.0,18.0,19.0
17,2023,40.602,4,,baseline,12.0,41.676,67.875,0.0,52.857,30.07,50.129,9.0,12.0,17.0
17,2024,38.182,4,,baseline,13.0,32.033,67.804,0.0,52.891,27.804,48.203,11.0,15.0,18.0
17,2025,33.52,4,,baseline,17.0,13.42,67.738,0.0,52.923,22.261,44.86,12.0,17.0,20.0
17,2026,33.453,4,,baseline,14.0,13.185,67.676,0.0,52.952,22.156,44.8,10.0,15.0,19.0
17,2027,48.533,3,PILLARS_RENORMALIZED,baseline,17.0,25.0,67.62,,52.979,40.082,56.004,10.0,17.0,20.0
18,2020,20.238,4,,baseline,31.0,7.263,38.885,0.0,34.803,13.454,27.053,28.0,31.0,31.0
18,2021,25.255,4,,baseline,25.0,27.393,38.774,0.0,34.854,18.802,30.857,21.0,26.0,31.0
18,2022,21.769,4,,baseline,30.0,13.512,38.652,0.0,34.911,15.303,28.076,25.0,29.0,31.0
18,2023,28.261,4,,baseline,26.0,39.693,38.379,0.0,34.974,20.886,34.065,22.0,26.0,30.0
18,2024,25.821,4,,baseline,29.0,30.103,38.145,0.0,35.036,19.181,31.417,26.0,28.0,31.0
18,2025,22.345,4,,baseline,30.0,16.131,38.154,0.0,35.095,15.999,28.384,27.0,29.0,31.0
18,2026,21.697,4,,baseline,30.0,13.603,38.033,0.0,35.151,15.289,27.966,27.0,30.0,31.0
18,2027,32.707,3,PILLARS_RENORMALIZED,baseline,27.0,25.0,37.918,,35.204,29.951,35.013,25.0,28.0,31.0
19,2020,32.107,4,,baseline,13.0,17.88,85.014,0.0,25.532,20.628,45.149,9.0,14.0,22.0
19,2021,37.537,4,,baseline,13.0,40.879,83.657,0.0,25.613,26.115,49.206,9.0,14.0,19.05
19,2022,34.041,4,,baseline,13.0,27.0,83.467,0.0,25.699,22.923,46.273,10.0,13.0,21.0
19,2023,47.847,4,,baseline,5.0,45.922,80.991,38.685,25.791,40.465,55.949,3.0,5.0,13.0
19,2024,45.065,4,,baseline,8.0,35.218,80.475,38.685,25.881,37.646,53.689,3.0,8.5,16.0
19,2025,43.841,4,,baseline,5.0,30.244,80.468,38.685,25.968,36.157,52.801,3.0,6.0,13.0
19,2026,44.298,4,,baseline,3.0,32.154,80.298,38.685,26.053,36.762,53.036,3.0,3.0,9.0
19,2027,53.963,3,PILLARS_RENORMALIZED,baseline,9.0,56.522,79.233,,26.134,43.961,63.315,9.0,10.0,16.0
20,2020,25.718,4,,baseline,25.0,14.056,36.834,0.0,51.983,17.693,33.9,14.0,24.0,26.0
20,2021,23.044,4,,baseline,29.0,3.383,36.789,0.0,52.004,14.459,32.11,24.0,29.0,31.0
20,2022,23.706,4,,baseline,25.0,7.882,34.909,0.0,52.033,15.571,32.388,20.0,25.0,28.0
20,2023,26.329,4,,baseline,28.0,18.862,34.381,0.0,52.073,18.565,34.034,24.0,28.0,30.0
20,2024,25.927,4,,baseline,28.0,17.301,34.297,0.0,52.112,18.137,33.786,22.95,28.0,30.0
20,2025,22.864,4,,baseline,29.0,5.091,34.216,0.0,52.149,14.616,31.812,23.0,29.0,31.0
20,2026,23.013,4,,baseline,29.0,5.727,34.139,0.0,52.185,14.83,31.908,21.0,29.0,31.0
20,2027,31.936,3,PILLARS_RENORMALIZED,baseline,28.0,9.524,34.066,,52.218,23.869,39.538,25.0,28.0,30.0
21,2020,22.615,4,,baseline,28.0,2.109,34.145,0.0,54.205,13.853,32.121,19.0,28.0,31.0
21,2021,22.962,4,,baseline,30.0,3.558,34.045,0.0,54.247,14.321,32.281,23.0,29.0,32.0
21,2022,23.21,4,,baseline,27.0,4.693,33.849,0.0,54.299,14.633,32.533,20.0,27.0,30.0
21,2023,28.519,4,,baseline,25.0,25.799,33.912,0.0,54.363,20.417,36.304,20.0,26.0,29.0
21,2024,29.575,4,,baseline,25.0,30.09,33.782,0.0,54.426,21.421,37.145,17.0,25.0,27.0
21,2025,26.32,4,,baseline,24.0,16.81,33.983,0.0,54.487,18.323,34.607,18.0,24.0,27.0
21,2026,26.171,4,,baseline,24.0,17.187,32.952,0.0,54.547,18.251,34.365,15.0,24.0,26.0
21,2027,40.182,3,PILLARS_RENORMALIZED,baseline,24.0,33.333,32.609,,54.604,36.025,45.04,14.0,23.0,26.0
22,2020,36.406,4,,baseline,6.0,19.405,74.469,0.0,51.75,24.958,48.227,5.0,6.0,11.0
22,2021,40.721,4,,baseline,8.0,36.768,74.272,0.0,51.844,29.712,51.092,3.0,9.0,12.0
22,2022,55.862,4,,baseline,1.0,59.852,72.969,38.685,51.942,51.107,60.54,1.0,1.0,2.0
22,2023,60.3,4,,baseline,2.0,77.167,73.301,38.685,52.046,54.034,66.084,1.0,2.0,2.0
22,2024,71.12,4,,baseline,1.0,81.818,73.145,77.371,52.147,66.198,75.186,1.0,1.0,1.0
22,2025,65.638,4,,baseline,1.0,37.333,72.977,100.0,52.243,56.549,75.282,1.0,1.0,2.0
22,2026,64.306,4,,baseline,1.0,32.107,72.783,100.0,52.336,54.582,74.423,1.0,1.0,1.0
22,2027,62.886,3,PILLARS_RENORMALIZED,baseline,4.0,63.636,72.596,,52.425,59.109,66.427,3.0,4.0,5.0
23,2020,25.414,4,,baseline,26.0,10.697,57.686,0.0,33.271,16.656,34.477,22.0,25.0,27.0
23,2021,22.794,4,,baseline,32.0,0.334,57.465,0.0,33.376,13.437,32.69,24.0,29.0,31.0
23,2022,23.088,4,,baseline,28.0,1.839,57.028,0.0,33.484,13.959,32.781,23.0,27.0,31.0
23,2023,23.88,4,,baseline,31.0,3.488,58.435,0.0,33.595,14.729,33.622,26.0,31.0,32.0
23,2024,24.156,4,,baseline,31.0,2.591,60.331,0.0,33.702,14.713,34.324,23.0,30.0,32.0
23,2025,25.34,4,,baseline,26.0,7.437,60.118,0.0,33.804,16.093,35.048,23.0,26.0,30.0
23,2026,24.899,4,,baseline,26.0,5.781,59.915,0.0,33.901,15.579,34.682,23.0,26.0,29.0
23,2027,31.238,3,PILLARS_RENORMALIZED,baseline,30.0,0.0,59.721,,33.995,19.742,41.994,25.0,29.0,31.0
24,2020,39.508,4,,baseline,3.0,28.729,81.055,0.0,48.248,27.663,51.339,2.0,3.0,4.0
24,2021,39.684,4,,baseline,10.0,29.384,81.08,0.0,48.273,27.853,51.502,4.0,11.0,14.0
24,2022,41.537,4,,baseline,4.0,34.37,83.469,0.0,48.31,29.584,53.315,3.0,4.0,5.0
24,2023,48.956,4,,baseline,3.0,63.674,83.794,0.0,48.355,36.044,60.407,3.0,4.0,6.0
24,2024,48.168,4,,baseline,5.0,64.392,79.881,0.0,48.399,35.537,59.155,3.0,5.0,7.0
24,2025,39.816,4,,baseline,9.0,31.035,79.789,0.0,48.441,28.198,51.284,5.0,9.0,13.0
24,2026,39.409,4,,baseline,5.0,29.453,79.702,0.0,48.481,27.782,50.99,4.0,5.0,8.0
24,2027,61.804,3,PILLARS_RENORMALIZED,baseline,5.0,57.895,78.997,,48.519,56.426,67.736,2.0,5.0,7.0
25,2020,33.835,4,,baseline,12.0,27.393,69.282,0.0,38.663,23.959,43.618,7.0,11.0,16.0
25,2021,43.501,4,,baseline,4.0,66.093,69.219,0.0,38.692,31.846,53.532,2.0,4.0,13.0
25,2022,32.619,4,,baseline,16.0,22.337,69.413,0.0,38.729,22.751,42.893,13.0,16.0,18.0
25,2023,45.019,4,,baseline,6.0,65.788,75.518,0.0,38.769,32.831,55.667,5.0,7.0,11.0
25,2024,48.223,4,,baseline,4.0,78.572,75.511,0.0,38.808,35.129,59.894,4.0,5.0,9.0
25,2025,44.767,4,,baseline,4.0,65.065,75.159,0.0,38.844,32.677,55.334,4.0,5.0,9.0
25,2026,36.493,4,,baseline,8.0,32.076,75.019,0.0,38.877,26.125,46.872,8.0,9.0,13.0
25,2027,57.049,3,PILLARS_RENORMALIZED,baseline,8.0,57.143,75.094,,38.909,50.435,63.473,7.0,8.0,10.0
26,2020,35.432,4,,baseline,8.0,32.684,80.315,0.0,28.728,24.806,46.928,4.0,8.0,16.0
26,2021,46.813,4,,baseline,2.0,78.083,80.406,0.0,28.764,33.293,59.191,1.0,2.0,9.0
26,2022,36.377,4,,baseline,8.0,39.629,77.068,0.0,28.809,25.85,47.087,7.0,8.0,16.05
26,2023,39.1,4,,baseline,15.0,49.208,78.331,0.0,28.86,28.133,49.872,11.0,15.0,19.0
26,2024,43.715,4,,baseline,10.0,69.022,76.929,0.0,28.909,31.312,55.057,8.0,9.0,15.05
26,2025,43.774,4,,baseline,6.0,65.983,80.157,0.0,28.956,31.285,55.195,4.0,6.0,13.0
26,2026,32.762,4,,baseline,17.0,22.05,79.998,0.0,29.0,21.938,44.684,13.0,16.0,21.0
26,2027,48.787,3,PILLARS_RENORMALIZED,baseline,16.0,38.333,78.986,,29.043,39.672,59.131,12.0,16.0,21.0
27,2020,29.85,4,,baseline,17.0,16.221,72.89,0.0,30.29,19.594,41.142,16.0,19.0,23.0
27,2021,25.798,4,,baseline,24.0,0.0,72.901,0.0,30.293,14.661,38.094,20.0,26.0,30.0
27,2022,26.17,4,,baseline,21.0,0.0,74.377,0.0,30.304,14.9,38.697,20.0,22.0,30.0
27,2023,27.827,4,,baseline,27.0,6.715,74.272,0.0,30.321,17.01,39.898,21.0,27.0,30.0
27,2024,31.585,4,,baseline,24.0,21.737,74.268,0.0,30.335,21.465,42.688,20.0,24.0,27.0
27,2025,29.784,4,,baseline,22.0,14.546,74.241,0.0,30.348,19.348,41.404,19.0,21.0,27.0
27,2026,27.355,4,,baseline,22.0,1.679,77.38,0.0,30.359,15.833,40.264,20.0,23.0,31.0
27,2027,35.909,3,PILLARS_RENORMALIZED,baseline,26.0,0.0,77.36,,30.369,22.091,50.115,21.0,26.0,30.0
28,2020,34.152,4,,baseline,11.0,22.19,82.678,0.0,31.74,22.845,46.598,7.0,10.0,17.0
28,2021,37.454,4,,baseline,14.0,35.701,82.338,0.0,31.777,26.476,49.078,11.0,14.0,16.0
28,2022,38.709,4,,baseline,5.0,40.574,82.44,0.0,31.821,27.548,50.063,4.0,6.0,13.0
28,2023,39.142,4,,baseline,14.0,42.392,82.307,0.0,31.869,27.943,50.565,10.0,15.0,19.0
28,2024,38.119,4,,baseline,14.0,37.737,82.827,0.0,31.914,27.069,49.707,11.0,15.0,19.0
28,2025,32.778,4,,baseline,19.0,17.641,81.512,0.0,31.957,21.424,45.384,14.0,18.0,22.05
28,2026,34.16,4,,baseline,12.0,23.219,81.423,0.0,31.998,23.064,46.316,10.0,12.0,18.0
28,2027,47.092,3,PILLARS_RENORMALIZED,baseline,18.0,28.571,80.67,,32.035,37.325,58.208,14.0,18.0,23.0
29,2020,22.13,4,,baseline,29.0,2.023,34.896,0.0,51.604,13.65,31.224,21.0,29.0,31.0
29,2021,23.428,4,,baseline,28.0,8.242,33.826,0.0,51.645,15.453,31.988,24.0,28.0,31.0
29,2022,21.713,4,,baseline,31.0,3.646,31.505,0.0,51.7,13.56,30.611,23.0,30.0,32.0
29,2023,21.84,4,,baseline,32.0,4.844,30.749,0.0,51.768,13.843,30.535,27.0,32.0,32.0
29,2024,23.212,4,,baseline,32.0,10.402,30.611,0.0,51.834,15.509,31.536,25.0,31.0,32.0
29,2025,20.594,4,,baseline,32.0,0.0,30.477,0.0,51.898,12.088,29.883,26.0,31.0,32.0
29,2026,20.748,4,,baseline,32.0,0.13,30.901,0.0,51.96,12.215,30.041,25.0,31.0,32.0
29,2027,27.936,3,PILLARS_RENORMALIZED,baseline,32.0,0.0,31.789,,52.019,17.995,37.1,27.0,32.0,32.0
30,2020,37.114,4,,baseline,5.0,13.876,80.421,0.0,54.161,24.411,50.154,3.0,5.0,11.0
30,2021,34.499,4,,baseline,15.0,3.539,80.31,0.0,54.146,21.195,48.405,6.0,15.0,22.0
30,2022,35.515,4,,baseline,10.0,7.614,80.307,0.0,54.137,22.638,49.119,5.0,11.0,15.0
30,2023,39.066,4,,baseline,16.0,21.857,80.271,0.0,54.136,26.896,51.571,6.0,14.0,22.0
30,2024,39.232,4,,baseline,11.0,24.171,78.622,0.0,54.134,27.308,51.372,7.0,12.0,18.0
30,2025,35.61,4,,baseline,13.0,11.935,76.375,0.0,54.13,23.22,48.387,8.0,13.0,17.0
30,2026,35.474,4,,baseline,9.0,11.38,76.391,0.0,54.123,23.101,48.262,6.0,10.0,17.0
30,2027,50.915,3,PILLARS_RENORMALIZED,baseline,12.0,22.222,76.408,,54.115,40.497,60.643,7.0,12.0,19.0
31,2020,35.652,4,,baseline,7.0,9.227,83.347,0.0,50.034,22.509,49.25,4.0,7.0,14.0
31,2021,33.327,4,,baseline,17.0,0.0,83.215,0.0,50.095,19.602,47.761,9.0,17.0,23.0
31,2022,33.975,4,,baseline,14.0,1.041,84.7,0.0,50.16,20.209,48.483,6.0,14.0,18.05
31,2023,35.608,4,,baseline,20.0,6.823,85.381,0.0,50.229,22.223,49.641,9.0,20.0,26.0
31,2024,35.305,4,,baseline,18.0,5.792,85.131,0.0,50.296,21.913,49.375,10.0,18.0,27.0
31,2025,33.382,4,,baseline,18.0,1.136,82.035,0.0,50.359,19.952,47.583,10.0,17.0,24.0
31,2026,32.969,4,,baseline,16.0,0.906,80.549,0.0,50.42,19.748,46.973,8.0,15.0,23.0
31,2027,42.997,3,PILLARS_RENORMALIZED,baseline,21.0,0.0,78.513,,50.478,27.607,56.82,11.0,21.0,26.0
32,2020,17.99,4,,baseline,32.0,7.639,38.105,0.0,26.215,12.016,24.141,30.0,32.0,32.0
32,2021,24.892,4,,baseline,26.0,35.279,38.047,0.0,26.241,18.419,30.259,19.0,27.0,32.0
32,2022,20.482,4,,baseline,32.0,21.712,33.936,0.0,26.279,15.21,25.174,23.0,31.0,32.0
32,2023,31.492,4,,baseline,24.0,69.93,29.71,0.0,26.326,21.944,41.752,13.0,24.0,32.0
32,2024,25.559,4,,baseline,30.0,47.131,28.734,0.0,26.372,18.753,32.084,21.0,29.0,32.0
32,2025,21.984,4,,baseline,31.0,32.883,28.637,0.0,26.416,16.272,26.676,22.0,31.0,32.0
32,2026,20.947,4,,baseline,31.0,29.412,27.918,0.0,26.458,15.475,25.241,23.0,31.0,32.0
32,2027,39.565,3,PILLARS_RENORMALIZED,baseline,25.0,58.824,33.375,,26.497,33.774,46.301,13.0,25.0,31.0
01,2020,18.319,4,,water_heavy,29.0,4.178,44.082,0.0,39.159,,,,,
01,2021,27.398,4,,water_heavy,20.0,26.908,43.953,0.0,39.219,,,,,
01,2022,22.694,4,,water_heavy,21.0,21.56,31.062,0.0,39.286,,,,,
01,2023,52.842,4,,water_heavy,4.0,95.693,33.468,0.0,39.356,,,,,
01,2024,44.151,4,,water_heavy,10.0,74.903,31.527,0.0,39.424,,,,,
01,2025,34.592,4,,water_heavy,14.0,50.585,32.302,0.0,39.489,,,,,
01,2026,34.344,4,,water_heavy,10.0,50.0,32.168,0.0,39.552,,,,,
01,2027,69.856,3,PILLARS_RENORMALIZED,water_heavy,3.0,100.0,39.811,,39.613,,,,,
02,2020,24.187,4,,water_heavy,21.0,2.889,76.22,0.0,38.936,,,,,
02,2021,43.484,4,,water_heavy,6.0,50.951,76.509,0.0,39.006,,,,,
02,2022,50.209,4,,water_heavy,2.0,67.497,76.965,0.0,39.084,,,,,
02,2023,30.786,4,,water_heavy,23.0,19.544,75.674,0.0,39.166,,,,,
02,2024,31.184,4,,water_heavy,22.0,20.869,74.936,0.0,39.246,,,,,
02,2025,43.724,4,,water_heavy,6.0,50.547,78.205,0.0,39.323,,,,,
02,2026,30.661,4,,water_heavy,14.0,17.408,79.093,0.0,39.396,,,,,
02,2027,45.534,3,PILLARS_RENORMALIZED,water_heavy,16.0,33.333,76.003,,39.465,,,,,
03,2020,24.826,4,,water_heavy,20.0,8.825,89.683,0.0,16.8,,,,,
03,2021,41.88,4,,water_heavy,7.0,51.844,88.911,0.0,16.8,,,,,
03,2022,31.374,4,,water_heavy,13.0,26.474,87.123,0.0,16.8,,,,,
03,2023,33.865,4,,water_heavy,22.0,32.809,86.908,0.0,16.8,,,,,
03,2024,33.192,4,,water_heavy,21.0,30.963,87.216,0.0,16.819,,,,,
03,2025,36.396,4,,water_heavy,13.0,39.052,86.956,0.0,16.918,,,,,
03,2026,32.032,4,,water_heavy,11.0,28.205,86.735,0.0,17.014,,,,,
03,2027,54.112,3,PILLARS_RENORMALIZED,water_heavy,10.0,56.41,86.523,,17.107,,,,,
04,2020,22.42,4,,water_heavy,26.0,9.05,77.432,0.0,16.567,,,,,
04,2021,18.374,4,,water_heavy,31.0,0.141,75.006,0.0,16.58,,,,,
04,2022,18.685,4,,water_heavy,31.0,0.282,76.258,0.0,16.6,,,,,
04,2023,22.175,4,,water_heavy,29.0,5.755,82.739,0.0,16.626,,,,,
04,2024,22.696,4,,water_heavy,30.0,7.071,82.687,0.0,16.649,,,,,
04,2025,20.643,4,,water_heavy,29.0,4.95,76.644,0.0,16.67,,,,,
04,2026,19.097,4,,water_heavy,31.0,1.098,76.603,0.0,16.688,,,,,
04,2027,23.034,3,PILLARS_RENORMALIZED,water_heavy,31.0,0.0,75.431,,16.704,,,,,
05,2020,29.989,4,,water_heavy,13.0,33.867,72.856,0.0,9.358,,,,,
05,2021,32.324,4,,water_heavy,17.0,39.914,72.381,0.0,9.415,,,,,
05,2022,42.408,4,,water_heavy,3.0,64.636,73.287,0.0,9.479,,,,,
05,2023,38.2,4,,water_heavy,18.0,54.5,72.454,0.0,9.546,,,,,
05,2024,36.311,4,,water_heavy,16.0,50.281,71.383,0.0,9.61,,,,,
05,2025,39.634,4,,water_heavy,9.0,58.627,71.244,0.0,9.673,,,,,
05,2026,35.382,4,,water_heavy,9.0,48.34,70.498,0.0,9.733,,,,,
05,2027,53.792,3,PILLARS_RENORMALIZED,water_heavy,11.0,67.857,69.663,,9.791,,,,,
06,2020,24.952,4,,water_heavy,19.0,1.655,100.0,0.0,21.451,,,,,
06,2021,38.855,4,,water_heavy,10.0,36.401,100.0,0.0,21.474,,,,,
06,2022,27.021,4,,water_heavy,18.0,6.802,100.0,0.0,21.502,,,,,
06,2023,41.825,4,,water_heavy,13.0,43.793,100.0,0.0,21.538,,,,,
06,2024,34.71,4,,water_heavy,19.0,25.995,99.987,0.0,21.573,,,,,
06,2025,31.651,4,,water_heavy,15.0,18.366,99.916,0.0,21.606,,,,,
06,2026,31.57,4,,water_heavy,13.0,18.182,99.85,0.0,21.636,,,,,
06,2027,48.545,3,PILLARS_RENORMALIZED,water_heavy,13.0,36.364,99.789,,21.665,,,,,
07,2020,19.984,4,,water_heavy,27.0,1.897,32.996,0.0,63.132,,,,,
07,2021,19.502,4,,water_heavy,28.0,0.727,32.857,0.0,63.196,,,,,
07,2022,19.853,4,,water_heavy,28.0,1.645,32.707,0.0,63.267,,,,,
07,2023,21.211,4,,water_heavy,30.0,5.113,32.49,0.0,63.341,,,,,
07,2024,23.212,4,,water_heavy,29.0,10.215,32.216,0.0,63.414,,,,,
07,2025,19.504,4,,water_heavy,30.0,0.986,32.067,0.0,63.483,,,,,
07,2026,20.087,4,,water_heavy,28.0,2.481,31.924,0.0,63.55,,,,,
07,2027,23.85,3,PILLARS_RENORMALIZED,water_heavy,29.0,0.0,31.787,,63.614,,,,,
08,2020,37.815,4,,water_heavy,2.0,37.346,70.737,0.0,43.649,,,,,
08,2021,44.334,4,,water_heavy,5.0,53.946,70.079,0.0,43.7,,,,,
08,2022,37.552,4,,water_heavy,7.0,36.274,71.45,0.0,43.76,,,,,
08,2023,47.634,4,,water_heavy,7.0,60.467,73.41,0.0,43.824,,,,,
08,2024,56.158,4,,water_heavy,3.0,81.148,74.609,0.0,43.886,,,,,
08,2025,51.692,4,,water_heavy,3.0,70.112,74.294,0.0,43.944,,,,,
08,2026,37.82,4,,water_heavy,6.0,35.524,74.053,0.0,43.999,,,,,
08,2027,60.418,3,PILLARS_RENORMALIZED,water_heavy,7.0,62.295,73.032,,44.05,,,,,
09,2020,22.608,4,,water_heavy,24.0,0.0,50.086,0.0,62.953,,,,,
09,2021,24.401,4,,water_heavy,25.0,4.481,50.089,0.0,62.953,,,,,
09,2022,22.238,4,,water_heavy,22.0,0.69,46.859,0.0,62.953,,,,,
09,2023,46.831,4,,water_heavy,9.0,60.731,49.743,0.0,62.953,,,,,
09,2024,50.423,4,,water_heavy,7.0,70.798,47.569,0.0,62.951,,,,,
09,2025,42.102,4,,water_heavy,7.0,50.0,47.569,0.0,62.939,,,,,
09,2026,42.099,4,,water_heavy,3.0,50.0,47.569,0.0,62.926,,,,,
09,2027,77.62,3,PILLARS_RENORMALIZED,water_heavy,1.0,100.0,47.569,,62.91,,,,,
10,2020,32.726,4,,water_heavy,7.0,26.539,79.833,0.0,30.72,,,,,
10,2021,48.476,4,,water_heavy,2.0,66.043,79.541,0.0,30.753,,,,,
10,2022,35.028,4,,water_heavy,9.0,32.197,79.955,0.0,30.79,,,,,
10,2023,46.723,4,,water_heavy,10.0,62.033,78.717,0.0,30.831,,,,,
10,2024,49.967,4,,water_heavy,8.0,70.69,77.588,0.0,30.869,,,,,
10,2025,38.66,4,,water_heavy,11.0,42.445,77.509,0.0,30.904,,,,,
10,2026,29.663,4,,water_heavy,17.0,20.723,75.932,0.0,30.936,,,,,
10,2027,47.397,3,PILLARS_RENORMALIZED,water_heavy,14.0,41.379,75.866,,30.965,,,,,
11,2020,30.328,4,,water_heavy,12.0,13.948,74.845,0.0,48.9,,,,,
11,2021,41.453,4,,water_heavy,8.0,41.686,74.959,0.0,48.937,,,,,
11,2022,33.217,4,,water_heavy,11.0,24.299,68.508,0.0,48.98,,,,,
11,2023,53.587,4,,water_heavy,3.0,76.543,65.817,0.0,49.032,,,,,
11,2024,52.909,4,,water_heavy,5.0,74.358,66.748,0.0,49.081,,,,,
11,2025,38.681,4,,water_heavy,10.0,39.588,65.101,0.0,49.127,,,,,
11,2026,38.376,4,,water_heavy,5.0,36.111,70.487,0.0,49.17,,,,,
11,2027,65.748,3,PILLARS_RENORMALIZED,water_heavy,4.0,72.222,69.336,,49.21,,,,,
12,2020,41.561,4,,water_heavy,1.0,37.808,72.806,0.0,59.382,,,,,
12,2021,38.091,4,,water_heavy,13.0,29.133,72.811,0.0,59.379,,,,,
12,2022,27.205,4,,water_heavy,17.0,1.816,73.01,0.0,59.382,,,,,
12,2023,36.388,4,,water_heavy,20.0,24.779,72.996,0.0,59.388,,,,,
12,2024,34.28,4,,water_heavy,20.0,19.404,73.201,0.0,59.391,,,,,
12,2025,28.423,4,,water_heavy,20.0,4.761,73.198,0.0,59.392,,,,,
12,2026,28.966,4,,water_heavy,19.0,6.117,73.202,0.0,59.391,,,,,
12,2027,37.435,3,PILLARS_RENORMALIZED,water_heavy,23.0,8.571,73.211,,59.387,,,,,
13,2020,27.555,4,,water_heavy,15.0,12.06,72.154,0.0,41.502,,,,,
13,2021,30.734,4,,water_heavy,18.0,20.529,71.062,0.0,41.549,,,,,
13,2022,34.531,4,,water_heavy,10.0,30.706,69.642,0.0,41.603,,,,,
13,2023,37.914,4,,water_heavy,19.0,37.403,73.1,0.0,41.665,,,,,
13,2024,39.29,4,,water_heavy,12.0,40.76,73.205,0.0,41.725,,,,,
13,2025,26.146,4,,water_heavy,23.0,7.931,73.083,0.0,41.783,,,,,
13,2026,25.904,4,,water_heavy,22.0,7.359,72.966,0.0,41.838,,,,,
13,2027,35.0,3,PILLARS_RENORMALIZED,water_heavy,24.0,14.286,69.538,,41.89,,,,,
14,2020,23.296,4,,water_heavy,23.0,12.178,54.835,0.0,37.287,,,,,
14,2021,32.34,4,,water_heavy,16.0,35.328,53.714,0.0,37.328,,,,,
14,2022,23.948,4,,water_heavy,20.0,18.046,46.273,0.0,37.374,,,,,
14,2023,42.654,4,,water_heavy,12.0,67.714,40.413,0.0,37.427,,,,,
14,2024,35.367,4,,water_heavy,18.0,49.082,41.194,0.0,37.479,,,,,
14,2025,28.581,4,,water_heavy,19.0,32.36,40.657,0.0,37.528,,,,,
14,2026,27.573,4,,water_heavy,20.0,29.744,40.805,0.0,37.575,,,,,
14,2027,49.244,3,PILLARS_RENORMALIZED,water_heavy,12.0,59.322,40.713,,37.619,,,,,
15,2020,34.646,4,,water_heavy,5.0,6.677,62.385,38.685,58.807,,,,,
15,2021,44.351,4,,water_heavy,4.0,18.12,65.378,61.315,58.824,,,,,
15,2022,39.869,4,,water_heavy,5.0,5.471,68.236,61.315,58.851,,,,,
15,2023,63.999,4,,water_heavy,1.0,67.856,64.082,61.315,58.889,,,,,
15,2024,64.488,4,,water_heavy,2.0,69.425,63.352,61.315,58.924,,,,,
15,2025,54.588,4,,water_heavy,2.0,44.658,63.356,61.315,58.956,,,,,
15,2026,54.292,4,,water_heavy,2.0,44.486,62.189,61.315,58.986,,,,,
15,2027,76.085,3,PILLARS_RENORMALIZED,water_heavy,2.0,88.889,67.549,,59.013,,,,,
16,2020,25.309,4,,water_heavy,18.0,22.046,26.863,0.0,55.591,,,,,
16,2021,38.479,4,,water_heavy,11.0,54.991,26.788,0.0,55.626,,,,,
16,2022,21.686,4,,water_heavy,23.0,13.032,26.699,0.0,55.668,,,,,
16,2023,43.626,4,,water_heavy,11.0,68.117,26.173,0.0,55.721,,,,,
16,2024,38.482,4,,water_heavy,13.0,55.288,26.065,0.0,55.772,,,,,
16,2025,24.848,4,,water_heavy,24.0,21.228,25.962,0.0,55.821,,,,,
16,2026,25.07,4,,water_heavy,23.0,21.81,25.864,0.0,55.867,,,,,
16,2027,40.875,3,PILLARS_RENORMALIZED,water_heavy,21.0,40.909,25.772,,55.911,,,,,
17,2020,25.859,4,,water_heavy,17.0,2.707,71.096,0.0,52.782,,,,,
17,2021,24.438,4,,water_heavy,24.0,0.92,67.557,0.0,52.797,,,,,
17,2022,26.109,4,,water_heavy,19.0,5.108,67.508,0.0,52.82,,,,,
17,2023,40.817,4,,water_heavy,15.0,41.676,67.875,0.0,52.857,,,,,
17,2024,36.952,4,,water_heavy,15.0,32.033,67.804,0.0,52.891,,,,,
17,2025,29.5,4,,water_heavy,18.0,13.42,67.738,0.0,52.923,,,,,
17,2026,29.4,4,,water_heavy,18.0,13.185,67.676,0.0,52.952,,,,,
17,2027,42.65,3,PILLARS_RENORMALIZED,water_heavy,19.0,25.0,67.62,,52.979,,,,,
18,2020,17.643,4,,water_heavy,31.0,7.263,38.885,0.0,34.803,,,,,
18,2021,25.683,4,,water_heavy,23.0,27.393,38.774,0.0,34.854,,,,,
18,2022,20.117,4,,water_heavy,27.0,13.512,38.652,0.0,34.911,,,,,
18,2023,30.548,4,,water_heavy,24.0,39.693,38.379,0.0,34.974,,,,,
18,2024,26.677,4,,water_heavy,27.0,30.103,38.145,0.0,35.036,,,,,
18,2025,21.102,4,,water_heavy,28.0,16.131,38.154,0.0,35.095,,,,,
18,2026,20.078,4,,water_heavy,29.0,13.603,38.033,0.0,35.151,,,,,
18,2027,30.78,3,PILLARS_RENORMALIZED,water_heavy,26.0,25.0,37.918,,35.204,,,,,
19,2020,29.261,4,,water_heavy,14.0,17.88,85.014,0.0,25.532,,,,,
19,2021,38.206,4,,water_heavy,12.0,40.879,83.657,0.0,25.613,,,,,
19,2022,32.633,4,,water_heavy,12.0,27.0,83.467,0.0,25.699,,,,,
19,2023,47.462,4,,water_heavy,8.0,45.922,80.991,38.685,25.791,,,,,
19,2024,43.095,4,,water_heavy,11.0,35.218,80.475,38.685,25.881,,,,,
19,2025,41.122,4,,water_heavy,8.0,30.244,80.468,38.685,25.968,,,,,
19,2026,41.869,4,,water_heavy,4.0,32.154,80.298,38.685,26.053,,,,,
19,2027,54.603,3,PILLARS_RENORMALIZED,water_heavy,9.0,56.522,79.233,,26.134,,,,,
20,2020,23.386,4,,water_heavy,22.0,14.056,36.834,0.0,51.983,,,,,
20,2021,19.112,4,,water_heavy,29.0,3.383,36.789,0.0,52.004,,,,,
20,2022,20.541,4,,water_heavy,26.0,7.882,34.909,0.0,52.033,,,,,
20,2023,24.835,4,,water_heavy,27.0,18.862,34.381,0.0,52.073,,,,,
20,2024,24.202,4,,water_heavy,28.0,17.301,34.297,0.0,52.112,,,,,
20,2025,19.309,4,,water_heavy,31.0,5.091,34.216,0.0,52.149,,,,,
20,2026,19.556,4,,water_heavy,30.0,5.727,34.139,0.0,52.185,,,,,
20,2027,26.333,3,PILLARS_RENORMALIZED,water_heavy,28.0,9.524,34.066,,52.218,,,,,
21,2020,18.514,4,,water_heavy,28.0,2.109,34.145,0.0,54.205,,,,,
21,2021,19.082,4,,water_heavy,30.0,3.558,34.045,0.0,54.247,,,,,
21,2022,19.507,4,,water_heavy,29.0,4.693,33.849,0.0,54.299,,,,,
21,2023,27.975,4,,water_heavy,26.0,25.799,33.912,0.0,54.363,,,,,
21,2024,29.678,4,,water_heavy,24.0,30.09,33.782,0.0,54.426,,,,,
21,2025,24.418,4,,water_heavy,25.0,16.81,33.983,0.0,54.487,,,,,
21,2026,24.375,4,,water_heavy,24.0,17.187,32.952,0.0,54.547,,,,,
21,2027,38.47,3,PILLARS_RENORMALIZED,water_heavy,22.0,33.333,32.609,,54.604,,,,,
22,2020,33.006,4,,water_heavy,6.0,19.405,74.469,0.0,51.75,,,,,
22,2021,39.93,4,,water_heavy,9.0,36.768,74.272,0.0,51.844,,,,,
22,2022,56.66,4,,water_heavy,1.0,59.852,72.969,38.685,51.942,,,,,
22,2023,63.673,4,,water_heavy,2.0,77.167,73.301,38.685,52.046,,,,,
22,2024,73.26,4,,water_heavy,1.0,81.818,73.145,77.371,52.147,,,,,
22,2025,59.977,4,,water_heavy,1.0,37.333,72.977,100.0,52.243,,,,,
22,2026,57.866,4,,water_heavy,1.0,32.107,72.783,100.0,52.336,,,,,
22,2027,63.073,3,PILLARS_RENORMALIZED,water_heavy,5.0,63.636,72.596,,52.425,,,,,
23,2020,22.47,4,,water_heavy,25.0,10.697,57.686,0.0,33.271,,,,,
23,2021,18.302,4,,water_heavy,32.0,0.334,57.465,0.0,33.376,,,,,
23,2022,18.838,4,,water_heavy,30.0,1.839,57.028,0.0,33.484,,,,,
23,2023,19.801,4,,water_heavy,31.0,3.488,58.435,0.0,33.595,,,,,
23,2024,19.843,4,,water_heavy,32.0,2.591,60.331,0.0,33.702,,,,,
23,2025,21.759,4,,water_heavy,27.0,7.437,60.118,0.0,33.804,,,,,
23,2026,21.076,4,,water_heavy,27.0,5.781,59.915,0.0,33.901,,,,,
23,2027,23.429,3,PILLARS_RENORMALIZED,water_heavy,30.0,0.0,59.721,,33.995,,,,,
24,2020,37.352,4,,water_heavy,3.0,28.729,81.055,0.0,48.248,,,,,
24,2021,37.624,4,,water_heavy,14.0,29.384,81.08,0.0,48.273,,,,,
24,2022,40.104,4,,water_heavy,4.0,34.37,83.469,0.0,48.31,,,,,
24,2023,51.899,4,,water_heavy,5.0,63.674,83.794,0.0,48.355,,,,,
24,2024,51.413,4,,water_heavy,6.0,64.392,79.881,0.0,48.399,,,,,
24,2025,38.06,4,,water_heavy,12.0,31.035,79.789,0.0,48.441,,,,,
24,2026,37.418,4,,water_heavy,7.0,29.453,79.702,0.0,48.481,,,,,
24,2027,60.826,3,PILLARS_RENORMALIZED,water_heavy,6.0,57.895,78.997,,48.519,,,,,
25,2020,32.546,4,,water_heavy,8.0,27.393,69.282,0.0,38.663,,,,,
25,2021,48.019,4,,water_heavy,3.0,66.093,69.219,0.0,38.692,,,,,
25,2022,30.563,4,,water_heavy,14.0,22.337,69.413,0.0,38.729,,,,,
25,2023,49.173,4,,water_heavy,6.0,65.788,75.518,0.0,38.769,,,,,
25,2024,54.292,4,,water_heavy,4.0,78.572,75.511,0.0,38.808,,,,,
25,2025,48.826,4,,water_heavy,4.0,65.065,75.159,0.0,38.844,,,,,
25,2026,35.61,4,,water_heavy,8.0,32.076,75.019,0.0,38.877,,,,,
25,2027,57.072,3,PILLARS_RENORMALIZED,water_heavy,8.0,57.143,75.094,,38.909,,,,,
26,2020,34.882,4,,water_heavy,4.0,32.684,80.315,0.0,28.728,,,,,
26,2021,53.067,4,,water_heavy,1.0,78.083,80.406,0.0,28.764,,,,,
26,2022,37.027,4,,water_heavy,8.0,39.629,77.068,0.0,28.809,,,,,
26,2023,41.121,4,,water_heavy,14.0,49.208,78.331,0.0,28.86,,,,,
26,2024,48.776,4,,water_heavy,9.0,69.022,76.929,0.0,28.909,,,,,
26,2025,48.216,4,,water_heavy,5.0,65.983,80.157,0.0,28.956,,,,,
26,2026,30.62,4,,water_heavy,16.0,22.05,79.998,0.0,29.0,,,,,
26,2027,46.174,3,PILLARS_RENORMALIZED,water_heavy,15.0,38.333,78.986,,29.043,,,,,
27,2020,27.125,4,,water_heavy,16.0,16.221,72.89,0.0,30.29,,,,,
27,2021,20.639,4,,water_heavy,26.0,0.0,72.901,0.0,30.293,,,,,
27,2022,20.936,4,,water_heavy,24.0,0.0,74.377,0.0,30.304,,,,,
27,2023,23.605,4,,water_heavy,28.0,6.715,74.272,0.0,30.321,,,,,
27,2024,29.615,4,,water_heavy,25.0,21.737,74.268,0.0,30.335,,,,,
27,2025,26.736,4,,water_heavy,22.0,14.546,74.241,0.0,30.348,,,,,
27,2026,22.22,4,,water_heavy,26.0,1.679,77.38,0.0,30.359,,,,,
27,2027,26.932,3,PILLARS_RENORMALIZED,water_heavy,27.0,0.0,77.36,,30.369,,,,,
28,2020,31.76,4,,water_heavy,10.0,22.19,82.678,0.0,31.74,,,,,
28,2021,37.103,4,,water_heavy,15.0,35.701,82.338,0.0,31.777,,,,,
28,2022,39.082,4,,water_heavy,6.0,40.574,82.44,0.0,31.821,,,,,
28,2023,39.792,4,,water_heavy,16.0,42.392,82.307,0.0,31.869,,,,,
28,2024,38.043,4,,water_heavy,14.0,37.737,82.827,0.0,31.914,,,,,
28,2025,29.75,4,,water_heavy,17.0,17.641,81.512,0.0,31.957,,,,,
28,2026,31.972,4,,water_heavy,12.0,23.219,81.423,0.0,31.998,,,,,
28,2027,42.462,3,PILLARS_RENORMALIZED,water_heavy,20.0,28.571,80.67,,32.035,,,,,
29,2020,18.109,4,,water_heavy,30.0,2.023,34.896,0.0,51.604,,,,,
29,2021,20.391,4,,water_heavy,27.0,8.242,33.826,0.0,51.645,,,,,
29,2022,18.1,4,,water_heavy,32.0,3.646,31.505,0.0,51.7,,,,,
29,2023,18.441,4,,water_heavy,32.0,4.844,30.749,0.0,51.768,,,,,
29,2024,20.65,4,,water_heavy,31.0,10.402,30.611,0.0,51.834,,,,,
29,2025,16.475,4,,water_heavy,32.0,0.0,30.477,0.0,51.898,,,,,
29,2026,16.624,4,,water_heavy,32.0,0.13,30.901,0.0,51.96,,,,,
29,2027,20.952,3,PILLARS_RENORMALIZED,water_heavy,32.0,0.0,31.789,,52.019,,,,,
30,2020,32.467,4,,water_heavy,9.0,13.876,80.421,0.0,54.161,,,,,
30,2021,28.307,4,,water_heavy,19.0,3.539,80.31,0.0,54.146,,,,,
30,2022,29.935,4,,water_heavy,15.0,7.614,80.307,0.0,54.137,,,,,
30,2023,35.624,4,,water_heavy,21.0,21.857,80.271,0.0,54.136,,,,,
30,2024,36.22,4,,water_heavy,17.0,24.171,78.622,0.0,54.134,,,,,
30,2025,30.875,4,,water_heavy,16.0,11.935,76.375,0.0,54.13,,,,,
30,2026,30.655,4,,water_heavy,15.0,11.38,76.391,0.0,54.123,,,,,
30,2027,43.742,3,PILLARS_RENORMALIZED,water_heavy,18.0,22.222,76.408,,54.115,,,,,
31,2020,30.367,4,,water_heavy,11.0,9.227,83.347,0.0,50.034,,,,,
31,2021,26.662,4,,water_heavy,22.0,0.0,83.215,0.0,50.095,,,,,
31,2022,27.389,4,,water_heavy,16.0,1.041,84.7,0.0,50.16,,,,,
31,2023,29.851,4,,water_heavy,25.0,6.823,85.381,0.0,50.229,,,,,
31,2024,29.402,4,,water_heavy,26.0,5.792,85.131,0.0,50.296,,,,,
31,2025,26.933,4,,water_heavy,21.0,1.136,82.035,0.0,50.359,,,,,
31,2026,26.556,4,,water_heavy,21.0,0.906,80.549,0.0,50.42,,,,,
31,2027,32.248,3,PILLARS_RENORMALIZED,water_heavy,25.0,0.0,78.513,,50.478,,,,,
32,2020,15.919,4,,water_heavy,32.0,7.639,38.105,0.0,26.215,,,,,
32,2021,26.969,4,,water_heavy,21.0,35.279,38.047,0.0,26.241,,,,,
32,2022,20.728,4,,water_heavy,25.0,21.712,33.936,0.0,26.279,,,,,
32,2023,39.179,4,,water_heavy,17.0,69.93,29.71,0.0,26.326,,,,,
32,2024,29.874,4,,water_heavy,23.0,47.131,28.734,0.0,26.372,,,,,
32,2025,24.164,4,,water_heavy,26.0,32.883,28.637,0.0,26.416,,,,,
32,2026,22.64,4,,water_heavy,25.0,29.412,27.918,0.0,26.458,,,,,
32,2027,44.38,3,PILLARS_RENORMALIZED,water_heavy,17.0,58.824,33.375,,26.497,,,,,
01,2020,26.3,4,,energy_heavy,26.0,4.178,44.082,0.0,39.159,,,,,
01,2021,30.807,4,,energy_heavy,25.0,26.908,43.953,0.0,39.219,,,,,
01,2022,24.594,4,,energy_heavy,29.0,21.56,31.062,0.0,39.286,,,,,
01,2023,40.397,4,,energy_heavy,21.0,95.693,33.468,0.0,39.356,,,,,
01,2024,35.476,4,,energy_heavy,23.0,74.903,31.527,0.0,39.424,,,,,
01,2025,30.936,4,,energy_heavy,24.0,50.585,32.302,0.0,39.489,,,,,
01,2026,30.778,4,,energy_heavy,24.0,50.0,32.168,0.0,39.552,,,,,
01,2027,54.808,3,PILLARS_RENORMALIZED,energy_heavy,16.0,100.0,39.811,,39.613,,,,,
02,2020,38.853,4,,energy_heavy,18.0,2.889,76.22,0.0,38.936,,,,,
02,2021,48.595,4,,energy_heavy,7.0,50.951,76.509,0.0,39.006,,,,,
02,2022,52.102,4,,energy_heavy,3.0,67.497,76.965,0.0,39.084,,,,,
02,2023,42.012,4,,energy_heavy,19.0,19.544,75.674,0.0,39.166,,,,,
02,2024,41.997,4,,energy_heavy,19.0,20.869,74.936,0.0,39.246,,,,,
02,2025,49.256,4,,energy_heavy,7.0,50.547,78.205,0.0,39.323,,,,,
02,2026,42.998,4,,energy_heavy,12.0,17.408,79.093,0.0,39.396,,,,,
02,2027,56.201,3,PILLARS_RENORMALIZED,energy_heavy,13.0,33.333,76.003,,39.465,,,,,
03,2020,40.998,4,,energy_heavy,14.0,8.825,89.683,0.0,16.8,,,,,
03,2021,49.293,4,,energy_heavy,5.0,51.844,88.911,0.0,16.8,,,,,
03,2022,43.504,4,,energy_heavy,14.0,26.474,87.123,0.0,16.8,,,,,
03,2023,44.685,4,,energy_heavy,17.0,32.809,86.908,0.0,16.8,,,,,
03,2024,44.443,4,,energy_heavy,17.0,30.963,87.216,0.0,16.819,,,,,
03,2025,45.976,4,,energy_heavy,10.0,39.052,86.956,0.0,16.918,,,,,
03,2026,43.738,4,,energy_heavy,9.0,28.205,86.735,0.0,17.014,,,,,
03,2027,61.641,3,PILLARS_RENORMALIZED,energy_heavy,8.0,56.41,86.523,,17.107,,,,,
04,2020,36.096,4,,energy_heavy,21.0,9.05,77.432,0.0,16.567,,,,,
04,2021,33.347,4,,energy_heavy,23.0,0.141,75.006,0.0,16.58,,,,,
04,2022,33.88,4,,energy_heavy,21.0,0.282,76.258,0.0,16.6,,,,,
04,2023,37.572,4,,energy_heavy,22.0,5.755,82.739,0.0,16.626,,,,,
04,2024,37.819,4,,energy_heavy,22.0,7.071,82.687,0.0,16.649,,,,,
04,2025,34.981,4,,energy_heavy,22.0,4.95,76.644,0.0,16.67,,,,,
04,2026,34.198,4,,energy_heavy,22.0,1.098,76.603,0.0,16.688,,,,,
04,2027,41.892,3,PILLARS_RENORMALIZED,energy_heavy,24.0,0.0,75.431,,16.704,,,,,
05,2020,37.787,4,,energy_heavy,20.0,33.867,72.856,0.0,9.358,,,,,
05,2021,38.818,4,,energy_heavy,18.0,39.914,72.381,0.0,9.415,,,,,
05,2022,44.138,4,,energy_heavy,11.0,64.636,73.287,0.0,9.479,,,,,
05,2023,41.791,4,,energy_heavy,20.0,54.5,72.454,0.0,9.546,,,,,
05,2024,40.532,4,,energy_heavy,20.0,50.281,71.383,0.0,9.61,,,,,
05,2025,42.158,4,,energy_heavy,16.0,58.627,71.244,0.0,9.673,,,,,
05,2026,39.814,4,,energy_heavy,19.0,48.34,70.498,0.0,9.733,,,,,
05,2027,54.244,3,PILLARS_RENORMALIZED,energy_heavy,17.0,67.857,69.663,,9.791,,,,,
06,2020,44.621,4,,energy_heavy,6.0,1.655,100.0,0.0,21.451,,,,,
06,2021,51.575,4,,energy_heavy,3.0,36.401,100.0,0.0,21.474,,,,,
06,2022,45.661,4,,energy_heavy,6.0,6.802,100.0,0.0,21.502,,,,,
06,2023,53.066,4,,energy_heavy,5.0,43.793,100.0,0.0,21.538,,,,,
06,2024,49.508,4,,energy_heavy,10.0,25.995,99.987,0.0,21.573,,,,,
06,2025,47.961,4,,energy_heavy,8.0,18.366,99.916,0.0,21.606,,,,,
06,2026,47.904,4,,energy_heavy,4.0,18.182,99.85,0.0,21.636,,,,,
06,2027,64.402,3,PILLARS_RENORMALIZED,energy_heavy,6.0,36.364,99.789,,21.665,,,,,
07,2020,26.204,4,,energy_heavy,28.0,1.897,32.996,0.0,63.132,,,,,
07,2021,25.928,4,,energy_heavy,29.0,0.727,32.857,0.0,63.196,,,,,
07,2022,26.065,4,,energy_heavy,25.0,1.645,32.707,0.0,63.267,,,,,
07,2023,26.687,4,,energy_heavy,31.0,5.113,32.49,0.0,63.341,,,,,
07,2024,27.612,4,,energy_heavy,29.0,10.215,32.216,0.0,63.414,,,,,
07,2025,25.721,4,,energy_heavy,28.0,0.986,32.067,0.0,63.483,,,,,
07,2026,25.976,4,,energy_heavy,27.0,2.481,31.924,0.0,63.55,,,,,
07,2027,31.797,3,PILLARS_RENORMALIZED,energy_heavy,31.0,0.0,31.787,,63.614,,,,,
08,2020,44.494,4,,energy_heavy,7.0,37.346,70.737,0.0,43.649,,,,,
08,2021,47.561,4,,energy_heavy,10.0,53.946,70.079,0.0,43.7,,,,,
08,2022,44.587,4,,energy_heavy,7.0,36.274,71.45,0.0,43.76,,,,,
08,2023,50.222,4,,energy_heavy,8.0,60.467,73.41,0.0,43.824,,,,,
08,2024,54.85,4,,energy_heavy,3.0,81.148,74.609,0.0,43.886,,,,,
08,2025,52.529,4,,energy_heavy,3.0,70.112,74.294,0.0,43.944,,,,,
08,2026,45.526,4,,energy_heavy,6.0,35.524,74.053,0.0,43.999,,,,,
08,2027,63.102,3,PILLARS_RENORMALIZED,energy_heavy,7.0,62.295,73.032,,44.05,,,,,
09,2020,32.625,4,,energy_heavy,22.0,0.0,50.086,0.0,62.953,,,,,
09,2021,33.522,4,,energy_heavy,22.0,4.481,50.089,0.0,62.953,,,,,
09,2022,31.472,4,,energy_heavy,22.0,0.69,46.859,0.0,62.953,,,,,
09,2023,44.634,4,,energy_heavy,18.0,60.731,49.743,0.0,62.953,,,,,
09,2024,45.777,4,,energy_heavy,14.0,70.798,47.569,0.0,62.951,,,,,
09,2025,41.615,4,,energy_heavy,18.0,50.0,47.569,0.0,62.939,,,,,
09,2026,41.613,4,,energy_heavy,16.0,50.0,47.569,0.0,62.926,,,,,
09,2027,64.512,3,PILLARS_RENORMALIZED,energy_heavy,5.0,100.0,47.569,,62.91,,,,,
10,2020,43.385,4,,energy_heavy,11.0,26.539,79.833,0.0,30.72,,,,,
10,2021,51.175,4,,energy_heavy,4.0,66.043,79.541,0.0,30.753,,,,,
10,2022,44.579,4,,energy_heavy,8.0,32.197,79.955,0.0,30.79,,,,,
10,2023,50.06,4,,energy_heavy,9.0,62.033,78.717,0.0,30.831,,,,,
10,2024,51.347,4,,energy_heavy,8.0,70.69,77.588,0.0,30.869,,,,,
10,2025,45.673,4,,energy_heavy,11.0,42.445,77.509,0.0,30.904,,,,,
10,2026,40.705,4,,energy_heavy,17.0,20.723,75.932,0.0,30.936,,,,,
10,2027,56.019,3,PILLARS_RENORMALIZED,energy_heavy,14.0,41.379,75.866,,30.965,,,,,
11,2020,42.508,4,,energy_heavy,13.0,13.948,74.845,0.0,48.9,,,,,
11,2021,48.108,4,,energy_heavy,8.0,41.686,74.959,0.0,48.937,,,,,
11,2022,42.059,4,,energy_heavy,16.0,24.299,68.508,0.0,48.98,,,,,
11,2023,51.442,4,,energy_heavy,6.0,76.543,65.817,0.0,49.032,,,,,
11,2024,51.387,4,,energy_heavy,7.0,74.358,66.748,0.0,49.081,,,,,
11,2025,43.783,4,,energy_heavy,12.0,39.588,65.101,0.0,49.127,,,,,
11,2026,45.251,4,,energy_heavy,7.0,36.111,70.487,0.0,49.17,,,,,
11,2027,65.026,3,PILLARS_RENORMALIZED,energy_heavy,4.0,72.222,69.336,,49.21,,,,,
12,2020,48.56,4,,energy_heavy,1.0,37.808,72.806,0.0,59.382,,,,,
12,2021,46.827,4,,energy_heavy,12.0,29.133,72.811,0.0,59.379,,,,,
12,2022,41.443,4,,energy_heavy,17.0,1.816,73.01,0.0,59.382,,,,,
12,2023,46.032,4,,energy_heavy,14.0,24.779,72.996,0.0,59.388,,,,,
12,2024,45.039,4,,energy_heavy,16.0,19.404,73.201,0.0,59.391,,,,,
12,2025,42.11,4,,energy_heavy,17.0,4.761,73.198,0.0,59.392,,,,,
12,2026,42.382,4,,energy_heavy,14.0,6.117,73.202,0.0,59.391,,,,,
12,2027,53.595,3,PILLARS_RENORMALIZED,energy_heavy,18.0,8.571,73.211,,59.387,,,,,
13,2020,39.574,4,,energy_heavy,16.0,12.06,72.154,0.0,41.502,,,,,
13,2021,40.84,4,,energy_heavy,17.0,20.529,71.062,0.0,41.549,,,,,
13,2022,42.319,4,,energy_heavy,15.0,30.706,69.642,0.0,41.603,,,,,
13,2023,45.054,4,,energy_heavy,16.0,37.403,73.1,0.0,41.665,,,,,
13,2024,45.779,4,,energy_heavy,13.0,40.76,73.205,0.0,41.725,,,,,
13,2025,39.176,4,,energy_heavy,20.0,7.931,73.083,0.0,41.783,,,,,
13,2026,39.026,4,,energy_heavy,20.0,7.359,72.966,0.0,41.838,,,,,
13,2027,48.813,3,PILLARS_RENORMALIZED,energy_heavy,21.0,14.286,69.538,,41.89,,,,,
14,2020,31.827,4,,energy_heavy,24.0,12.178,54.835,0.0,37.287,,,,,
14,2021,36.017,4,,energy_heavy,20.0,35.328,53.714,0.0,37.328,,,,,
14,2022,29.593,4,,energy_heavy,24.0,18.046,46.273,0.0,37.374,,,,,
14,2023,37.194,4,,energy_heavy,23.0,67.714,40.413,0.0,37.427,,,,,
14,2024,33.79,4,,energy_heavy,24.0,49.082,41.194,0.0,37.479,,,,,
14,2025,30.24,4,,energy_heavy,25.0,32.36,40.657,0.0,37.528,,,,,
14,2026,29.786,4,,energy_heavy,25.0,29.744,40.805,0.0,37.575,,,,,
14,2027,44.591,3,PILLARS_RENORMALIZED,energy_heavy,23.0,59.322,40.713,,37.619,,,,,
15,2020,45.788,4,,energy_heavy,3.0,6.677,62.385,38.685,58.807,,,,,
15,2021,53.803,4,,energy_heavy,1.0,18.12,65.378,61.315,58.824,,,,,
15,2022,52.422,4,,energy_heavy,2.0,5.471,68.236,61.315,58.851,,,,,
15,2023,63.245,4,,energy_heavy,1.0,67.856,64.082,61.315,58.889,,,,,
15,2024,63.274,4,,energy_heavy,2.0,69.425,63.352,61.315,58.924,,,,,
15,2025,58.328,4,,energy_heavy,2.0,44.658,63.356,61.315,58.956,,,,,
15,2026,57.833,4,,energy_heavy,2.0,44.486,62.189,61.315,58.986,,,,,
15,2027,70.75,3,PILLARS_RENORMALIZED,energy_heavy,1.0,88.889,67.549,,59.013,,,,,
16,2020,26.272,4,,energy_heavy,27.0,22.046,26.863,0.0,55.591,,,,,
16,2021,32.839,4,,energy_heavy,24.0,54.991,26.788,0.0,55.626,,,,,
16,2022,24.42,4,,energy_heavy,30.0,13.032,26.699,0.0,55.668,,,,,
16,2023,35.237,4,,energy_heavy,25.0,68.117,26.173,0.0,55.721,,,,,
16,2024,32.638,4,,energy_heavy,25.0,55.288,26.065,0.0,55.772,,,,,
16,2025,25.794,4,,energy_heavy,27.0,21.228,25.962,0.0,55.821,,,,,
16,2026,25.881,4,,energy_heavy,28.0,21.81,25.864,0.0,55.867,,,,,
16,2027,37.091,3,PILLARS_RENORMALIZED,energy_heavy,28.0,40.909,25.772,,55.911,,,,,
17,2020,39.536,4,,energy_heavy,17.0,2.707,71.096,0.0,52.782,,,,,
17,2021,37.766,4,,energy_heavy,19.0,0.92,67.557,0.0,52.797,,,,,
17,2022,38.589,4,,energy_heavy,19.0,5.108,67.508,0.0,52.82,,,,,
17,2023,46.057,4,,energy_heavy,13.0,41.676,67.875,0.0,52.857,,,,,
17,2024,44.106,4,,energy_heavy,18.0,32.033,67.804,0.0,52.891,,,,,
17,2025,40.364,4,,energy_heavy,19.0,13.42,67.738,0.0,52.923,,,,,
17,2026,40.298,4,,energy_heavy,18.0,13.185,67.676,0.0,52.952,,,,,
17,2027,53.305,3,PILLARS_RENORMALIZED,energy_heavy,19.0,25.0,67.62,,52.979,,,,,
18,2020,23.967,4,,energy_heavy,31.0,7.263,38.885,0.0,34.803,,,,,
18,2021,27.959,4,,energy_heavy,27.0,27.393,38.774,0.0,34.854,,,,,
18,2022,25.145,4,,energy_heavy,28.0,13.512,38.652,0.0,34.911,,,,,
18,2023,30.285,4,,energy_heavy,28.0,39.693,38.379,0.0,34.974,,,,,
18,2024,28.286,4,,energy_heavy,28.0,30.103,38.145,0.0,35.036,,,,,
18,2025,25.507,4,,energy_heavy,29.0,16.131,38.154,0.0,35.095,,,,,
18,2026,24.964,4,,energy_heavy,30.0,13.603,38.033,0.0,35.151,,,,,
18,2027,34.01,3,PILLARS_RENORMALIZED,energy_heavy,29.0,25.0,37.918,,35.204,,,,,
19,2020,42.688,4,,energy_heavy,12.0,17.88,85.014,0.0,25.532,,,,,
19,2021,46.761,4,,energy_heavy,13.0,40.879,83.657,0.0,25.613,,,,,
19,2022,43.926,4,,energy_heavy,13.0,27.0,83.467,0.0,25.699,,,,,
19,2023,54.476,4,,energy_heavy,4.0,45.922,80.991,38.685,25.791,,,,,
19,2024,52.147,4,,energy_heavy,6.0,35.218,80.475,38.685,25.881,,,,,
19,2025,51.167,4,,energy_heavy,4.0,30.244,80.468,38.685,25.968,,,,,
19,2026,51.498,4,,energy_heavy,3.0,32.154,80.298,38.685,26.053,,,,,
19,2027,60.28,3,PILLARS_RENORMALIZED,energy_heavy,10.0,56.522,79.233,,26.134,,,,,
20,2020,27.942,4,,energy_heavy,25.0,14.056,36.834,0.0,51.983,,,,,
20,2021,25.793,4,,energy_heavy,30.0,3.383,36.789,0.0,52.004,,,,,
20,2022,25.947,4,,energy_heavy,26.0,7.882,34.909,0.0,52.033,,,,,
20,2023,27.939,4,,energy_heavy,30.0,18.862,34.381,0.0,52.073,,,,,
20,2024,27.601,4,,energy_heavy,30.0,17.301,34.297,0.0,52.112,,,,,
20,2025,25.135,4,,energy_heavy,30.0,5.091,34.216,0.0,52.149,,,,,
20,2026,25.238,4,,energy_heavy,29.0,5.727,34.139,0.0,52.185,,,,,
20,2027,32.469,3,PILLARS_RENORMALIZED,energy_heavy,30.0,9.524,34.066,,52.218,,,,,
21,2020,24.921,4,,energy_heavy,29.0,2.109,34.145,0.0,54.205,,,,,
21,2021,25.179,4,,energy_heavy,32.0,3.558,34.045,0.0,54.247,,,,,
21,2022,25.338,4,,energy_heavy,27.0,4.693,33.849,0.0,54.299,,,,,
21,2023,29.597,4,,energy_heavy,29.0,25.799,33.912,0.0,54.363,,,,,
21,2024,30.416,4,,energy_heavy,27.0,30.09,33.782,0.0,54.426,,,,,
21,2025,27.853,4,,energy_heavy,26.0,16.81,33.983,0.0,54.487,,,,,
21,2026,27.527,4,,energy_heavy,26.0,17.187,32.952,0.0,54.547,,,,,
21,2027,38.289,3,PILLARS_RENORMALIZED,energy_heavy,26.0,33.333,32.609,,54.604,,,,,
22,2020,44.019,4,,energy_heavy,9.0,19.405,74.469,0.0,51.75,,,,,
22,2021,47.431,4,,energy_heavy,11.0,36.768,74.272,0.0,51.844,,,,,
22,2022,59.283,4,,energy_heavy,1.0,59.852,72.969,38.685,51.942,,,,,
22,2023,62.9,4,,energy_heavy,2.0,77.167,73.301,38.685,52.046,,,,,
22,2024,71.525,4,,energy_heavy,1.0,81.818,73.145,77.371,52.147,,,,,
22,2025,67.106,4,,energy_heavy,1.0,37.333,72.977,100.0,52.243,,,,,
22,2026,66.002,4,,energy_heavy,1.0,32.107,72.783,100.0,52.336,,,,,
22,2027,65.313,3,PILLARS_RENORMALIZED,energy_heavy,3.0,63.636,72.596,,52.425,,,,,
23,2020,31.868,4,,energy_heavy,23.0,10.697,57.686,0.0,33.271,,,,,
23,2021,29.728,4,,energy_heavy,26.0,0.334,57.465,0.0,33.376,,,,,
23,2022,29.876,4,,energy_heavy,23.0,1.839,57.028,0.0,33.484,,,,,
23,2023,30.791,4,,energy_heavy,27.0,3.488,58.435,0.0,33.595,,,,,
23,2024,31.391,4,,energy_heavy,26.0,2.591,60.331,0.0,33.702,,,,,
23,2025,32.295,4,,energy_heavy,23.0,7.437,60.118,0.0,33.804,,,,,
23,2026,31.902,4,,energy_heavy,23.0,5.781,59.915,0.0,33.901,,,,,
23,2027,38.359,3,PILLARS_RENORMALIZED,energy_heavy,25.0,0.0,59.721,,33.995,,,,,
24,2020,47.818,4,,energy_heavy,2.0,28.729,81.055,0.0,48.248,,,,,
24,2021,47.963,4,,energy_heavy,9.0,29.384,81.08,0.0,48.273,,,,,
24,2022,49.923,4,,energy_heavy,4.0,34.37,83.469,0.0,48.31,,,,,
24,2023,55.923,4,,energy_heavy,3.0,63.674,83.794,0.0,48.355,,,,,
24,2024,54.511,4,,energy_heavy,4.0,64.392,79.881,0.0,48.399,,,,,
24,2025,47.811,4,,energy_heavy,9.0,31.035,79.789,0.0,48.441,,,,,
24,2026,47.468,4,,energy_heavy,5.0,29.453,79.702,0.0,48.481,,,,,
24,2027,66.102,3,PILLARS_RENORMALIZED,energy_heavy,2.0,57.895,78.997,,48.519,,,,,
25,2020,40.924,4,,energy_heavy,15.0,27.393,69.282,0.0,38.663,,,,,
25,2021,48.645,4,,energy_heavy,6.0,66.093,69.219,0.0,38.692,,,,,
25,2022,39.978,4,,energy_heavy,18.0,22.337,69.413,0.0,38.729,,,,,
25,2023,51.119,4,,energy_heavy,7.0,65.788,75.518,0.0,38.769,,,,,
25,2024,53.68,4,,energy_heavy,5.0,78.572,75.511,0.0,38.808,,,,,
25,2025,50.845,4,,energy_heavy,6.0,65.065,75.159,0.0,38.844,,,,,
25,2026,44.198,4,,energy_heavy,8.0,32.076,75.019,0.0,38.877,,,,,
25,2027,61.56,3,PILLARS_RENORMALIZED,energy_heavy,9.0,57.143,75.094,,38.909,,,,,
26,2020,44.408,4,,energy_heavy,8.0,32.684,80.315,0.0,28.728,,,,,
26,2021,53.532,4,,energy_heavy,2.0,78.083,80.406,0.0,28.764,,,,,
26,2022,44.515,4,,energy_heavy,9.0,39.629,77.068,0.0,28.809,,,,,
26,2023,46.946,4,,energy_heavy,12.0,49.208,78.331,0.0,28.86,,,,,
26,2024,50.358,4,,energy_heavy,9.0,69.022,76.929,0.0,28.909,,,,,
26,2025,51.051,4,,energy_heavy,5.0,65.983,80.157,0.0,28.956,,,,,
26,2026,42.21,4,,energy_heavy,15.0,22.05,79.998,0.0,29.0,,,,,
26,2027,56.337,3,PILLARS_RENORMALIZED,energy_heavy,12.0,38.333,78.986,,29.043,,,,,
27,2020,38.458,4,,energy_heavy,19.0,16.221,72.89,0.0,30.29,,,,,
27,2021,35.219,4,,energy_heavy,21.0,0.0,72.901,0.0,30.293,,,,,
27,2022,35.811,4,,energy_heavy,20.0,0.0,74.377,0.0,30.304,,,,,
27,2023,37.116,4,,energy_heavy,24.0,6.715,74.272,0.0,30.321,,,,,
27,2024,40.122,4,,energy_heavy,21.0,21.737,74.268,0.0,30.335,,,,,
27,2025,38.675,4,,energy_heavy,21.0,14.546,74.241,0.0,30.348,,,,,
27,2026,37.36,4,,energy_heavy,21.0,1.679,77.38,0.0,30.359,,,,,
27,2027,46.272,3,PILLARS_RENORMALIZED,energy_heavy,22.0,0.0,77.36,,30.369,,,,,
28,2020,43.857,4,,energy_heavy,10.0,22.19,82.678,0.0,31.74,,,,,
28,2021,46.431,4,,energy_heavy,14.0,35.701,82.338,0.0,31.777,,,,,
28,2022,47.455,4,,energy_heavy,5.0,40.574,82.44,0.0,31.821,,,,,
28,2023,47.775,4,,energy_heavy,10.0,42.392,82.307,0.0,31.869,,,,,
28,2024,47.061,4,,energy_heavy,12.0,37.737,82.827,0.0,31.914,,,,,
28,2025,42.524,4,,energy_heavy,15.0,17.641,81.512,0.0,31.957,,,,,
28,2026,43.613,4,,energy_heavy,11.0,23.219,81.423,0.0,31.998,,,,,
28,2027,55.486,3,PILLARS_RENORMALIZED,energy_heavy,15.0,28.571,80.67,,32.035,,,,,
29,2020,24.684,4,,energy_heavy,30.0,2.023,34.896,0.0,51.604,,,,,
29,2021,25.508,4,,energy_heavy,31.0,8.242,33.826,0.0,51.645,,,,,
29,2022,23.671,4,,energy_heavy,31.0,3.646,31.505,0.0,51.7,,,,,
29,2023,23.622,4,,energy_heavy,32.0,4.844,30.749,0.0,51.768,,,,,
29,2024,24.692,4,,energy_heavy,32.0,10.402,30.611,0.0,51.834,,,,,
29,2025,22.571,4,,energy_heavy,32.0,0.0,30.477,0.0,51.898,,,,,
29,2026,22.778,4,,energy_heavy,31.0,0.13,30.901,0.0,51.96,,,,,
29,2027,28.899,3,PILLARS_RENORMALIZED,energy_heavy,32.0,0.0,31.789,,52.019,,,,,
30,2020,45.776,4,,energy_heavy,4.0,13.876,80.421,0.0,54.161,,,,,
30,2021,43.661,4,,energy_heavy,15.0,3.539,80.31,0.0,54.146,,,,,
30,2022,44.473,4,,energy_heavy,10.0,7.614,80.307,0.0,54.137,,,,,
30,2023,47.307,4,,energy_heavy,11.0,21.857,80.271,0.0,54.136,,,,,
30,2024,47.11,4,,energy_heavy,11.0,24.171,78.622,0.0,54.134,,,,,
30,2025,43.763,4,,energy_heavy,13.0,11.935,76.375,0.0,54.13,,,,,
30,2026,43.657,4,,energy_heavy,10.0,11.38,76.391,0.0,54.123,,,,,
30,2027,57.288,3,PILLARS_RENORMALIZED,energy_heavy,11.0,22.222,76.408,,54.115,,,,,
31,2020,45.191,4,,energy_heavy,5.0,9.227,83.347,0.0,50.034,,,,,
31,2021,43.305,4,,energy_heavy,16.0,0.0,83.215,0.0,50.095,,,,,
31,2022,44.12,4,,energy_heavy,12.0,1.041,84.7,0.0,50.16,,,,,
31,2023,45.563,4,,energy_heavy,15.0,6.823,85.381,0.0,50.229,,,,,
31,2024,45.27,4,,energy_heavy,15.0,5.792,85.131,0.0,50.296,,,,,
31,2025,43.113,4,,energy_heavy,14.0,1.136,82.035,0.0,50.359,,,,,
31,2026,42.485,4,,energy_heavy,13.0,0.906,80.549,0.0,50.42,,,,,
31,2027,51.876,3,PILLARS_RENORMALIZED,energy_heavy,20.0,0.0,78.513,,50.478,,,,,
32,2020,22.013,4,,energy_heavy,32.0,7.639,38.105,0.0,26.215,,,,,
32,2021,27.523,4,,energy_heavy,28.0,35.279,38.047,0.0,26.241,,,,,
32,2022,23.173,4,,energy_heavy,32.0,21.712,33.936,0.0,26.279,,,,,
32,2023,31.135,4,,energy_heavy,26.0,69.93,29.71,0.0,26.326,,,,,
32,2024,26.194,4,,energy_heavy,31.0,47.131,28.734,0.0,26.372,,,,,
32,2025,23.315,4,,energy_heavy,31.0,32.883,28.637,0.0,26.416,,,,,
32,2026,22.341,4,,energy_heavy,32.0,29.412,27.918,0.0,26.458,,,,,
32,2027,38.018,3,PILLARS_RENORMALIZED,energy_heavy,27.0,58.824,33.375,,26.497,,,,,
01,2020,17.484,4,,digital_heavy,30.0,4.178,44.082,0.0,39.159,,,,,
01,2021,22.016,4,,digital_heavy,23.0,26.908,43.953,0.0,39.219,,,,,
01,2022,18.381,4,,digital_heavy,29.0,21.56,31.062,0.0,39.286,,,,,
01,2023,33.703,4,,digital_heavy,10.0,95.693,33.468,0.0,39.356,,,,,
01,2024,29.171,4,,digital_heavy,17.0,74.903,31.527,0.0,39.424,,,,,
01,2025,24.475,4,,digital_heavy,21.0,50.585,32.302,0.0,39.489,,,,,
01,2026,24.344,4,,digital_heavy,21.0,50.0,32.168,0.0,39.552,,,,,
01,2027,59.808,3,PILLARS_RENORMALIZED,digital_heavy,6.0,100.0,39.811,,39.613,,,,,
02,2020,23.609,4,,digital_heavy,18.0,2.889,76.22,0.0,38.936,,,,,
02,2021,33.293,4,,digital_heavy,6.0,50.951,76.509,0.0,39.006,,,,,
02,2022,36.709,4,,digital_heavy,3.0,67.497,76.965,0.0,39.084,,,,,
02,2023,26.877,4,,digital_heavy,23.0,19.544,75.674,0.0,39.166,,,,,
02,2024,27.01,4,,digital_heavy,20.0,20.869,74.936,0.0,39.246,,,,,
02,2025,33.615,4,,digital_heavy,7.0,50.547,78.205,0.0,39.323,,,,,
02,2026,27.179,4,,digital_heavy,13.0,17.408,79.093,0.0,39.396,,,,,
02,2027,49.6,3,PILLARS_RENORMALIZED,digital_heavy,13.0,33.333,76.003,,39.465,,,,,
03,2020,23.061,4,,digital_heavy,20.0,8.825,89.683,0.0,16.8,,,,,
03,2021,31.511,4,,digital_heavy,12.0,51.844,88.911,0.0,16.8,,,,,
03,2022,26.079,4,,digital_heavy,17.0,26.474,87.123,0.0,16.8,,,,,
03,2023,27.303,4,,digital_heavy,21.0,32.809,86.908,0.0,16.8,,,,,
03,2024,26.999,4,,digital_heavy,21.0,30.963,87.216,0.0,16.819,,,,,
03,2025,28.585,4,,digital_heavy,12.0,39.052,86.956,0.0,16.918,,,,,
03,2026,26.391,4,,digital_heavy,15.0,28.205,86.735,0.0,17.014,,,,,
03,2027,53.347,3,PILLARS_RENORMALIZED,digital_heavy,10.0,56.41,86.523,,17.107,,,,,
04,2020,20.61,4,,digital_heavy,24.0,9.05,77.432,0.0,16.567,,,,,
04,2021,18.345,4,,digital_heavy,31.0,0.141,75.006,0.0,16.58,,,,,
04,2022,18.628,4,,digital_heavy,26.0,0.282,76.258,0.0,16.6,,,,,
04,2023,21.024,4,,digital_heavy,29.0,5.755,82.739,0.0,16.626,,,,,
04,2024,21.281,4,,digital_heavy,26.0,7.071,82.687,0.0,16.649,,,,,
04,2025,19.653,4,,digital_heavy,27.0,4.95,76.644,0.0,16.67,,,,,
04,2026,18.878,4,,digital_heavy,28.0,1.098,76.603,0.0,16.688,,,,,
04,2027,30.712,3,PILLARS_RENORMALIZED,digital_heavy,31.0,0.0,75.431,,16.704,,,,,
05,2020,23.216,4,,digital_heavy,19.0,33.867,72.856,0.0,9.358,,,,,
05,2021,24.342,4,,digital_heavy,20.0,39.914,72.381,0.0,9.415,,,,,
05,2022,29.48,4,,digital_heavy,7.0,64.636,73.287,0.0,9.479,,,,,
05,2023,27.3,4,,digital_heavy,22.0,54.5,72.454,0.0,9.546,,,,,
05,2024,26.255,4,,digital_heavy,22.0,50.281,71.383,0.0,9.61,,,,,
05,2025,27.909,4,,digital_heavy,15.0,58.627,71.244,0.0,9.673,,,,,
05,2026,25.714,4,,digital_heavy,18.0,48.34,70.498,0.0,9.733,,,,,
05,2027,49.104,3,PILLARS_RENORMALIZED,digital_heavy,15.0,67.857,69.663,,9.791,,,,,
06,2020,24.621,4,,digital_heavy,16.0,1.655,100.0,0.0,21.451,,,,,
06,2021,31.575,4,,digital_heavy,11.0,36.401,100.0,0.0,21.474,,,,,
06,2022,25.661,4,,digital_heavy,18.0,6.802,100.0,0.0,21.502,,,,,
06,2023,33.066,4,,digital_heavy,11.0,43.793,100.0,0.0,21.538,,,,,
06,2024,29.511,4,,digital_heavy,16.0,25.995,99.987,0.0,21.573,,,,,
06,2025,27.977,4,,digital_heavy,14.0,18.366,99.916,0.0,21.606,,,,,
06,2026,27.934,4,,digital_heavy,10.0,18.182,99.85,0.0,21.636,,,,,
06,2027,52.606,3,PILLARS_RENORMALIZED,digital_heavy,11.0,36.364,99.789,,21.665,,,,,
07,2020,19.605,4,,digital_heavy,27.0,1.897,32.996,0.0,63.132,,,,,
07,2021,19.356,4,,digital_heavy,27.0,0.727,32.857,0.0,63.196,,,,,
07,2022,19.524,4,,digital_heavy,23.0,1.645,32.707,0.0,63.267,,,,,
07,2023,20.189,4,,digital_heavy,30.0,5.113,32.49,0.0,63.341,,,,,
07,2024,21.169,4,,digital_heavy,27.0,10.215,32.216,0.0,63.414,,,,,
07,2025,19.307,4,,digital_heavy,28.0,0.986,32.067,0.0,63.483,,,,,
07,2026,19.591,4,,digital_heavy,27.0,2.481,31.924,0.0,63.55,,,,,
07,2027,31.8,3,PILLARS_RENORMALIZED,digital_heavy,29.0,0.0,31.787,,63.614,,,,,
08,2020,30.346,4,,digital_heavy,4.0,37.346,70.737,0.0,43.649,,,,,
08,2021,33.545,4,,digital_heavy,5.0,53.946,70.079,0.0,43.7,,,,,
08,2022,30.297,4,,digital_heavy,6.0,36.274,71.45,0.0,43.76,,,,,
08,2023,35.54,4,,digital_heavy,7.0,60.467,73.41,0.0,43.824,,,,,
08,2024,39.929,4,,digital_heavy,4.0,81.148,74.609,0.0,43.886,,,,,
08,2025,37.67,4,,digital_heavy,4.0,70.112,74.294,0.0,43.944,,,,,
08,2026,30.715,4,,digital_heavy,7.0,35.524,74.053,0.0,43.999,,,,,
08,2027,59.792,3,PILLARS_RENORMALIZED,digital_heavy,7.0,62.295,73.032,,44.05,,,,,
09,2020,22.608,4,,digital_heavy,21.0,0.0,50.086,0.0,62.953,,,,,
09,2021,23.505,4,,digital_heavy,22.0,4.481,50.089,0.0,62.953,,,,,
09,2022,22.1,4,,digital_heavy,20.0,0.69,46.859,0.0,62.953,,,,,
09,2023,34.685,4,,digital_heavy,8.0,60.731,49.743,0.0,62.953,,,,,
09,2024,36.264,4,,digital_heavy,8.0,70.798,47.569,0.0,62.951,,,,,
09,2025,32.102,4,,digital_heavy,8.0,50.0,47.569,0.0,62.939,,,,,
09,2026,32.099,4,,digital_heavy,4.0,50.0,47.569,0.0,62.926,,,,,
09,2027,70.159,3,PILLARS_RENORMALIZED,digital_heavy,2.0,100.0,47.569,,62.91,,,,,
10,2020,27.419,4,,digital_heavy,10.0,26.539,79.833,0.0,30.72,,,,,
10,2021,35.267,4,,digital_heavy,3.0,66.043,79.541,0.0,30.753,,,,,
10,2022,28.589,4,,digital_heavy,9.0,32.197,79.955,0.0,30.79,,,,,
10,2023,34.316,4,,digital_heavy,9.0,62.033,78.717,0.0,30.831,,,,,
10,2024,35.829,4,,digital_heavy,9.0,70.69,77.588,0.0,30.869,,,,,
10,2025,30.172,4,,digital_heavy,11.0,42.445,77.509,0.0,30.904,,,,,
10,2026,25.518,4,,digital_heavy,19.0,20.723,75.932,0.0,30.936,,,,,
10,2027,49.403,3,PILLARS_RENORMALIZED,digital_heavy,14.0,41.379,75.866,,30.965,,,,,
11,2020,27.539,4,,digital_heavy,9.0,13.948,74.845,0.0,48.9,,,,,
11,2021,33.116,4,,digital_heavy,7.0,41.686,74.959,0.0,48.937,,,,,
11,2022,28.358,4,,digital_heavy,12.0,24.299,68.508,0.0,48.98,,,,,
11,2023,38.278,4,,digital_heavy,5.0,76.543,65.817,0.0,49.032,,,,,
11,2024,38.037,4,,digital_heavy,7.0,74.358,66.748,0.0,49.081,,,,,
11,2025,30.763,4,,digital_heavy,10.0,39.588,65.101,0.0,49.127,,,,,
11,2026,31.154,4,,digital_heavy,6.0,36.111,70.487,0.0,49.17,,,,,
11,2027,63.589,3,PILLARS_RENORMALIZED,digital_heavy,3.0,72.222,69.336,,49.21,,,,,
12,2020,33.999,4,,digital_heavy,2.0,37.808,72.806,0.0,59.382,,,,,
12,2021,32.265,4,,digital_heavy,9.0,29.133,72.811,0.0,59.379,,,,,
12,2022,26.841,4,,digital_heavy,15.0,1.816,73.01,0.0,59.382,,,,,
12,2023,31.433,4,,digital_heavy,13.0,24.779,72.996,0.0,59.388,,,,,
12,2024,30.399,4,,digital_heavy,15.0,19.404,73.201,0.0,59.391,,,,,
12,2025,27.47,4,,digital_heavy,16.0,4.761,73.198,0.0,59.392,,,,,
12,2026,27.742,4,,digital_heavy,11.0,6.117,73.202,0.0,59.391,,,,,
12,2027,47.056,3,PILLARS_RENORMALIZED,digital_heavy,19.0,8.571,73.211,,59.387,,,,,
13,2020,25.143,4,,digital_heavy,15.0,12.06,72.154,0.0,41.502,,,,,
13,2021,26.628,4,,digital_heavy,18.0,20.529,71.062,0.0,41.549,,,,,
13,2022,28.39,4,,digital_heavy,11.0,30.706,69.642,0.0,41.603,,,,,
13,2023,30.434,4,,digital_heavy,17.0,37.403,73.1,0.0,41.665,,,,,
13,2024,31.138,4,,digital_heavy,12.0,40.76,73.205,0.0,41.725,,,,,
13,2025,24.559,4,,digital_heavy,20.0,7.931,73.083,0.0,41.783,,,,,
13,2026,24.433,4,,digital_heavy,20.0,7.359,72.966,0.0,41.838,,,,,
13,2027,41.905,3,PILLARS_RENORMALIZED,digital_heavy,22.0,14.286,69.538,,41.89,,,,,
14,2020,20.86,4,,digital_heavy,23.0,12.178,54.835,0.0,37.287,,,,,
14,2021,25.274,4,,digital_heavy,19.0,35.328,53.714,0.0,37.328,,,,,
14,2022,20.339,4,,digital_heavy,22.0,18.046,46.273,0.0,37.374,,,,,
14,2023,29.111,4,,digital_heavy,19.0,67.714,40.413,0.0,37.427,,,,,
14,2024,25.551,4,,digital_heavy,23.0,49.082,41.194,0.0,37.479,,,,,
14,2025,22.109,4,,digital_heavy,23.0,32.36,40.657,0.0,37.528,,,,,
14,2026,21.625,4,,digital_heavy,23.0,29.744,40.805,0.0,37.575,,,,,
14,2027,45.884,3,PILLARS_RENORMALIZED,digital_heavy,20.0,59.322,40.713,,37.619,,,,,
15,2020,41.048,4,,digital_heavy,1.0,6.677,62.385,38.685,58.807,,,,,
15,2021,52.99,4,,digital_heavy,1.0,18.12,65.378,61.315,58.824,,,,,
15,2022,51.038,4,,digital_heavy,2.0,5.471,68.236,61.315,58.851,,,,,
15,2023,62.691,4,,digital_heavy,1.0,67.856,64.082,61.315,58.889,,,,,
15,2024,62.866,4,,digital_heavy,2.0,69.425,63.352,61.315,58.924,,,,,
15,2025,57.92,4,,digital_heavy,2.0,44.658,63.356,61.315,58.956,,,,,
15,2026,57.658,4,,digital_heavy,2.0,44.486,62.189,61.315,58.986,,,,,
15,2027,71.817,3,PILLARS_RENORMALIZED,digital_heavy,1.0,88.889,67.549,,59.013,,,,,
16,2020,20.9,4,,digital_heavy,22.0,22.046,26.863,0.0,55.591,,,,,
16,2021,27.481,4,,digital_heavy,16.0,54.991,26.788,0.0,55.626,,,,,
16,2022,19.08,4,,digital_heavy,24.0,13.032,26.699,0.0,55.668,,,,,
16,2023,30.002,4,,digital_heavy,18.0,68.117,26.173,0.0,55.721,,,,,
16,2024,27.425,4,,digital_heavy,19.0,55.288,26.065,0.0,55.772,,,,,
16,2025,20.602,4,,digital_heavy,25.0,21.228,25.962,0.0,55.821,,,,,
16,2026,20.708,4,,digital_heavy,25.0,21.81,25.864,0.0,55.867,,,,,
16,2027,40.864,3,PILLARS_RENORMALIZED,digital_heavy,23.0,40.909,25.772,,55.911,,,,,
17,2020,25.317,4,,digital_heavy,14.0,2.707,71.096,0.0,52.782,,,,,
17,2021,24.255,4,,digital_heavy,21.0,0.92,67.557,0.0,52.797,,,,,
17,2022,25.087,4,,digital_heavy,19.0,5.108,67.508,0.0,52.82,,,,,
17,2023,32.482,4,,digital_heavy,12.0,41.676,67.875,0.0,52.857,,,,,
17,2024,30.546,4,,digital_heavy,13.0,32.033,67.804,0.0,52.891,,,,,
17,2025,26.816,4,,digital_heavy,17.0,13.42,67.738,0.0,52.923,,,,,
17,2026,26.763,4,,digital_heavy,14.0,13.185,67.676,0.0,52.952,,,,,
17,2027,48.533,3,PILLARS_RENORMALIZED,digital_heavy,17.0,25.0,67.62,,52.979,,,,,
18,2020,16.19,4,,digital_heavy,31.0,7.263,38.885,0.0,34.803,,,,,
18,2021,20.204,4,,digital_heavy,25.0,27.393,38.774,0.0,34.854,,,,,
18,2022,17.415,4,,digital_heavy,30.0,13.512,38.652,0.0,34.911,,,,,
18,2023,22.609,4,,digital_heavy,26.0,39.693,38.379,0.0,34.974,,,,,
18,2024,20.657,4,,digital_heavy,29.0,30.103,38.145,0.0,35.036,,,,,
18,2025,17.876,4,,digital_heavy,30.0,16.131,38.154,0.0,35.095,,,,,
18,2026,17.357,4,,digital_heavy,30.0,13.603,38.033,0.0,35.151,,,,,
18,2027,32.707,3,PILLARS_RENORMALIZED,digital_heavy,27.0,25.0,37.918,,35.204,,,,,
19,2020,25.685,4,,digital_heavy,13.0,17.88,85.014,0.0,25.532,,,,,
19,2021,30.03,4,,digital_heavy,13.0,40.879,83.657,0.0,25.613,,,,,
19,2022,27.233,4,,digital_heavy,13.0,27.0,83.467,0.0,25.699,,,,,
19,2023,46.015,4,,digital_heavy,3.0,45.922,80.991,38.685,25.791,,,,,
19,2024,43.789,4,,digital_heavy,3.0,35.218,80.475,38.685,25.881,,,,,
19,2025,42.81,4,,digital_heavy,3.0,30.244,80.468,38.685,25.968,,,,,
19,2026,43.175,4,,digital_heavy,3.0,32.154,80.298,38.685,26.053,,,,,
19,2027,53.963,3,PILLARS_RENORMALIZED,digital_heavy,9.0,56.522,79.233,,26.134,,,,,
20,2020,20.575,4,,digital_heavy,25.0,14.056,36.834,0.0,51.983,,,,,
20,2021,18.435,4,,digital_heavy,29.0,3.383,36.789,0.0,52.004,,,,,
20,2022,18.965,4,,digital_heavy,25.0,7.882,34.909,0.0,52.033,,,,,
20,2023,21.063,4,,digital_heavy,28.0,18.862,34.381,0.0,52.073,,,,,
20,2024,20.742,4,,digital_heavy,28.0,17.301,34.297,0.0,52.112,,,,,
20,2025,18.291,4,,digital_heavy,29.0,5.091,34.216,0.0,52.149,,,,,
20,2026,18.41,4,,digital_heavy,29.0,5.727,34.139,0.0,52.185,,,,,
20,2027,31.936,3,PILLARS_RENORMALIZED,digital_heavy,28.0,9.524,34.066,,52.218,,,,,
21,2020,18.092,4,,digital_heavy,28.0,2.109,34.145,0.0,54.205,,,,,
21,2021,18.37,4,,digital_heavy,30.0,3.558,34.045,0.0,54.247,,,,,
21,2022,18.568,4,,digital_heavy,27.0,4.693,33.849,0.0,54.299,,,,,
21,2023,22.815,4,,digital_heavy,25.0,25.799,33.912,0.0,54.363,,,,,
21,2024,23.66,4,,digital_heavy,25.0,30.09,33.782,0.0,54.426,,,,,
21,2025,21.056,4,,digital_heavy,24.0,16.81,33.983,0.0,54.487,,,,,
21,2026,20.937,4,,digital_heavy,24.0,17.187,32.952,0.0,54.547,,,,,
21,2027,40.182,3,PILLARS_RENORMALIZED,digital_heavy,24.0,33.333,32.609,,54.604,,,,,
22,2020,29.125,4,,digital_heavy,6.0,19.405,74.469,0.0,51.75,,,,,
22,2021,32.577,4,,digital_heavy,8.0,36.768,74.272,0.0,51.844,,,,,
22,2022,52.427,4,,digital_heavy,1.0,59.852,72.969,38.685,51.942,,,,,
22,2023,55.977,4,,digital_heavy,2.0,77.167,73.301,38.685,52.046,,,,,
22,2024,72.37,4,,digital_heavy,1.0,81.818,73.145,77.371,52.147,,,,,
22,2025,72.511,4,,digital_heavy,1.0,37.333,72.977,100.0,52.243,,,,,
22,2026,71.445,4,,digital_heavy,1.0,32.107,72.783,100.0,52.336,,,,,
22,2027,62.886,3,PILLARS_RENORMALIZED,digital_heavy,4.0,63.636,72.596,,52.425,,,,,
23,2020,20.331,4,,digital_heavy,26.0,10.697,57.686,0.0,33.271,,,,,
23,2021,18.235,4,,digital_heavy,32.0,0.334,57.465,0.0,33.376,,,,,
23,2022,18.47,4,,digital_heavy,28.0,1.839,57.028,0.0,33.484,,,,,
23,2023,19.104,4,,digital_heavy,31.0,3.488,58.435,0.0,33.595,,,,,
23,2024,19.325,4,,digital_heavy,31.0,2.591,60.331,0.0,33.702,,,,,
23,2025,20.272,4,,digital_heavy,26.0,7.437,60.118,0.0,33.804,,,,,
23,2026,19.919,4,,digital_heavy,26.0,5.781,59.915,0.0,33.901,,,,,
23,2027,31.238,3,PILLARS_RENORMALIZED,digital_heavy,30.0,0.0,59.721,,33.995,,,,,
24,2020,31.607,4,,digital_heavy,3.0,28.729,81.055,0.0,48.248,,,,,
24,2021,31.747,4,,digital_heavy,10.0,29.384,81.08,0.0,48.273,,,,,
24,2022,33.23,4,,digital_heavy,4.0,34.37,83.469,0.0,48.31,,,,,
24,2023,39.165,4,,digital_heavy,4.0,63.674,83.794,0.0,48.355,,,,,
24,2024,38.534,4,,digital_heavy,6.0,64.392,79.881,0.0,48.399,,,,,
24,2025,31.853,4,,digital_heavy,9.0,31.035,79.789,0.0,48.441,,,,,
24,2026,31.527,4,,digital_heavy,5.0,29.453,79.702,0.0,48.481,,,,,
24,2027,61.804,3,PILLARS_RENORMALIZED,digital_heavy,5.0,57.895,78.997,,48.519,,,,,
25,2020,27.068,4,,digital_heavy,12.0,27.393,69.282,0.0,38.663,,,,,
25,2021,34.801,4,,digital_heavy,4.0,66.093,69.219,0.0,38.692,,,,,
25,2022,26.096,4,,digital_heavy,16.0,22.337,69.413,0.0,38.729,,,,,
25,2023,36.015,4,,digital_heavy,6.0,65.788,75.518,0.0,38.769,,,,,
25,2024,38.578,4,,digital_heavy,5.0,78.572,75.511,0.0,38.808,,,,,
25,2025,35.813,4,,digital_heavy,5.0,65.065,75.159,0.0,38.844,,,,,
25,2026,29.194,4,,digital_heavy,8.0,32.076,75.019,0.0,38.877,,,,,
25,2027,57.049,3,PILLARS_RENORMALIZED,digital_heavy,8.0,57.143,75.094,,38.909,,,,,
26,2020,28.345,4,,digital_heavy,8.0,32.684,80.315,0.0,28.728,,,,,
26,2021,37.451,4,,digital_heavy,2.0,78.083,80.406,0.0,28.764,,,,,
26,2022,29.101,4,,digital_heavy,8.0,39.629,77.068,0.0,28.809,,,,,
26,2023,31.28,4,,digital_heavy,15.0,49.208,78.331,0.0,28.86,,,,,
26,2024,34.972,4,,digital_heavy,10.0,69.022,76.929,0.0,28.909,,,,,
26,2025,35.019,4,,digital_heavy,6.0,65.983,80.157,0.0,28.956,,,,,
26,2026,26.21,4,,digital_heavy,17.0,22.05,79.998,0.0,29.0,,,,,
26,2027,48.787,3,PILLARS_RENORMALIZED,digital_heavy,16.0,38.333,78.986,,29.043,,,,,
27,2020,23.88,4,,digital_heavy,17.0,16.221,72.89,0.0,30.29,,,,,
27,2021,20.639,4,,digital_heavy,24.0,0.0,72.901,0.0,30.293,,,,,
27,2022,20.936,4,,digital_heavy,21.0,0.0,74.377,0.0,30.304,,,,,
27,2023,22.262,4,,digital_heavy,27.0,6.715,74.272,0.0,30.321,,,,,
27,2024,25.268,4,,digital_heavy,24.0,21.737,74.268,0.0,30.335,,,,,
27,2025,23.827,4,,digital_heavy,22.0,14.546,74.241,0.0,30.348,,,,,
27,2026,21.884,4,,digital_heavy,22.0,1.679,77.38,0.0,30.359,,,,,
27,2027,35.909,3,PILLARS_RENORMALIZED,digital_heavy,26.0,0.0,77.36,,30.369,,,,,
28,2020,27.322,4,,digital_heavy,11.0,22.19,82.678,0.0,31.74,,,,,
28,2021,29.963,4,,digital_heavy,14.0,35.701,82.338,0.0,31.777,,,,,
28,2022,30.967,4,,digital_heavy,5.0,40.574,82.44,0.0,31.821,,,,,
28,2023,31.313,4,,digital_heavy,14.0,42.392,82.307,0.0,31.869,,,,,
28,2024,30.496,4,,digital_heavy,14.0,37.737,82.827,0.0,31.914,,,,,
28,2025,26.222,4,,digital_heavy,19.0,17.641,81.512,0.0,31.957,,,,,
28,2026,27.328,4,,digital_heavy,12.0,23.219,81.423,0.0,31.998,,,,,
28,2027,47.092,3,PILLARS_RENORMALIZED,digital_heavy,18.0,28.571,80.67,,32.035,,,,,
29,2020,17.704,4,,digital_heavy,29.0,2.023,34.896,0.0,51.604,,,,,
29,2021,18.743,4,,digital_heavy,28.0,8.242,33.826,0.0,51.645,,,,,
29,2022,17.37,4,,digital_heavy,31.0,3.646,31.505,0.0,51.7,,,,,
29,2023,17.472,4,,digital_heavy,32.0,4.844,30.749,0.0,51.768,,,,,
29,2024,18.57,4,,digital_heavy,32.0,10.402,30.611,0.0,51.834,,,,,
29,2025,16.475,4,,digital_heavy,32.0,0.0,30.477,0.0,51.898,,,,,
29,2026,16.598,4,,digital_heavy,32.0,0.13,30.901,0.0,51.96,,,,,
29,2027,27.936,3,PILLARS_RENORMALIZED,digital_heavy,32.0,0.0,31.789,,52.019,,,,,
30,2020,29.692,4,,digital_heavy,5.0,13.876,80.421,0.0,54.161,,,,,
30,2021,27.599,4,,digital_heavy,15.0,3.539,80.31,0.0,54.146,,,,,
30,2022,28.412,4,,digital_heavy,10.0,7.614,80.307,0.0,54.137,,,,,
30,2023,31.253,4,,digital_heavy,16.0,21.857,80.271,0.0,54.136,,,,,
30,2024,31.385,4,,digital_heavy,11.0,24.171,78.622,0.0,54.134,,,,,
30,2025,28.488,4,,digital_heavy,13.0,11.935,76.375,0.0,54.13,,,,,
30,2026,28.379,4,,digital_heavy,9.0,11.38,76.391,0.0,54.123,,,,,
30,2027,50.915,3,PILLARS_RENORMALIZED,digital_heavy,12.0,22.222,76.408,,54.115,,,,,
31,2020,28.522,4,,digital_heavy,7.0,9.227,83.347,0.0,50.034,,,,,
31,2021,26.662,4,,digital_heavy,17.0,0.0,83.215,0.0,50.095,,,,,
31,2022,27.18,4,,digital_heavy,14.0,1.041,84.7,0.0,50.16,,,,,
31,2023,28.487,4,,digital_heavy,20.0,6.823,85.381,0.0,50.229,,,,,
31,2024,28.244,4,,digital_heavy,18.0,5.792,85.131,0.0,50.296,,,,,
31,2025,26.706,4,,digital_heavy,18.0,1.136,82.035,0.0,50.359,,,,,
31,2026,26.375,4,,digital_heavy,16.0,0.906,80.549,0.0,50.42,,,,,
31,2027,42.997,3,PILLARS_RENORMALIZED,digital_heavy,21.0,0.0,78.513,,50.478,,,,,
32,2020,14.392,4,,digital_heavy,32.0,7.639,38.105,0.0,26.215,,,,,
32,2021,19.913,4,,digital_heavy,26.0,35.279,38.047,0.0,26.241,,,,,
32,2022,16.385,4,,digital_heavy,32.0,21.712,33.936,0.0,26.279,,,,,
32,2023,25.193,4,,digital_heavy,24.0,69.93,29.71,0.0,26.326,,,,,
32,2024,20.447,4,,digital_heavy,30.0,47.131,28.734,0.0,26.372,,,,,
32,2025,17.587,4,,digital_heavy,31.0,32.883,28.637,0.0,26.416,,,,,
32,2026,16.758,4,,digital_heavy,31.0,29.412,27.918,0.0,26.458,,,,,
32,2027,39.565,3,PILLARS_RENORMALIZED,digital_heavy,25.0,58.824,33.375,,26.497,,,,,
01,2020,25.315,4,,vulnerability_heavy,28.0,4.178,44.082,0.0,39.159,,,,,
01,2021,29.86,4,,vulnerability_heavy,23.0,26.908,43.953,0.0,39.219,,,,,
01,2022,26.239,4,,vulnerability_heavy,28.0,21.56,31.062,0.0,39.286,,,,,
01,2023,41.574,4,,vulnerability_heavy,12.0,95.693,33.468,0.0,39.356,,,,,
01,2024,37.055,4,,vulnerability_heavy,17.0,74.903,31.527,0.0,39.424,,,,,
01,2025,32.373,4,,vulnerability_heavy,18.0,50.585,32.302,0.0,39.489,,,,,
01,2026,32.255,4,,vulnerability_heavy,18.0,50.0,32.168,0.0,39.552,,,,,
01,2027,54.759,3,PILLARS_RENORMALIZED,vulnerability_heavy,7.0,100.0,39.811,,39.613,,,,,
02,2020,31.396,4,,vulnerability_heavy,18.0,2.889,76.22,0.0,38.936,,,,,
02,2021,41.094,4,,vulnerability_heavy,10.0,50.951,76.509,0.0,39.006,,,,,
02,2022,44.526,4,,vulnerability_heavy,3.0,67.497,76.965,0.0,39.084,,,,,
02,2023,34.71,4,,vulnerability_heavy,21.0,19.544,75.674,0.0,39.166,,,,,
02,2024,34.859,4,,vulnerability_heavy,19.0,20.869,74.936,0.0,39.246,,,,,
02,2025,41.479,4,,vulnerability_heavy,7.0,50.547,78.205,0.0,39.323,,,,,
02,2026,35.058,4,,vulnerability_heavy,13.0,17.408,79.093,0.0,39.396,,,,,
02,2027,47.067,3,PILLARS_RENORMALIZED,vulnerability_heavy,12.0,33.333,76.003,,39.465,,,,,
03,2020,26.421,4,,vulnerability_heavy,27.0,8.825,89.683,0.0,16.8,,,,,
03,2021,34.871,4,,vulnerability_heavy,19.0,51.844,88.911,0.0,16.8,,,,,
03,2022,29.439,4,,vulnerability_heavy,22.0,26.474,87.123,0.0,16.8,,,,,
03,2023,30.663,4,,vulnerability_heavy,25.0,32.809,86.908,0.0,16.8,,,,,
03,2024,30.363,4,,vulnerability_heavy,26.0,30.963,87.216,0.0,16.819,,,,,
03,2025,31.969,4,,vulnerability_heavy,21.0,39.052,86.956,0.0,16.918,,,,,
03,2026,29.794,4,,vulnerability_heavy,23.0,28.205,86.735,0.0,17.014,,,,,
03,2027,44.287,3,PILLARS_RENORMALIZED,vulnerability_heavy,18.0,56.41,86.523,,17.107,,,,,
04,2020,23.923,4,,vulnerability_heavy,30.0,9.05,77.432,0.0,16.567,,,,,
04,2021,21.661,4,,vulnerability_heavy,32.0,0.141,75.006,0.0,16.58,,,,,
04,2022,21.948,4,,vulnerability_heavy,31.0,0.282,76.258,0.0,16.6,,,,,
04,2023,24.349,4,,vulnerability_heavy,32.0,5.755,82.739,0.0,16.626,,,,,
04,2024,24.611,4,,vulnerability_heavy,32.0,7.071,82.687,0.0,16.649,,,,,
04,2025,22.987,4,,vulnerability_heavy,31.0,4.95,76.644,0.0,16.67,,,,,
04,2026,22.215,4,,vulnerability_heavy,31.0,1.098,76.603,0.0,16.688,,,,,
04,2027,27.21,3,PILLARS_RENORMALIZED,vulnerability_heavy,32.0,0.0,75.431,,16.704,,,,,
05,2020,25.088,4,,vulnerability_heavy,29.0,33.867,72.856,0.0,9.358,,,,,
05,2021,26.225,4,,vulnerability_heavy,29.0,39.914,72.381,0.0,9.415,,,,,
05,2022,31.376,4,,vulnerability_heavy,19.0,64.636,73.287,0.0,9.479,,,,,
05,2023,29.209,4,,vulnerability_heavy,28.0,54.5,72.454,0.0,9.546,,,,,
05,2024,28.177,4,,vulnerability_heavy,28.0,50.281,71.383,0.0,9.61,,,,,
05,2025,29.843,4,,vulnerability_heavy,25.0,58.627,71.244,0.0,9.673,,,,,
05,2026,27.661,4,,vulnerability_heavy,27.0,48.34,70.498,0.0,9.733,,,,,
05,2027,39.275,3,PILLARS_RENORMALIZED,vulnerability_heavy,25.0,67.857,69.663,,9.791,,,,,
06,2020,28.912,4,,vulnerability_heavy,23.0,1.655,100.0,0.0,21.451,,,,,
06,2021,35.87,4,,vulnerability_heavy,16.0,36.401,100.0,0.0,21.474,,,,,
06,2022,29.961,4,,vulnerability_heavy,21.0,6.802,100.0,0.0,21.502,,,,,
06,2023,37.374,4,,vulnerability_heavy,18.0,43.793,100.0,0.0,21.538,,,,,
06,2024,33.826,4,,vulnerability_heavy,22.0,25.995,99.987,0.0,21.573,,,,,
06,2025,32.299,4,,vulnerability_heavy,19.0,18.366,99.916,0.0,21.606,,,,,
06,2026,32.261,4,,vulnerability_heavy,17.0,18.182,99.85,0.0,21.636,,,,,
06,2027,44.871,3,PILLARS_RENORMALIZED,vulnerability_heavy,14.0,36.364,99.789,,21.665,,,,,
07,2020,32.231,4,,vulnerability_heavy,16.0,1.897,32.996,0.0,63.132,,,,,
07,2021,31.995,4,,vulnerability_heavy,22.0,0.727,32.857,0.0,63.196,,,,,
07,2022,32.177,4,,vulnerability_heavy,18.0,1.645,32.707,0.0,63.267,,,,,
07,2023,32.857,4,,vulnerability_heavy,23.0,5.113,32.49,0.0,63.341,,,,,
07,2024,33.852,4,,vulnerability_heavy,21.0,10.215,32.216,0.0,63.414,,,,,
07,2025,32.004,4,,vulnerability_heavy,20.0,0.986,32.067,0.0,63.483,,,,,
07,2026,32.301,4,,vulnerability_heavy,16.0,2.481,31.924,0.0,63.55,,,,,
07,2027,39.754,3,PILLARS_RENORMALIZED,vulnerability_heavy,24.0,0.0,31.787,,63.614,,,,,
08,2020,39.076,4,,vulnerability_heavy,6.0,37.346,70.737,0.0,43.649,,,,,
08,2021,42.285,4,,vulnerability_heavy,7.0,53.946,70.079,0.0,43.7,,,,,
08,2022,39.049,4,,vulnerability_heavy,6.0,36.274,71.45,0.0,43.76,,,,,
08,2023,44.305,4,,vulnerability_heavy,6.0,60.467,73.41,0.0,43.824,,,,,
08,2024,48.706,4,,vulnerability_heavy,4.0,81.148,74.609,0.0,43.886,,,,,
08,2025,46.459,4,,vulnerability_heavy,3.0,70.112,74.294,0.0,43.944,,,,,
08,2026,39.515,4,,vulnerability_heavy,8.0,35.524,74.053,0.0,43.999,,,,,
08,2027,55.857,3,PILLARS_RENORMALIZED,vulnerability_heavy,6.0,62.295,73.032,,44.05,,,,,
09,2020,35.198,4,,vulnerability_heavy,10.0,0.0,50.086,0.0,62.953,,,,,
09,2021,36.095,4,,vulnerability_heavy,15.0,4.481,50.089,0.0,62.953,,,,,
09,2022,34.691,4,,vulnerability_heavy,15.0,0.69,46.859,0.0,62.953,,,,,
09,2023,47.276,4,,vulnerability_heavy,5.0,60.731,49.743,0.0,62.953,,,,,
09,2024,48.854,4,,vulnerability_heavy,3.0,70.798,47.569,0.0,62.951,,,,,
09,2025,44.689,4,,vulnerability_heavy,4.0,50.0,47.569,0.0,62.939,,,,,
09,2026,44.684,4,,vulnerability_heavy,3.0,50.0,47.569,0.0,62.926,,,,,
09,2027,68.347,3,PILLARS_RENORMALIZED,vulnerability_heavy,2.0,100.0,47.569,,62.91,,,,,
10,2020,33.563,4,,vulnerability_heavy,14.0,26.539,79.833,0.0,30.72,,,,,
10,2021,41.418,4,,vulnerability_heavy,8.0,66.043,79.541,0.0,30.753,,,,,
10,2022,34.747,4,,vulnerability_heavy,14.0,32.197,79.955,0.0,30.79,,,,,
10,2023,40.482,4,,vulnerability_heavy,14.0,62.033,78.717,0.0,30.831,,,,,
10,2024,42.003,4,,vulnerability_heavy,10.0,70.69,77.588,0.0,30.869,,,,,
10,2025,36.352,4,,vulnerability_heavy,15.0,42.445,77.509,0.0,30.904,,,,,
10,2026,31.705,4,,vulnerability_heavy,22.0,20.723,75.932,0.0,30.936,,,,,
10,2027,44.794,3,PILLARS_RENORMALIZED,vulnerability_heavy,16.0,41.379,75.866,,30.965,,,,,
11,2020,37.319,4,,vulnerability_heavy,8.0,13.948,74.845,0.0,48.9,,,,,
11,2021,42.904,4,,vulnerability_heavy,5.0,41.686,74.959,0.0,48.937,,,,,
11,2022,38.154,4,,vulnerability_heavy,8.0,24.299,68.508,0.0,48.98,,,,,
11,2023,48.085,4,,vulnerability_heavy,4.0,76.543,65.817,0.0,49.032,,,,,
11,2024,47.854,4,,vulnerability_heavy,6.0,74.358,66.748,0.0,49.081,,,,,
11,2025,40.588,4,,vulnerability_heavy,9.0,39.588,65.101,0.0,49.127,,,,,
11,2026,40.987,4,,vulnerability_heavy,5.0,36.111,70.487,0.0,49.17,,,,,
11,2027,59.995,3,PILLARS_RENORMALIZED,vulnerability_heavy,4.0,72.222,69.336,,49.21,,,,,
12,2020,45.875,4,,vulnerability_heavy,1.0,37.808,72.806,0.0,59.382,,,,,
12,2021,44.141,4,,vulnerability_heavy,2.0,29.133,72.811,0.0,59.379,,,,,
12,2022,38.718,4,,vulnerability_heavy,7.0,1.816,73.01,0.0,59.382,,,,,
12,2023,43.31,4,,vulnerability_heavy,9.0,24.779,72.996,0.0,59.388,,,,,
12,2024,42.277,4,,vulnerability_heavy,8.0,19.404,73.201,0.0,59.391,,,,,
12,2025,39.349,4,,vulnerability_heavy,11.0,4.761,73.198,0.0,59.392,,,,,
12,2026,39.62,4,,vulnerability_heavy,7.0,6.117,73.202,0.0,59.391,,,,,
12,2027,50.139,3,PILLARS_RENORMALIZED,vulnerability_heavy,10.0,8.571,73.211,,59.387,,,,,
13,2020,33.444,4,,vulnerability_heavy,15.0,12.06,72.154,0.0,41.502,,,,,
13,2021,34.938,4,,vulnerability_heavy,18.0,20.529,71.062,0.0,41.549,,,,,
13,2022,36.711,4,,vulnerability_heavy,11.0,30.706,69.642,0.0,41.603,,,,,
13,2023,38.767,4,,vulnerability_heavy,15.0,37.403,73.1,0.0,41.665,,,,,
13,2024,39.483,4,,vulnerability_heavy,14.0,40.76,73.205,0.0,41.725,,,,,
13,2025,32.916,4,,vulnerability_heavy,16.0,7.931,73.083,0.0,41.783,,,,,
13,2026,32.8,4,,vulnerability_heavy,15.0,7.359,72.966,0.0,41.838,,,,,
13,2027,41.901,3,PILLARS_RENORMALIZED,vulnerability_heavy,23.0,14.286,69.538,,41.89,,,,,
14,2020,28.317,4,,vulnerability_heavy,24.0,12.178,54.835,0.0,37.287,,,,,
14,2021,32.74,4,,vulnerability_heavy,21.0,35.328,53.714,0.0,37.328,,,,,
14,2022,27.813,4,,vulnerability_heavy,25.0,18.046,46.273,0.0,37.374,,,,,
14,2023,36.596,4,,vulnerability_heavy,20.0,67.714,40.413,0.0,37.427,,,,,
14,2024,33.047,4,,vulnerability_heavy,23.0,49.082,41.194,0.0,37.479,,,,,
14,2025,29.615,4,,vulnerability_heavy,26.0,32.36,40.657,0.0,37.528,,,,,
14,2026,29.14,4,,vulnerability_heavy,24.0,29.744,40.805,0.0,37.575,,,,,
14,2027,43.818,3,PILLARS_RENORMALIZED,vulnerability_heavy,20.0,59.322,40.713,,37.619,,,,,
15,2020,45.072,4,,vulnerability_heavy,2.0,6.677,62.385,38.685,58.807,,,,,
15,2021,52.492,4,,vulnerability_heavy,1.0,18.12,65.378,61.315,58.824,,,,,
15,2022,50.545,4,,vulnerability_heavy,2.0,5.471,68.236,61.315,58.851,,,,,
15,2023,62.206,4,,vulnerability_heavy,1.0,67.856,64.082,61.315,58.889,,,,,
15,2024,62.388,4,,vulnerability_heavy,2.0,69.425,63.352,61.315,58.924,,,,,
15,2025,57.448,4,,vulnerability_heavy,2.0,44.658,63.356,61.315,58.956,,,,,
15,2026,57.192,4,,vulnerability_heavy,2.0,44.486,62.189,61.315,58.986,,,,,
15,2027,68.616,3,PILLARS_RENORMALIZED,vulnerability_heavy,1.0,88.889,67.549,,59.013,,,,,
16,2020,32.018,4,,vulnerability_heavy,17.0,22.046,26.863,0.0,55.591,,,,,
16,2021,38.606,4,,vulnerability_heavy,11.0,54.991,26.788,0.0,55.626,,,,,
16,2022,30.213,4,,vulnerability_heavy,20.0,13.032,26.699,0.0,55.668,,,,,
16,2023,41.146,4,,vulnerability_heavy,13.0,68.117,26.173,0.0,55.721,,,,,
16,2024,38.579,4,,vulnerability_heavy,15.0,55.288,26.065,0.0,55.772,,,,,
16,2025,31.766,4,,vulnerability_heavy,23.0,21.228,25.962,0.0,55.821,,,,,
16,2026,31.882,4,,vulnerability_heavy,20.0,21.81,25.864,0.0,55.867,,,,,
16,2027,44.626,3,PILLARS_RENORMALIZED,vulnerability_heavy,17.0,40.909,25.772,,55.911,,,,,
17,2020,35.874,4,,vulnerability_heavy,9.0,2.707,71.096,0.0,52.782,,,,,
17,2021,34.814,4,,vulnerability_heavy,20.0,0.92,67.557,0.0,52.797,,,,,
17,2022,35.651,4,,vulnerability_heavy,12.0,5.108,67.508,0.0,52.82,,,,,
17,2023,43.053,4,,vulnerability_heavy,10.0,41.676,67.875,0.0,52.857,,,,,
17,2024,41.124,4,,vulnerability_heavy,12.0,32.033,67.804,0.0,52.891,,,,,
17,2025,37.4,4,,vulnerability_heavy,13.0,13.42,67.738,0.0,52.923,,,,,
17,2026,37.353,4,,vulnerability_heavy,10.0,13.185,67.676,0.0,52.952,,,,,
17,2027,49.644,3,PILLARS_RENORMALIZED,vulnerability_heavy,11.0,25.0,67.62,,52.979,,,,,
18,2020,23.151,4,,vulnerability_heavy,31.0,7.263,38.885,0.0,34.803,,,,,
18,2021,27.175,4,,vulnerability_heavy,27.0,27.393,38.774,0.0,34.854,,,,,
18,2022,24.397,4,,vulnerability_heavy,30.0,13.512,38.652,0.0,34.911,,,,,
18,2023,29.604,4,,vulnerability_heavy,27.0,39.693,38.379,0.0,34.974,,,,,
18,2024,27.664,4,,vulnerability_heavy,29.0,30.103,38.145,0.0,35.036,,,,,
18,2025,24.895,4,,vulnerability_heavy,30.0,16.131,38.154,0.0,35.095,,,,,
18,2026,24.387,4,,vulnerability_heavy,30.0,13.603,38.033,0.0,35.151,,,,,
18,2027,33.331,3,PILLARS_RENORMALIZED,vulnerability_heavy,30.0,25.0,37.918,,35.204,,,,,
19,2020,30.792,4,,vulnerability_heavy,20.0,17.88,85.014,0.0,25.532,,,,,
19,2021,35.152,4,,vulnerability_heavy,17.0,40.879,83.657,0.0,25.613,,,,,
19,2022,32.373,4,,vulnerability_heavy,17.0,27.0,83.467,0.0,25.699,,,,,
19,2023,43.436,4,,vulnerability_heavy,8.0,45.922,80.991,38.685,25.791,,,,,
19,2024,41.228,4,,vulnerability_heavy,11.0,35.218,80.475,38.685,25.881,,,,,
19,2025,40.267,4,,vulnerability_heavy,10.0,30.244,80.468,38.685,25.968,,,,,
19,2026,40.649,4,,vulnerability_heavy,6.0,32.154,80.298,38.685,26.053,,,,,
19,2027,47.006,3,PILLARS_RENORMALIZED,vulnerability_heavy,13.0,56.522,79.233,,26.134,,,,,
20,2020,30.971,4,,vulnerability_heavy,19.0,14.056,36.834,0.0,51.983,,,,,
20,2021,28.836,4,,vulnerability_heavy,26.0,3.383,36.789,0.0,52.004,,,,,
20,2022,29.372,4,,vulnerability_heavy,24.0,7.882,34.909,0.0,52.033,,,,,
20,2023,31.478,4,,vulnerability_heavy,24.0,18.862,34.381,0.0,52.073,,,,,
20,2024,31.164,4,,vulnerability_heavy,25.0,17.301,34.297,0.0,52.112,,,,,
20,2025,28.721,4,,vulnerability_heavy,27.0,5.091,34.216,0.0,52.149,,,,,
20,2026,28.847,4,,vulnerability_heavy,25.0,5.727,34.139,0.0,52.185,,,,,
20,2027,37.007,3,PILLARS_RENORMALIZED,vulnerability_heavy,26.0,9.524,34.066,,52.218,,,,,
21,2020,28.933,4,,vulnerability_heavy,22.0,2.109,34.145,0.0,54.205,,,,,
21,2021,29.219,4,,vulnerability_heavy,24.0,3.558,34.045,0.0,54.247,,,,,
21,2022,29.428,4,,vulnerability_heavy,23.0,4.693,33.849,0.0,54.299,,,,,
21,2023,33.687,4,,vulnerability_heavy,22.0,25.799,33.912,0.0,54.363,,,,,
21,2024,34.545,4,,vulnerability_heavy,20.0,30.09,33.782,0.0,54.426,,,,,
21,2025,31.954,4,,vulnerability_heavy,22.0,16.81,33.983,0.0,54.487,,,,,
21,2026,31.846,4,,vulnerability_heavy,21.0,17.187,32.952,0.0,54.547,,,,,
21,2027,43.787,3,PILLARS_RENORMALIZED,vulnerability_heavy,21.0,33.333,32.609,,54.604,,,,,
22,2020,39.475,4,,vulnerability_heavy,5.0,19.405,74.469,0.0,51.75,,,,,
22,2021,42.946,4,,vulnerability_heavy,4.0,36.768,74.272,0.0,51.844,,,,,
22,2022,55.078,4,,vulnerability_heavy,1.0,59.852,72.969,38.685,51.942,,,,,
22,2023,58.649,4,,vulnerability_heavy,2.0,77.167,73.301,38.685,52.046,,,,,
22,2024,67.325,4,,vulnerability_heavy,1.0,81.818,73.145,77.371,52.147,,,,,
22,2025,62.959,4,,vulnerability_heavy,1.0,37.333,72.977,100.0,52.243,,,,,
22,2026,61.912,4,,vulnerability_heavy,1.0,32.107,72.783,100.0,52.336,,,,,
22,2027,60.271,3,PILLARS_RENORMALIZED,vulnerability_heavy,3.0,63.636,72.596,,52.425,,,,,
23,2020,26.985,4,,vulnerability_heavy,26.0,10.697,57.686,0.0,33.271,,,,,
23,2021,24.91,4,,vulnerability_heavy,31.0,0.334,57.465,0.0,33.376,,,,,
23,2022,25.167,4,,vulnerability_heavy,29.0,1.839,57.028,0.0,33.484,,,,,
23,2023,25.823,4,,vulnerability_heavy,31.0,3.488,58.435,0.0,33.595,,,,,
23,2024,26.065,4,,vulnerability_heavy,30.0,2.591,60.331,0.0,33.702,,,,,
23,2025,27.033,4,,vulnerability_heavy,28.0,7.437,60.118,0.0,33.804,,,,,
23,2026,26.7,4,,vulnerability_heavy,29.0,5.781,59.915,0.0,33.901,,,,,
23,2027,31.928,3,PILLARS_RENORMALIZED,vulnerability_heavy,31.0,0.0,59.721,,33.995,,,,,
24,2020,41.256,4,,vulnerability_heavy,3.0,28.729,81.055,0.0,48.248,,,,,
24,2021,41.402,4,,vulnerability_heavy,9.0,29.384,81.08,0.0,48.273,,,,,
24,2022,42.892,4,,vulnerability_heavy,4.0,34.37,83.469,0.0,48.31,,,,,
24,2023,48.836,4,,vulnerability_heavy,3.0,63.674,83.794,0.0,48.355,,,,,
24,2024,48.214,4,,vulnerability_heavy,5.0,64.392,79.881,0.0,48.399,,,,,
24,2025,41.541,4,,vulnerability_heavy,6.0,31.035,79.789,0.0,48.441,,,,,
24,2026,41.224,4,,vulnerability_heavy,4.0,29.453,79.702,0.0,48.481,,,,,
24,2027,58.483,3,PILLARS_RENORMALIZED,vulnerability_heavy,5.0,57.895,78.997,,48.519,,,,,
25,2020,34.8,4,,vulnerability_heavy,11.0,27.393,69.282,0.0,38.663,,,,,
25,2021,42.539,4,,vulnerability_heavy,6.0,66.093,69.219,0.0,38.692,,,,,
25,2022,33.841,4,,vulnerability_heavy,16.0,22.337,69.413,0.0,38.729,,,,,
25,2023,43.769,4,,vulnerability_heavy,7.0,65.788,75.518,0.0,38.769,,,,,
25,2024,46.34,4,,vulnerability_heavy,7.0,78.572,75.511,0.0,38.808,,,,,
25,2025,43.582,4,,vulnerability_heavy,5.0,65.065,75.159,0.0,38.844,,,,,
25,2026,36.97,4,,vulnerability_heavy,11.0,32.076,75.019,0.0,38.877,,,,,
25,2027,52.514,3,PILLARS_RENORMALIZED,vulnerability_heavy,8.0,57.143,75.094,,38.909,,,,,
26,2020,34.091,4,,vulnerability_heavy,12.0,32.684,80.315,0.0,28.728,,,,,
26,2021,43.204,4,,vulnerability_heavy,3.0,78.083,80.406,0.0,28.764,,,,,
26,2022,34.863,4,,vulnerability_heavy,13.0,39.629,77.068,0.0,28.809,,,,,
26,2023,37.052,4,,vulnerability_heavy,19.0,49.208,78.331,0.0,28.86,,,,,
26,2024,40.754,4,,vulnerability_heavy,13.0,69.022,76.929,0.0,28.909,,,,,
26,2025,40.81,4,,vulnerability_heavy,8.0,65.983,80.157,0.0,28.956,,,,,
26,2026,32.01,4,,vulnerability_heavy,19.0,22.05,79.998,0.0,29.0,,,,,
26,2027,43.851,3,PILLARS_RENORMALIZED,vulnerability_heavy,19.0,38.333,78.986,,29.043,,,,,
27,2020,29.938,4,,vulnerability_heavy,21.0,16.221,72.89,0.0,30.29,,,,,
27,2021,26.697,4,,vulnerability_heavy,28.0,0.0,72.901,0.0,30.293,,,,,
27,2022,26.997,4,,vulnerability_heavy,27.0,0.0,74.377,0.0,30.304,,,,,
27,2023,28.326,4,,vulnerability_heavy,29.0,6.715,74.272,0.0,30.321,,,,,
27,2024,31.335,4,,vulnerability_heavy,24.0,21.737,74.268,0.0,30.335,,,,,
27,2025,29.897,4,,vulnerability_heavy,24.0,14.546,74.241,0.0,30.348,,,,,
27,2026,27.956,4,,vulnerability_heavy,26.0,1.679,77.38,0.0,30.359,,,,,
27,2027,34.524,3,PILLARS_RENORMALIZED,vulnerability_heavy,28.0,0.0,77.36,,30.369,,,,,
28,2020,33.669,4,,vulnerability_heavy,13.0,22.19,82.678,0.0,31.74,,,,,
28,2021,36.319,4,,vulnerability_heavy,14.0,35.701,82.338,0.0,31.777,,,,,
28,2022,37.331,4,,vulnerability_heavy,9.0,40.574,82.44,0.0,31.821,,,,,
28,2023,37.687,4,,vulnerability_heavy,17.0,42.392,82.307,0.0,31.869,,,,,
28,2024,36.878,4,,vulnerability_heavy,18.0,37.737,82.827,0.0,31.914,,,,,
28,2025,32.613,4,,vulnerability_heavy,17.0,17.641,81.512,0.0,31.957,,,,,
28,2026,33.727,4,,vulnerability_heavy,14.0,23.219,81.423,0.0,31.998,,,,,
28,2027,43.328,3,PILLARS_RENORMALIZED,vulnerability_heavy,22.0,28.571,80.67,,32.035,,,,,
29,2020,28.025,4,,vulnerability_heavy,25.0,2.023,34.896,0.0,51.604,,,,,
29,2021,29.072,4,,vulnerability_heavy,25.0,8.242,33.826,0.0,51.645,,,,,
29,2022,27.71,4,,vulnerability_heavy,26.0,3.646,31.505,0.0,51.7,,,,,
29,2023,27.826,4,,vulnerability_heavy,30.0,4.844,30.749,0.0,51.768,,,,,
29,2024,28.936,4,,vulnerability_heavy,27.0,10.402,30.611,0.0,51.834,,,,,
29,2025,26.855,4,,vulnerability_heavy,29.0,0.0,30.477,0.0,51.898,,,,,
29,2026,26.99,4,,vulnerability_heavy,28.0,0.13,30.901,0.0,51.96,,,,,
29,2027,33.957,3,PILLARS_RENORMALIZED,vulnerability_heavy,29.0,0.0,31.789,,52.019,,,,,
30,2020,40.524,4,,vulnerability_heavy,4.0,13.876,80.421,0.0,54.161,,,,,
30,2021,38.428,4,,vulnerability_heavy,12.0,3.539,80.31,0.0,54.146,,,,,
30,2022,39.239,4,,vulnerability_heavy,5.0,7.614,80.307,0.0,54.137,,,,,
30,2023,42.08,4,,vulnerability_heavy,11.0,21.857,80.271,0.0,54.136,,,,,
30,2024,42.212,4,,vulnerability_heavy,9.0,24.171,78.622,0.0,54.134,,,,,
30,2025,39.314,4,,vulnerability_heavy,12.0,11.935,76.375,0.0,54.13,,,,,
30,2026,39.204,4,,vulnerability_heavy,9.0,11.38,76.391,0.0,54.123,,,,,
30,2027,51.715,3,PILLARS_RENORMALIZED,vulnerability_heavy,9.0,22.222,76.408,,54.115,,,,,
31,2020,38.528,4,,vulnerability_heavy,7.0,9.227,83.347,0.0,50.034,,,,,
31,2021,36.681,4,,vulnerability_heavy,13.0,0.0,83.215,0.0,50.095,,,,,
31,2022,37.212,4,,vulnerability_heavy,10.0,1.041,84.7,0.0,50.16,,,,,
31,2023,38.533,4,,vulnerability_heavy,16.0,6.823,85.381,0.0,50.229,,,,,
31,2024,38.303,4,,vulnerability_heavy,16.0,5.792,85.131,0.0,50.296,,,,,
31,2025,36.778,4,,vulnerability_heavy,14.0,1.136,82.035,0.0,50.359,,,,,
31,2026,36.459,4,,vulnerability_heavy,12.0,0.906,80.549,0.0,50.42,,,,,
31,2027,44.867,3,PILLARS_RENORMALIZED,vulnerability_heavy,15.0,0.0,78.513,,50.478,,,,,
32,2020,19.635,4,,vulnerability_heavy,32.0,7.639,38.105,0.0,26.215,,,,,
32,2021,25.162,4,,vulnerability_heavy,30.0,35.279,38.047,0.0,26.241,,,,,
32,2022,21.641,4,,vulnerability_heavy,32.0,21.712,33.936,0.0,26.279,,,,,
32,2023,30.458,4,,vulnerability_heavy,26.0,69.93,29.71,0.0,26.326,,,,,
32,2024,25.722,4,,vulnerability_heavy,31.0,47.131,28.734,0.0,26.372,,,,,
32,2025,22.87,4,,vulnerability_heavy,32.0,32.883,28.637,0.0,26.416,,,,,
32,2026,22.049,4,,vulnerability_heavy,32.0,29.412,27.918,0.0,26.458,,,,,
32,2027,36.298,3,PILLARS_RENORMALIZED,vulnerability_heavy,27.0,58.824,33.375,,26.497,,,,,
01,2020,29.14,3,,rbi,30.0,4.178,44.082,0.0,39.159,,,,,
01,2021,36.694,3,,rbi,23.0,26.908,43.953,0.0,39.219,,,,,
01,2022,30.637,3,,rbi,29.0,21.56,31.062,0.0,39.286,,,,,
01,2023,56.171,3,,rbi,9.0,95.693,33.468,0.0,39.356,,,,,
01,2024,48.617,3,,rbi,16.0,74.903,31.527,0.0,39.424,,,,,
01,2025,40.792,3,,rbi,21.0,50.585,32.302,0.0,39.489,,,,,
01,2026,40.573,3,,rbi,21.0,50.0,32.168,0.0,39.552,,,,,
01,2027,59.806,3,,rbi,6.0,100.0,39.811,,39.613,,,,,
02,2020,39.348,3,,rbi,18.0,2.889,76.22,0.0,38.936,,,,,
02,2021,55.487,3,,rbi,5.0,50.951,76.509,0.0,39.006,,,,,
02,2022,61.18,3,,rbi,2.0,67.497,76.965,0.0,39.084,,,,,
02,2023,44.794,3,,rbi,23.0,19.544,75.674,0.0,39.166,,,,,
02,2024,45.016,3,,rbi,20.0,20.869,74.936,0.0,39.246,,,,,
02,2025,56.023,3,,rbi,4.0,50.547,78.205,0.0,39.323,,,,,
02,2026,45.298,3,,rbi,13.0,17.408,79.093,0.0,39.396,,,,,
02,2027,49.599,3,,rbi,13.0,33.333,76.003,,39.465,,,,,
03,2020,38.434,3,,rbi,20.0,8.825,89.683,0.0,16.8,,,,,
03,2021,52.515,3,,rbi,11.0,51.844,88.911,0.0,16.8,,,,,
03,2022,43.463,3,,rbi,17.0,26.474,87.123,0.0,16.8,,,,,
03,2023,45.503,3,,rbi,21.0,32.809,86.908,0.0,16.8,,,,,
03,2024,44.996,3,,rbi,21.0,30.963,87.216,0.0,16.819,,,,,
03,2025,47.639,3,,rbi,11.0,39.052,86.956,0.0,16.918,,,,,
03,2026,43.982,3,,rbi,15.0,28.205,86.735,0.0,17.014,,,,,
03,2027,53.343,3,,rbi,10.0,56.41,86.523,,17.107,,,,,
04,2020,34.348,3,,rbi,24.0,9.05,77.432,0.0,16.567,,,,,
04,2021,30.574,3,,rbi,31.0,0.141,75.006,0.0,16.58,,,,,
04,2022,31.045,3,,rbi,26.0,0.282,76.258,0.0,16.6,,,,,
04,2023,35.038,3,,rbi,29.0,5.755,82.739,0.0,16.626,,,,,
04,2024,35.467,3,,rbi,26.0,7.071,82.687,0.0,16.649,,,,,
04,2025,32.753,3,,rbi,27.0,4.95,76.644,0.0,16.67,,,,,
04,2026,31.461,3,,rbi,28.0,1.098,76.603,0.0,16.688,,,,,
04,2027,30.71,3,,rbi,31.0,0.0,75.431,,16.704,,,,,
05,2020,38.691,3,,rbi,19.0,33.867,72.856,0.0,9.358,,,,,
05,2021,40.567,3,,rbi,20.0,39.914,72.381,0.0,9.415,,,,,
05,2022,49.13,3,,rbi,6.0,64.636,73.287,0.0,9.479,,,,,
05,2023,45.496,3,,rbi,22.0,54.5,72.454,0.0,9.546,,,,,
05,2024,43.755,3,,rbi,22.0,50.281,71.383,0.0,9.61,,,,,
05,2025,46.511,3,,rbi,14.0,58.627,71.244,0.0,9.673,,,,,
05,2026,42.854,3,,rbi,18.0,48.34,70.498,0.0,9.733,,,,,
05,2027,49.1,3,,rbi,15.0,67.857,69.663,,9.791,,,,,
06,2020,41.034,3,,rbi,16.0,1.655,100.0,0.0,21.451,,,,,
06,2021,52.622,3,,rbi,10.0,36.401,100.0,0.0,21.474,,,,,
06,2022,42.766,3,,rbi,18.0,6.802,100.0,0.0,21.502,,,,,
06,2023,55.107,3,,rbi,10.0,43.793,100.0,0.0,21.538,,,,,
06,2024,49.182,3,,rbi,15.0,25.995,99.987,0.0,21.573,,,,,
06,2025,46.627,3,,rbi,13.0,18.366,99.916,0.0,21.606,,,,,
06,2026,46.554,3,,rbi,9.0,18.182,99.85,0.0,21.636,,,,,
06,2027,52.603,3,,rbi,11.0,36.364,99.789,,21.665,,,,,
07,2020,32.678,3,,rbi,27.0,1.897,32.996,0.0,63.132,,,,,
07,2021,32.263,3,,rbi,27.0,0.727,32.857,0.0,63.196,,,,,
07,2022,32.542,3,,rbi,23.0,1.645,32.707,0.0,63.267,,,,,
07,2023,33.651,3,,rbi,30.0,5.113,32.49,0.0,63.341,,,,,
07,2024,35.284,3,,rbi,27.0,10.215,32.216,0.0,63.414,,,,,
07,2025,32.182,3,,rbi,28.0,0.986,32.067,0.0,63.483,,,,,
07,2026,32.655,3,,rbi,27.0,2.481,31.924,0.0,63.55,,,,,
07,2027,31.804,3,,rbi,29.0,0.0,31.787,,63.614,,,,,
08,2020,50.576,3,,rbi,3.0,37.346,70.737,0.0,43.649,,,,,
08,2021,55.907,3,,rbi,4.0,53.946,70.079,0.0,43.7,,,,,
08,2022,50.494,3,,rbi,5.0,36.274,71.45,0.0,43.76,,,,,
08,2023,59.232,3,,rbi,6.0,60.467,73.41,0.0,43.824,,,,,
08,2024,66.545,3,,rbi,2.0,81.148,74.609,0.0,43.886,,,,,
08,2025,62.781,3,,rbi,1.0,70.112,74.294,0.0,43.944,,,,,
08,2026,51.192,3,,rbi,6.0,35.524,74.053,0.0,43.999,,,,,
08,2027,59.791,3,,rbi,7.0,62.295,73.032,,44.05,,,,,
09,2020,37.682,3,,rbi,21.0,0.0,50.086,0.0,62.953,,,,,
09,2021,39.177,3,,rbi,22.0,4.481,50.089,0.0,62.953,,,,,
09,2022,36.837,3,,rbi,20.0,0.69,46.859,0.0,62.953,,,,,
09,2023,57.809,3,,rbi,7.0,60.731,49.743,0.0,62.953,,,,,
09,2024,60.439,3,,rbi,7.0,70.798,47.569,0.0,62.951,,,,,
09,2025,53.504,3,,rbi,7.0,50.0,47.569,0.0,62.939,,,,,
09,2026,53.499,3,,rbi,2.0,50.0,47.569,0.0,62.926,,,,,
09,2027,70.159,3,,rbi,2.0,100.0,47.569,,62.91,,,,,
10,2020,45.696,3,,rbi,9.0,26.539,79.833,0.0,30.72,,,,,
10,2021,58.776,3,,rbi,2.0,66.043,79.541,0.0,30.753,,,,,
10,2022,47.646,3,,rbi,8.0,32.197,79.955,0.0,30.79,,,,,
10,2023,57.191,3,,rbi,8.0,62.033,78.717,0.0,30.831,,,,,
10,2024,59.713,3,,rbi,8.0,70.69,77.588,0.0,30.869,,,,,
10,2025,50.284,3,,rbi,10.0,42.445,77.509,0.0,30.904,,,,,
10,2026,42.529,3,,rbi,19.0,20.723,75.932,0.0,30.936,,,,,
10,2027,49.402,3,,rbi,14.0,41.379,75.866,,30.965,,,,,
11,2020,45.898,3,,rbi,8.0,13.948,74.845,0.0,48.9,,,,,
11,2021,55.193,3,,rbi,6.0,41.686,74.959,0.0,48.937,,,,,
11,2022,47.263,3,,rbi,11.0,24.299,68.508,0.0,48.98,,,,,
11,2023,63.796,3,,rbi,3.0,76.543,65.817,0.0,49.032,,,,,
11,2024,63.394,3,,rbi,6.0,74.358,66.748,0.0,49.081,,,,,
11,2025,51.272,3,,rbi,9.0,39.588,65.101,0.0,49.127,,,,,
11,2026,51.922,3,,rbi,5.0,36.111,70.487,0.0,49.17,,,,,
11,2027,63.588,3,,rbi,3.0,72.222,69.336,,49.21,,,,,
12,2020,56.665,3,,rbi,1.0,37.808,72.806,0.0,59.382,,,,,
12,2021,53.775,3,,rbi,8.0,29.133,72.811,0.0,59.379,,,,,
12,2022,44.737,3,,rbi,14.0,1.816,73.01,0.0,59.382,,,,,
12,2023,52.388,3,,rbi,12.0,24.779,72.996,0.0,59.388,,,,,
12,2024,50.666,3,,rbi,14.0,19.404,73.201,0.0,59.391,,,,,
12,2025,45.785,3,,rbi,15.0,4.761,73.198,0.0,59.392,,,,,
12,2026,46.238,3,,rbi,10.0,6.117,73.202,0.0,59.391,,,,,
12,2027,47.057,3,,rbi,19.0,8.571,73.211,,59.387,,,,,
13,2020,41.905,3,,rbi,15.0,12.06,72.154,0.0,41.502,,,,,
13,2021,44.38,3,,rbi,18.0,20.529,71.062,0.0,41.549,,,,,
13,2022,47.317,3,,rbi,10.0,30.706,69.642,0.0,41.603,,,,,
13,2023,50.722,3,,rbi,17.0,37.403,73.1,0.0,41.665,,,,,
13,2024,51.896,3,,rbi,11.0,40.76,73.205,0.0,41.725,,,,,
13,2025,40.932,3,,rbi,20.0,7.931,73.083,0.0,41.783,,,,,
13,2026,40.721,3,,rbi,20.0,7.359,72.966,0.0,41.838,,,,,
13,2027,41.905,3,,rbi,22.0,14.286,69.538,,41.89,,,,,
14,2020,34.767,3,,rbi,23.0,12.178,54.835,0.0,37.287,,,,,
14,2021,42.123,3,,rbi,19.0,35.328,53.714,0.0,37.328,,,,,
14,2022,33.898,3,,rbi,22.0,18.046,46.273,0.0,37.374,,,,,
14,2023,48.517,3,,rbi,19.0,67.714,40.413,0.0,37.427,,,,,
14,2024,42.585,3,,rbi,23.0,49.082,41.194,0.0,37.479,,,,,
14,2025,36.848,3,,rbi,23.0,32.36,40.657,0.0,37.528,,,,,
14,2026,36.041,3,,rbi,23.0,29.744,40.805,0.0,37.575,,,,,
14,2027,45.884,3,,rbi,20.0,59.322,40.713,,37.619,,,,,
15,2020,42.625,3,,rbi,13.0,6.677,62.385,38.685,58.807,,,,,
15,2021,47.442,3,,rbi,14.0,18.12,65.378,61.315,58.824,,,,,
15,2022,44.188,3,,rbi,15.0,5.471,68.236,61.315,58.851,,,,,
15,2023,63.608,3,,rbi,4.0,67.856,64.082,61.315,58.889,,,,,
15,2024,63.9,3,,rbi,5.0,69.425,63.352,61.315,58.924,,,,,
15,2025,55.657,3,,rbi,5.0,44.658,63.356,61.315,58.956,,,,,
15,2026,55.221,3,,rbi,1.0,44.486,62.189,61.315,58.986,,,,,
15,2027,71.816,3,,rbi,1.0,88.889,67.549,,59.013,,,,,
16,2020,34.835,3,,rbi,22.0,22.046,26.863,0.0,55.591,,,,,
16,2021,45.803,3,,rbi,16.0,54.991,26.788,0.0,55.626,,,,,
16,2022,31.802,3,,rbi,24.0,13.032,26.699,0.0,55.668,,,,,
16,2023,50.004,3,,rbi,18.0,68.117,26.173,0.0,55.721,,,,,
16,2024,45.709,3,,rbi,19.0,55.288,26.065,0.0,55.772,,,,,
16,2025,34.339,3,,rbi,25.0,21.228,25.962,0.0,55.821,,,,,
16,2026,34.516,3,,rbi,25.0,21.81,25.864,0.0,55.867,,,,,
16,2027,40.865,3,,rbi,23.0,40.909,25.772,,55.911,,,,,
17,2020,42.196,3,,rbi,14.0,2.707,71.096,0.0,52.782,,,,,
17,2021,40.426,3,,rbi,21.0,0.92,67.557,0.0,52.797,,,,,
17,2022,41.813,3,,rbi,19.0,5.108,67.508,0.0,52.82,,,,,
17,2023,54.136,3,,rbi,11.0,41.676,67.875,0.0,52.857,,,,,
17,2024,50.91,3,,rbi,12.0,32.033,67.804,0.0,52.891,,,,,
17,2025,44.694,3,,rbi,17.0,13.42,67.738,0.0,52.923,,,,,
17,2026,44.605,3,,rbi,14.0,13.185,67.676,0.0,52.952,,,,,
17,2027,48.533,3,,rbi,17.0,25.0,67.62,,52.979,,,,,
18,2020,26.984,3,,rbi,31.0,7.263,38.885,0.0,34.803,,,,,
18,2021,33.674,3,,rbi,25.0,27.393,38.774,0.0,34.854,,,,,
18,2022,29.025,3,,rbi,30.0,13.512,38.652,0.0,34.911,,,,,
18,2023,37.682,3,,rbi,26.0,39.693,38.379,0.0,34.974,,,,,
18,2024,34.428,3,,rbi,29.0,30.103,38.145,0.0,35.036,,,,,
18,2025,29.794,3,,rbi,30.0,16.131,38.154,0.0,35.095,,,,,
18,2026,28.929,3,,rbi,30.0,13.603,38.033,0.0,35.151,,,,,
18,2027,32.708,3,,rbi,27.0,25.0,37.918,,35.204,,,,,
19,2020,42.807,3,,rbi,12.0,17.88,85.014,0.0,25.532,,,,,
19,2021,50.047,3,,rbi,12.0,40.879,83.657,0.0,25.613,,,,,
19,2022,45.386,3,,rbi,12.0,27.0,83.467,0.0,25.699,,,,,
19,2023,50.899,3,,rbi,16.0,45.922,80.991,38.685,25.791,,,,,
19,2024,47.189,3,,rbi,17.0,35.218,80.475,38.685,25.881,,,,,
19,2025,45.558,3,,rbi,16.0,30.244,80.468,38.685,25.968,,,,,
19,2026,46.166,3,,rbi,11.0,32.154,80.298,38.685,26.053,,,,,
19,2027,53.96,3,,rbi,9.0,56.522,79.233,,26.134,,,,,
20,2020,34.293,3,,rbi,25.0,14.056,36.834,0.0,51.983,,,,,
20,2021,30.728,3,,rbi,29.0,3.383,36.789,0.0,52.004,,,,,
20,2022,31.61,3,,rbi,25.0,7.882,34.909,0.0,52.033,,,,,
20,2023,35.107,3,,rbi,28.0,18.862,34.381,0.0,52.073,,,,,
20,2024,34.572,3,,rbi,28.0,17.301,34.297,0.0,52.112,,,,,
20,2025,30.488,3,,rbi,29.0,5.091,34.216,0.0,52.149,,,,,
20,2026,30.686,3,,rbi,29.0,5.727,34.139,0.0,52.185,,,,,
20,2027,31.938,3,,rbi,28.0,9.524,34.066,,52.218,,,,,
21,2020,30.155,3,,rbi,28.0,2.109,34.145,0.0,54.205,,,,,
21,2021,30.619,3,,rbi,30.0,3.558,34.045,0.0,54.247,,,,,
21,2022,30.949,3,,rbi,27.0,4.693,33.849,0.0,54.299,,,,,
21,2023,38.026,3,,rbi,25.0,25.799,33.912,0.0,54.363,,,,,
21,2024,39.434,3,,rbi,25.0,30.09,33.782,0.0,54.426,,,,,
21,2025,35.095,3,,rbi,24.0,16.81,33.983,0.0,54.487,,,,,
21,2026,34.897,3,,rbi,24.0,17.187,32.952,0.0,54.547,,,,,
21,2027,40.183,3,,rbi,24.0,33.333,32.609,,54.604,,,,,
22,2020,48.542,3,,rbi,5.0,19.405,74.469,0.0,51.75,,,,,
22,2021,54.294,3,,rbi,7.0,36.768,74.272,0.0,51.844,,,,,
22,2022,61.587,3,,rbi,1.0,59.852,72.969,38.685,51.942,,,,,
22,2023,67.503,3,,rbi,1.0,77.167,73.301,38.685,52.046,,,,,
22,2024,69.035,3,,rbi,1.0,81.818,73.145,77.371,52.147,,,,,
22,2025,54.184,3,,rbi,6.0,37.333,72.977,100.0,52.243,,,,,
22,2026,52.408,3,,rbi,4.0,32.107,72.783,100.0,52.336,,,,,
22,2027,62.885,3,,rbi,4.0,63.636,72.596,,52.425,,,,,
23,2020,33.885,3,,rbi,26.0,10.697,57.686,0.0,33.271,,,,,
23,2021,30.392,3,,rbi,32.0,0.334,57.465,0.0,33.376,,,,,
23,2022,30.784,3,,rbi,28.0,1.839,57.028,0.0,33.484,,,,,
23,2023,31.84,3,,rbi,31.0,3.488,58.435,0.0,33.595,,,,,
23,2024,32.208,3,,rbi,31.0,2.591,60.331,0.0,33.702,,,,,
23,2025,33.786,3,,rbi,26.0,7.437,60.118,0.0,33.804,,,,,
23,2026,33.199,3,,rbi,26.0,5.781,59.915,0.0,33.901,,,,,
23,2027,31.239,3,,rbi,30.0,0.0,59.721,,33.995,,,,,
24,2020,52.677,3,,rbi,2.0,28.729,81.055,0.0,48.248,,,,,
24,2021,52.912,3,,rbi,9.0,29.384,81.08,0.0,48.273,,,,,
24,2022,55.382,3,,rbi,3.0,34.37,83.469,0.0,48.31,,,,,
24,2023,65.273,3,,rbi,2.0,63.674,83.794,0.0,48.355,,,,,
24,2024,64.222,3,,rbi,4.0,64.392,79.881,0.0,48.399,,,,,
24,2025,53.088,3,,rbi,8.0,31.035,79.789,0.0,48.441,,,,,
24,2026,52.545,3,,rbi,3.0,29.453,79.702,0.0,48.481,,,,,
24,2027,61.802,3,,rbi,5.0,57.895,78.997,,48.519,,,,,
25,2020,45.112,3,,rbi,11.0,27.393,69.282,0.0,38.663,,,,,
25,2021,57.999,3,,rbi,3.0,66.093,69.219,0.0,38.692,,,,,
25,2022,43.492,3,,rbi,16.0,22.337,69.413,0.0,38.729,,,,,
25,2023,60.023,3,,rbi,5.0,65.788,75.518,0.0,38.769,,,,,
25,2024,64.294,3,,rbi,3.0,78.572,75.511,0.0,38.808,,,,,
25,2025,59.687,3,,rbi,2.0,65.065,75.159,0.0,38.844,,,,,
25,2026,48.656,3,,rbi,7.0,32.076,75.019,0.0,38.877,,,,,
25,2027,57.047,3,,rbi,8.0,57.143,75.094,,38.909,,,,,
26,2020,47.24,3,,rbi,7.0,32.684,80.315,0.0,28.728,,,,,
26,2021,62.414,3,,rbi,1.0,78.083,80.406,0.0,28.764,,,,,
26,2022,48.5,3,,rbi,7.0,39.629,77.068,0.0,28.809,,,,,
26,2023,52.131,3,,rbi,14.0,49.208,78.331,0.0,28.86,,,,,
26,2024,58.283,3,,rbi,9.0,69.022,76.929,0.0,28.909,,,,,
26,2025,58.362,3,,rbi,3.0,65.983,80.157,0.0,28.956,,,,,
26,2026,43.682,3,,rbi,17.0,22.05,79.998,0.0,29.0,,,,,
26,2027,48.785,3,,rbi,16.0,38.333,78.986,,29.043,,,,,
27,2020,39.8,3,,rbi,17.0,16.221,72.89,0.0,30.29,,,,,
27,2021,34.397,3,,rbi,24.0,0.0,72.901,0.0,30.293,,,,,
27,2022,34.893,3,,rbi,21.0,0.0,74.377,0.0,30.304,,,,,
27,2023,37.102,3,,rbi,27.0,6.715,74.272,0.0,30.321,,,,,
27,2024,42.112,3,,rbi,24.0,21.737,74.268,0.0,30.335,,,,,
27,2025,39.711,3,,rbi,22.0,14.546,74.241,0.0,30.348,,,,,
27,2026,36.472,3,,rbi,22.0,1.679,77.38,0.0,30.359,,,,,
27,2027,35.909,3,,rbi,26.0,0.0,77.36,,30.369,,,,,
28,2020,45.535,3,,rbi,10.0,22.19,82.678,0.0,31.74,,,,,
28,2021,49.937,3,,rbi,13.0,35.701,82.338,0.0,31.777,,,,,
28,2022,51.61,3,,rbi,4.0,40.574,82.44,0.0,31.821,,,,,
28,2023,52.187,3,,rbi,13.0,42.392,82.307,0.0,31.869,,,,,
28,2024,50.824,3,,rbi,13.0,37.737,82.827,0.0,31.914,,,,,
28,2025,43.702,3,,rbi,19.0,17.641,81.512,0.0,31.957,,,,,
28,2026,45.545,3,,rbi,12.0,23.219,81.423,0.0,31.998,,,,,
28,2027,47.09,3,,rbi,18.0,28.571,80.67,,32.035,,,,,
29,2020,29.509,3,,rbi,29.0,2.023,34.896,0.0,51.604,,,,,
29,2021,31.24,3,,rbi,28.0,8.242,33.826,0.0,51.645,,,,,
29,2022,28.953,3,,rbi,31.0,3.646,31.505,0.0,51.7,,,,,
29,2023,29.123,3,,rbi,32.0,4.844,30.749,0.0,51.768,,,,,
29,2024,30.951,3,,rbi,32.0,10.402,30.611,0.0,51.834,,,,,
29,2025,27.461,3,,rbi,32.0,0.0,30.477,0.0,51.898,,,,,
29,2026,27.666,3,,rbi,32.0,0.13,30.901,0.0,51.96,,,,,
29,2027,27.938,3,,rbi,32.0,0.0,31.789,,52.019,,,,,
30,2020,49.486,3,,rbi,4.0,13.876,80.421,0.0,54.161,,,,,
30,2021,45.999,3,,rbi,15.0,3.539,80.31,0.0,54.146,,,,,
30,2022,47.354,3,,rbi,9.0,7.614,80.307,0.0,54.137,,,,,
30,2023,52.088,3,,rbi,15.0,21.857,80.271,0.0,54.136,,,,,
30,2024,52.309,3,,rbi,10.0,24.171,78.622,0.0,54.134,,,,,
30,2025,47.481,3,,rbi,12.0,11.935,76.375,0.0,54.13,,,,,
30,2026,47.299,3,,rbi,8.0,11.38,76.391,0.0,54.123,,,,,
30,2027,50.915,3,,rbi,12.0,22.222,76.408,,54.115,,,,,
31,2020,47.536,3,,rbi,6.0,9.227,83.347,0.0,50.034,,,,,
31,2021,44.437,3,,rbi,17.0,0.0,83.215,0.0,50.095,,,,,
31,2022,45.301,3,,rbi,13.0,1.041,84.7,0.0,50.16,,,,,
31,2023,47.478,3,,rbi,20.0,6.823,85.381,0.0,50.229,,,,,
31,2024,47.073,3,,rbi,18.0,5.792,85.131,0.0,50.296,,,,,
31,2025,44.51,3,,rbi,18.0,1.136,82.035,0.0,50.359,,,,,
31,2026,43.959,3,,rbi,16.0,0.906,80.549,0.0,50.42,,,,,
31,2027,42.998,3,,rbi,21.0,0.0,78.513,,50.478,,,,,
32,2020,23.986,3,,rbi,32.0,7.639,38.105,0.0,26.215,,,,,
32,2021,33.188,3,,rbi,26.0,35.279,38.047,0.0,26.241,,,,,
32,2022,27.309,3,,rbi,32.0,21.712,33.936,0.0,26.279,,,,,
32,2023,41.987,3,,rbi,24.0,69.93,29.71,0.0,26.326,,,,,
32,2024,34.078,3,,rbi,30.0,47.131,28.734,0.0,26.372,,,,,
32,2025,29.312,3,,rbi,31.0,32.883,28.637,0.0,26.416,,,,,
32,2026,27.929,3,,rbi,31.0,29.412,27.918,0.0,26.458,,,,,
32,2027,39.564,3,,rbi,25.0,58.824,33.375,,26.497,,,,,
01,2020,8.84,4,,geometric,26.0,4.178,44.082,0.0,39.159,,,,,
01,2021,13.988,4,,geometric,18.0,26.908,43.953,0.0,39.219,,,,,
01,2022,12.065,4,,geometric,17.0,21.56,31.062,0.0,39.286,,,,,
01,2023,18.15,4,,geometric,11.0,95.693,33.468,0.0,39.356,,,,,
01,2024,16.774,4,,geometric,15.0,74.903,31.527,0.0,39.424,,,,,
01,2025,15.24,4,,geometric,12.0,50.585,32.302,0.0,39.489,,,,,
01,2026,15.184,4,,geometric,9.0,50.0,32.168,0.0,39.552,,,,,
01,2027,54.113,3,PILLARS_RENORMALIZED,geometric,8.0,100.0,39.811,,39.613,,,,,
02,2020,9.465,4,,geometric,24.0,2.889,76.22,0.0,38.936,,,,,
02,2021,19.034,4,,geometric,7.0,50.951,76.509,0.0,39.006,,,,,
02,2022,20.51,4,,geometric,3.0,67.497,76.965,0.0,39.084,,,,,
02,2023,14.86,4,,geometric,20.0,19.544,75.674,0.0,39.166,,,,,
02,2024,15.079,4,,geometric,19.0,20.869,74.936,0.0,39.246,,,,,
02,2025,19.143,4,,geometric,6.0,50.547,78.205,0.0,39.323,,,,,
02,2026,14.622,4,,geometric,11.0,17.408,79.093,0.0,39.396,,,,,
02,2027,46.472,3,PILLARS_RENORMALIZED,geometric,10.0,33.333,76.003,,39.465,,,,,
03,2020,10.222,4,,geometric,21.0,8.825,89.683,0.0,16.8,,,,,
03,2021,16.053,4,,geometric,15.0,51.844,88.911,0.0,16.8,,,,,
03,2022,13.408,4,,geometric,14.0,26.474,87.123,0.0,16.8,,,,,
03,2023,14.166,4,,geometric,23.0,32.809,86.908,0.0,16.8,,,,,
03,2024,13.972,4,,geometric,23.0,30.963,87.216,0.0,16.819,,,,,
03,2025,14.851,4,,geometric,13.0,39.052,86.956,0.0,16.918,,,,,
03,2026,13.658,4,,geometric,17.0,28.205,86.735,0.0,17.014,,,,,
03,2027,43.976,3,PILLARS_RENORMALIZED,geometric,16.0,56.41,86.523,,17.107,,,,,
04,2020,9.848,4,,geometric,23.0,9.05,77.432,0.0,16.567,,,,,
04,2021,5.249,4,,geometric,32.0,0.141,75.006,0.0,16.58,,,,,
04,2022,5.462,4,,geometric,32.0,0.282,76.258,0.0,16.6,,,,,
04,2023,8.993,4,,geometric,30.0,5.755,82.739,0.0,16.626,,,,,
04,2024,9.449,4,,geometric,31.0,7.071,82.687,0.0,16.649,,,,,
04,2025,8.505,4,,geometric,30.0,4.95,76.644,0.0,16.67,,,,,
04,2026,6.325,4,,geometric,31.0,1.098,76.603,0.0,16.688,,,,,
04,2027,10.061,3,PILLARS_RENORMALIZED,geometric,32.0,0.0,75.431,,16.704,,,,,
05,2020,11.78,4,,geometric,19.0,33.867,72.856,0.0,9.358,,,,,
05,2021,12.298,4,,geometric,21.0,39.914,72.381,0.0,9.415,,,,,
05,2022,14.035,4,,geometric,13.0,64.636,73.287,0.0,9.479,,,,,
05,2023,13.399,4,,geometric,25.0,54.5,72.454,0.0,9.546,,,,,
05,2024,13.087,4,,geometric,25.0,50.281,71.383,0.0,9.61,,,,,
05,2025,13.643,4,,geometric,18.0,58.627,71.244,0.0,9.673,,,,,
05,2026,12.949,4,,geometric,19.0,48.34,70.498,0.0,9.733,,,,,
05,2027,36.445,3,PILLARS_RENORMALIZED,geometric,22.0,67.857,69.663,,9.791,,,,,
06,2020,7.809,4,,geometric,30.0,1.655,100.0,0.0,21.451,,,,,
06,2021,16.07,4,,geometric,14.0,36.401,100.0,0.0,21.474,,,,,
06,2022,10.539,4,,geometric,22.0,6.802,100.0,0.0,21.502,,,,,
06,2023,16.869,4,,geometric,19.0,43.793,100.0,0.0,21.538,,,,,
06,2024,14.75,4,,geometric,20.0,25.995,99.987,0.0,21.573,,,,,
06,2025,13.498,4,,geometric,19.0,18.366,99.916,0.0,21.606,,,,,
06,2026,13.466,4,,geometric,18.0,18.182,99.85,0.0,21.636,,,,,
06,2027,43.029,3,PILLARS_RENORMALIZED,geometric,17.0,36.364,99.789,,21.665,,,,,
07,2020,7.915,4,,geometric,28.0,1.897,32.996,0.0,63.132,,,,,
07,2021,6.827,4,,geometric,29.0,0.727,32.857,0.0,63.196,,,,,
07,2022,7.7,4,,geometric,28.0,1.645,32.707,0.0,63.267,,,,,
07,2023,9.713,4,,geometric,29.0,5.113,32.49,0.0,63.341,,,,,
07,2024,11.446,4,,geometric,29.0,10.215,32.216,0.0,63.414,,,,,
07,2025,7.067,4,,geometric,31.0,0.986,32.067,0.0,63.483,,,,,
07,2026,8.274,4,,geometric,29.0,2.481,31.924,0.0,63.55,,,,,
07,2027,11.843,3,PILLARS_RENORMALIZED,geometric,30.0,0.0,31.787,,63.614,,,,,
08,2020,17.72,4,,geometric,3.0,37.346,70.737,0.0,43.649,,,,,
08,2021,19.441,4,,geometric,4.0,53.946,70.079,0.0,43.7,,,,,
08,2022,17.646,4,,geometric,5.0,36.274,71.45,0.0,43.76,,,,,
08,2023,20.279,4,,geometric,6.0,60.467,73.41,0.0,43.824,,,,,
08,2024,21.978,4,,geometric,4.0,81.148,74.609,0.0,43.886,,,,,
08,2025,21.148,4,,geometric,4.0,70.112,74.294,0.0,43.944,,,,,
08,2026,17.741,4,,geometric,6.0,35.524,74.053,0.0,43.999,,,,,
08,2027,58.543,3,PILLARS_RENORMALIZED,geometric,6.0,62.295,73.032,,44.05,,,,,
09,2020,6.56,4,,geometric,32.0,0.0,50.086,0.0,62.953,,,,,
09,2021,10.568,4,,geometric,23.0,4.481,50.089,0.0,62.953,,,,,
09,2022,7.481,4,,geometric,30.0,0.69,46.859,0.0,62.953,,,,,
09,2023,20.156,4,,geometric,8.0,60.731,49.743,0.0,62.953,,,,,
09,2024,20.731,4,,geometric,8.0,70.798,47.569,0.0,62.951,,,,,
09,2025,18.949,4,,geometric,8.0,50.0,47.569,0.0,62.939,,,,,
09,2026,18.948,4,,geometric,4.0,50.0,47.569,0.0,62.926,,,,,
09,2027,66.933,3,PILLARS_RENORMALIZED,geometric,2.0,100.0,47.569,,62.91,,,,,
10,2020,15.301,4,,geometric,8.0,26.539,79.833,0.0,30.72,,,,,
10,2021,19.349,4,,geometric,5.0,66.043,79.541,0.0,30.753,,,,,
10,2022,16.097,4,,geometric,10.0,32.197,79.955,0.0,30.79,,,,,
10,2023,18.998,4,,geometric,9.0,62.033,78.717,0.0,30.831,,,,,
10,2024,19.585,4,,geometric,9.0,70.69,77.588,0.0,30.869,,,,,
10,2025,17.162,4,,geometric,11.0,42.445,77.509,0.0,30.904,,,,,
10,2026,14.199,4,,geometric,13.0,20.723,75.932,0.0,30.936,,,,,
10,2027,46.046,3,PILLARS_RENORMALIZED,geometric,11.0,41.379,75.866,,30.965,,,,,
11,2020,14.422,4,,geometric,11.0,13.948,74.845,0.0,48.9,,,,,
11,2021,19.06,4,,geometric,6.0,41.686,74.959,0.0,48.937,,,,,
11,2022,16.218,4,,geometric,9.0,24.299,68.508,0.0,48.98,,,,,
11,2023,21.564,4,,geometric,5.0,76.543,65.817,0.0,49.032,,,,,
11,2024,21.487,4,,geometric,6.0,74.358,66.748,0.0,49.081,,,,,
11,2025,18.15,4,,geometric,9.0,39.588,65.101,0.0,49.127,,,,,
11,2026,18.1,4,,geometric,5.0,36.111,70.487,0.0,49.17,,,,,
11,2027,62.709,3,PILLARS_RENORMALIZED,geometric,3.0,72.222,69.336,,49.21,,,,,
12,2020,19.393,4,,geometric,2.0,37.808,72.806,0.0,59.382,,,,,
12,2021,18.143,4,,geometric,9.0,29.133,72.811,0.0,59.379,,,,,
12,2022,9.592,4,,geometric,24.0,1.816,73.01,0.0,59.382,,,,,
12,2023,17.423,4,,geometric,15.0,24.779,72.996,0.0,59.388,,,,,
12,2024,16.389,4,,geometric,16.0,19.404,73.201,0.0,59.391,,,,,
12,2025,11.676,4,,geometric,25.0,4.761,73.198,0.0,59.392,,,,,
12,2026,12.364,4,,geometric,22.0,6.117,73.202,0.0,59.391,,,,,
12,2027,34.004,3,PILLARS_RENORMALIZED,geometric,24.0,8.571,73.211,,59.387,,,,,
13,2020,13.195,4,,geometric,14.0,12.06,72.154,0.0,41.502,,,,,
13,2021,15.029,4,,geometric,17.0,20.529,71.062,0.0,41.549,,,,,
13,2022,16.576,4,,geometric,7.0,30.706,69.642,0.0,41.603,,,,,
13,2023,17.667,4,,geometric,12.0,37.403,73.1,0.0,41.665,,,,,
13,2024,18.075,4,,geometric,11.0,40.76,73.205,0.0,41.725,,,,,
13,2025,11.971,4,,geometric,23.0,7.931,73.083,0.0,41.783,,,,,
13,2026,11.757,4,,geometric,23.0,7.359,72.966,0.0,41.838,,,,,
13,2027,34.894,3,PILLARS_RENORMALIZED,geometric,23.0,14.286,69.538,,41.89,,,,,
14,2020,11.955,4,,geometric,18.0,12.178,54.835,0.0,37.287,,,,,
14,2021,15.614,4,,geometric,16.0,35.328,53.714,0.0,37.328,,,,,
14,2022,12.634,4,,geometric,16.0,18.046,46.273,0.0,37.374,,,,,
14,2023,17.185,4,,geometric,16.0,67.714,40.413,0.0,37.427,,,,,
14,2024,15.886,4,,geometric,18.0,49.082,41.194,0.0,37.479,,,,,
14,2025,14.211,4,,geometric,15.0,32.36,40.657,0.0,37.528,,,,,
14,2026,13.922,4,,geometric,16.0,29.744,40.805,0.0,37.575,,,,,
14,2027,44.974,3,PILLARS_RENORMALIZED,geometric,13.0,59.322,40.713,,37.619,,,,,
15,2020,31.782,4,,geometric,1.0,6.677,62.385,38.685,58.807,,,,,
15,2021,45.639,4,,geometric,1.0,18.12,65.378,61.315,58.824,,,,,
15,2022,34.954,4,,geometric,2.0,5.471,68.236,61.315,58.851,,,,,
15,2023,62.949,4,,geometric,1.0,67.856,64.082,61.315,58.889,,,,,
15,2024,63.139,4,,geometric,2.0,69.425,63.352,61.315,58.924,,,,,
15,2025,56.561,4,,geometric,2.0,44.658,63.356,61.315,58.956,,,,,
15,2026,56.252,4,,geometric,2.0,44.486,62.189,61.315,58.986,,,,,
15,2027,70.777,3,PILLARS_RENORMALIZED,geometric,1.0,88.889,67.549,,59.013,,,,,
16,2020,12.807,4,,geometric,16.0,22.046,26.863,0.0,55.591,,,,,
16,2021,16.229,4,,geometric,13.0,54.991,26.788,0.0,55.626,,,,,
16,2022,11.182,4,,geometric,19.0,13.032,26.699,0.0,55.668,,,,,
16,2023,17.066,4,,geometric,17.0,68.117,26.173,0.0,55.721,,,,,
16,2024,16.149,4,,geometric,17.0,55.288,26.065,0.0,55.772,,,,,
16,2025,12.584,4,,geometric,22.0,21.228,25.962,0.0,55.821,,,,,
16,2026,12.663,4,,geometric,20.0,21.81,25.864,0.0,55.867,,,,,
16,2027,38.969,3,PILLARS_RENORMALIZED,geometric,20.0,40.909,25.772,,55.911,,,,,
17,2020,9.95,4,,geometric,22.0,2.707,71.096,0.0,52.782,,,,,
17,2021,8.173,4,,geometric,27.0,0.92,67.557,0.0,52.797,,,,,
17,2022,11.25,4,,geometric,18.0,5.108,67.508,0.0,52.82,,,,,
17,2023,18.947,4,,geometric,10.0,41.676,67.875,0.0,52.857,,,,,
17,2024,17.708,4,,geometric,12.0,32.033,67.804,0.0,52.891,,,,,
17,2025,14.205,4,,geometric,16.0,13.42,67.738,0.0,52.923,,,,,
17,2026,14.141,4,,geometric,15.0,13.185,67.676,0.0,52.952,,,,,
17,2027,44.837,3,PILLARS_RENORMALIZED,geometric,14.0,25.0,67.62,,52.979,,,,,
18,2020,9.422,4,,geometric,25.0,7.263,38.885,0.0,34.803,,,,,
18,2021,13.185,4,,geometric,19.0,27.393,38.774,0.0,34.854,,,,,
18,2022,10.99,4,,geometric,21.0,13.512,38.652,0.0,34.911,,,,,
18,2023,14.495,4,,geometric,22.0,39.693,38.379,0.0,34.974,,,,,
18,2024,13.473,4,,geometric,24.0,30.103,38.145,0.0,35.036,,,,,
18,2025,11.474,4,,geometric,26.0,16.131,38.154,0.0,35.095,,,,,
18,2026,10.981,4,,geometric,25.0,13.603,38.033,0.0,35.151,,,,,
18,2027,32.212,3,PILLARS_RENORMALIZED,geometric,25.0,25.0,37.918,,35.204,,,,,
19,2020,13.407,4,,geometric,13.0,17.88,85.014,0.0,25.532,,,,,
19,2021,16.526,4,,geometric,12.0,40.879,83.657,0.0,25.613,,,,,
19,2022,14.852,4,,geometric,12.0,27.0,83.467,0.0,25.699,,,,,
19,2023,43.972,4,,geometric,3.0,45.922,80.991,38.685,25.791,,,,,
19,2024,41.122,4,,geometric,3.0,35.218,80.475,38.685,25.881,,,,,
19,2025,39.626,4,,geometric,3.0,30.244,80.468,38.685,25.968,,,,,
19,2026,40.244,4,,geometric,3.0,32.154,80.298,38.685,26.053,,,,,
19,2027,49.03,3,PILLARS_RENORMALIZED,geometric,9.0,56.522,79.233,,26.134,,,,,
20,2020,12.18,4,,geometric,17.0,14.056,36.834,0.0,51.983,,,,,
20,2021,8.68,4,,geometric,26.0,3.383,36.789,0.0,52.004,,,,,
20,2022,10.404,4,,geometric,23.0,7.882,34.909,0.0,52.033,,,,,
20,2023,12.897,4,,geometric,26.0,18.862,34.381,0.0,52.073,,,,,
20,2024,12.61,4,,geometric,27.0,17.301,34.297,0.0,52.112,,,,,
20,2025,9.333,4,,geometric,28.0,5.091,34.216,0.0,52.149,,,,,
20,2026,9.589,4,,geometric,27.0,5.727,34.139,0.0,52.185,,,,,
20,2027,25.98,3,PILLARS_RENORMALIZED,geometric,26.0,9.524,34.066,,52.218,,,,,
21,2020,7.813,4,,geometric,29.0,2.109,34.145,0.0,54.205,,,,,
21,2021,8.692,4,,geometric,25.0,3.558,34.045,0.0,54.247,,,,,
21,2022,9.234,4,,geometric,25.0,4.693,33.849,0.0,54.299,,,,,
21,2023,14.086,4,,geometric,24.0,25.799,33.912,0.0,54.363,,,,,
21,2024,14.647,4,,geometric,21.0,30.09,33.782,0.0,54.426,,,,,
21,2025,12.636,4,,geometric,21.0,16.81,33.983,0.0,54.487,,,,,
21,2026,12.609,4,,geometric,21.0,17.187,32.952,0.0,54.547,,,,,
21,2027,39.034,3,PILLARS_RENORMALIZED,geometric,19.0,33.333,32.609,,54.604,,,,,
22,2020,15.882,4,,geometric,6.0,19.405,74.469,0.0,51.75,,,,,
22,2021,18.687,4,,geometric,8.0,36.768,74.272,0.0,51.844,,,,,
22,2022,54.455,4,,geometric,1.0,59.852,72.969,38.685,51.942,,,,,
22,2023,58.132,4,,geometric,2.0,77.167,73.301,38.685,52.046,,,,,
22,2024,70.115,4,,geometric,1.0,81.818,73.145,77.371,52.147,,,,,
22,2025,61.491,4,,geometric,1.0,37.333,72.977,100.0,52.243,,,,,
22,2026,59.229,4,,geometric,1.0,32.107,72.783,100.0,52.336,,,,,
22,2027,62.342,3,PILLARS_RENORMALIZED,geometric,4.0,63.636,72.596,,52.425,,,,,
23,2020,11.385,4,,geometric,20.0,10.697,57.686,0.0,33.271,,,,,
23,2021,6.195,4,,geometric,30.0,0.334,57.465,0.0,33.376,,,,,
23,2022,7.682,4,,geometric,29.0,1.839,57.028,0.0,33.484,,,,,
23,2023,8.801,4,,geometric,32.0,3.488,58.435,0.0,33.595,,,,,
23,2024,8.35,4,,geometric,32.0,2.591,60.331,0.0,33.702,,,,,
23,2025,10.574,4,,geometric,27.0,7.437,60.118,0.0,33.804,,,,,
23,2026,9.958,4,,geometric,26.0,5.781,59.915,0.0,33.901,,,,,
23,2027,11.856,3,PILLARS_RENORMALIZED,geometric,29.0,0.0,59.721,,33.995,,,,,
24,2020,17.617,4,,geometric,4.0,28.729,81.055,0.0,48.248,,,,,
24,2021,17.723,4,,geometric,10.0,29.384,81.08,0.0,48.273,,,,,
24,2022,18.591,4,,geometric,4.0,34.37,83.469,0.0,48.31,,,,,
24,2023,21.809,4,,geometric,4.0,63.674,83.794,0.0,48.355,,,,,
24,2024,21.609,4,,geometric,5.0,64.392,79.881,0.0,48.399,,,,,
24,2025,17.913,4,,geometric,10.0,31.035,79.789,0.0,48.441,,,,,
24,2026,17.674,4,,geometric,7.0,29.453,79.702,0.0,48.481,,,,,
24,2027,60.561,3,PILLARS_RENORMALIZED,geometric,5.0,57.895,78.997,,48.519,,,,,
25,2020,15.773,4,,geometric,7.0,27.393,69.282,0.0,38.663,,,,,
25,2021,19.795,4,,geometric,3.0,66.093,69.219,0.0,38.692,,,,,
25,2022,14.984,4,,geometric,11.0,22.337,69.413,0.0,38.729,,,,,
25,2023,20.233,4,,geometric,7.0,65.788,75.518,0.0,38.769,,,,,
25,2024,21.188,4,,geometric,7.0,78.572,75.511,0.0,38.808,,,,,
25,2025,20.16,4,,geometric,5.0,65.065,75.159,0.0,38.844,,,,,
25,2026,16.795,4,,geometric,8.0,32.076,75.019,0.0,38.877,,,,,
25,2027,55.101,3,PILLARS_RENORMALIZED,geometric,7.0,57.143,75.094,,38.909,,,,,
26,2020,15.892,4,,geometric,5.0,32.684,80.315,0.0,28.728,,,,,
26,2021,19.922,4,,geometric,2.0,78.083,80.406,0.0,28.764,,,,,
26,2022,16.535,4,,geometric,8.0,39.629,77.068,0.0,28.809,,,,,
26,2023,17.571,4,,geometric,13.0,49.208,78.331,0.0,28.86,,,,,
26,2024,19.099,4,,geometric,10.0,69.022,76.929,0.0,28.909,,,,,
26,2025,19.088,4,,geometric,7.0,65.983,80.157,0.0,28.956,,,,,
26,2026,14.384,4,,geometric,12.0,22.05,79.998,0.0,29.0,,,,,
26,2027,44.552,3,PILLARS_RENORMALIZED,geometric,15.0,38.333,78.986,,29.043,,,,,
27,2020,13.126,4,,geometric,15.0,16.221,72.89,0.0,30.29,,,,,
27,2021,5.935,4,,geometric,31.0,0.0,72.901,0.0,30.293,,,,,
27,2022,5.97,4,,geometric,31.0,0.0,74.377,0.0,30.304,,,,,
27,2023,10.613,4,,geometric,28.0,6.715,74.272,0.0,30.321,,,,,
27,2024,14.218,4,,geometric,22.0,21.737,74.268,0.0,30.335,,,,,
27,2025,12.838,4,,geometric,20.0,14.546,74.241,0.0,30.348,,,,,
27,2026,8.008,4,,geometric,30.0,1.679,77.38,0.0,30.359,,,,,
27,2027,12.496,3,PILLARS_RENORMALIZED,geometric,28.0,0.0,77.36,,30.369,,,,,
28,2020,14.876,4,,geometric,10.0,22.19,82.678,0.0,31.74,,,,,
28,2021,16.794,4,,geometric,11.0,35.701,82.338,0.0,31.777,,,,,
28,2022,17.369,4,,geometric,6.0,40.574,82.44,0.0,31.821,,,,,
28,2023,17.566,4,,geometric,14.0,42.392,82.307,0.0,31.869,,,,,
28,2024,17.081,4,,geometric,14.0,37.737,82.827,0.0,31.914,,,,,
28,2025,14.005,4,,geometric,17.0,17.641,81.512,0.0,31.957,,,,,
28,2026,15.02,4,,geometric,10.0,23.219,81.423,0.0,31.998,,,,,
28,2027,42.049,3,PILLARS_RENORMALIZED,geometric,18.0,28.571,80.67,,32.035,,,,,
29,2020,7.692,4,,geometric,31.0,2.023,34.896,0.0,51.604,,,,,
29,2021,10.409,4,,geometric,24.0,8.242,33.826,0.0,51.645,,,,,
29,2022,8.445,4,,geometric,27.0,3.646,31.505,0.0,51.7,,,,,
29,2023,8.947,4,,geometric,31.0,4.844,30.749,0.0,51.768,,,,,
29,2024,10.747,4,,geometric,30.0,10.402,30.611,0.0,51.834,,,,,
29,2025,5.388,4,,geometric,32.0,0.0,30.477,0.0,51.898,,,,,
29,2026,5.61,4,,geometric,32.0,0.13,30.901,0.0,51.96,,,,,
29,2027,11.024,3,PILLARS_RENORMALIZED,geometric,31.0,0.0,31.789,,52.019,,,,,
30,2020,15.077,4,,geometric,9.0,13.876,80.421,0.0,54.161,,,,,
30,2021,10.944,4,,geometric,22.0,3.539,80.31,0.0,54.146,,,,,
30,2022,13.018,4,,geometric,15.0,7.614,80.307,0.0,54.137,,,,,
30,2023,16.889,4,,geometric,18.0,21.857,80.271,0.0,54.136,,,,,
30,2024,17.232,4,,geometric,13.0,24.171,78.622,0.0,54.134,,,,,
30,2025,14.326,4,,geometric,14.0,11.935,76.375,0.0,54.13,,,,,
30,2026,14.16,4,,geometric,14.0,11.38,76.391,0.0,54.123,,,,,
30,2027,45.272,3,PILLARS_RENORMALIZED,geometric,12.0,22.222,76.408,,54.115,,,,,
31,2020,13.485,4,,geometric,12.0,9.227,83.347,0.0,50.034,,,,,
31,2021,7.099,4,,geometric,28.0,0.0,83.215,0.0,50.095,,,,,
31,2022,8.726,4,,geometric,26.0,1.041,84.7,0.0,50.16,,,,,
31,2023,12.64,4,,geometric,27.0,6.823,85.381,0.0,50.229,,,,,
31,2024,12.162,4,,geometric,28.0,5.792,85.131,0.0,50.296,,,,,
31,2025,8.769,4,,geometric,29.0,1.136,82.035,0.0,50.359,,,,,
31,2026,8.455,4,,geometric,28.0,0.906,80.549,0.0,50.42,,,,,
31,2027,14.996,3,PILLARS_RENORMALIZED,geometric,27.0,0.0,78.513,,50.478,,,,,
32,2020,8.792,4,,geometric,27.0,7.639,38.105,0.0,26.215,,,,,
32,2021,13.016,4,,geometric,20.0,35.279,38.047,0.0,26.241,,,,,
32,2022,11.129,4,,geometric,20.0,21.712,33.936,0.0,26.279,,,,,
32,2023,14.62,4,,geometric,21.0,69.93,29.71,0.0,26.326,,,,,
32,2024,13.068,4,,geometric,26.0,47.131,28.734,0.0,26.372,,,,,
32,2025,11.881,4,,geometric,24.0,32.883,28.637,0.0,26.416,,,,,
32,2026,11.466,4,,geometric,24.0,29.412,27.918,0.0,26.458,,,,,
32,2027,37.383,3,PILLARS_RENORMALIZED,geometric,21.0,58.824,33.375,,26.497,,,,,
01,2020,42.982,4,,zscore,29.0,35.483,41.416,45.751,49.277,,,,,
01,2021,46.318,4,,zscore,22.0,48.884,41.313,45.751,49.326,,,,,
01,2022,43.603,4,,zscore,26.0,45.731,33.548,45.751,49.38,,,,,
01,2023,54.077,4,,zscore,8.0,85.698,35.42,45.751,49.437,,,,,
01,2024,50.643,4,,zscore,15.0,73.441,33.887,45.751,49.492,,,,,
01,2025,47.224,4,,zscore,20.0,59.104,34.495,45.751,49.545,,,,,
01,2026,47.123,4,,zscore,18.0,58.76,34.387,45.751,49.596,,,,,
01,2027,57.646,3,PILLARS_RENORMALIZED,zscore,6.0,84.499,38.795,,49.645,,,,,
02,2020,46.371,4,,zscore,17.0,34.723,57.002,45.751,48.008,,,,,
02,2021,53.585,4,,zscore,7.0,63.059,57.464,45.751,48.065,,,,,
02,2022,56.06,4,,zscore,3.0,72.814,57.548,45.751,48.128,,,,,
02,2023,48.031,4,,zscore,21.0,41.509,56.669,45.751,48.195,,,,,
02,2024,48.091,4,,zscore,20.0,42.29,56.063,45.751,48.259,,,,,
02,2025,53.006,4,,zscore,7.0,59.786,58.165,45.751,48.321,,,,,
02,2026,48.415,4,,zscore,13.0,40.249,59.278,45.751,48.38,,,,,
02,2027,51.051,3,PILLARS_RENORMALIZED,zscore,13.0,46.604,58.112,,48.436,,,,,
03,2020,45.442,4,,zscore,21.0,38.223,65.923,45.751,31.872,,,,,
03,2021,51.705,4,,zscore,12.0,63.585,65.53,45.751,31.953,,,,,
03,2022,47.792,4,,zscore,18.0,48.628,64.753,45.751,32.036,,,,,
03,2023,47.873,4,,zscore,23.0,49.085,64.534,45.751,32.122,,,,,
03,2024,47.625,4,,zscore,21.0,47.997,64.548,45.751,32.206,,,,,
03,2025,48.775,4,,zscore,15.0,52.766,64.296,45.751,32.286,,,,,
03,2026,47.151,4,,zscore,17.0,46.371,64.118,45.751,32.364,,,,,
03,2027,52.036,3,PILLARS_RENORMALIZED,zscore,12.0,59.721,63.947,,32.439,,,,,
04,2020,44.1,4,,zscore,26.0,38.356,59.574,45.751,32.72,,,,,
04,2021,42.587,4,,zscore,31.0,33.103,58.762,45.751,32.731,,,,,
04,2022,42.708,4,,zscore,30.0,33.187,59.145,45.751,32.747,,,,,
04,2023,43.416,4,,zscore,30.0,33.732,61.415,45.751,32.768,,,,,
04,2024,43.605,4,,zscore,29.0,34.507,61.373,45.751,32.787,,,,,
04,2025,42.753,4,,zscore,28.0,33.257,59.199,45.751,32.803,,,,,
04,2026,42.18,4,,zscore,29.0,30.986,59.166,45.751,32.818,,,,,
04,2027,39.75,3,PILLARS_RENORMALIZED,zscore,30.0,27.657,58.763,,32.831,,,,,
05,2020,45.937,4,,zscore,18.0,52.987,57.509,45.751,27.499,,,,,
05,2021,46.788,4,,zscore,20.0,56.552,57.302,45.751,27.545,,,,,
05,2022,50.461,4,,zscore,9.0,71.127,57.367,45.751,27.597,,,,,
05,2023,47.874,4,,zscore,22.0,61.752,56.341,45.751,27.651,,,,,
05,2024,47.159,4,,zscore,22.0,59.265,55.916,45.751,27.704,,,,,
05,2025,48.374,4,,zscore,17.0,64.185,55.804,45.751,27.754,,,,,
05,2026,46.796,4,,zscore,20.0,58.121,55.508,45.751,27.803,,,,,
05,2027,49.757,3,PILLARS_RENORMALIZED,zscore,18.0,66.228,55.192,,27.85,,,,,
06,2020,48.011,4,,zscore,13.0,33.996,75.269,45.751,37.026,,,,,
06,2021,53.127,4,,zscore,9.0,54.481,75.23,45.751,37.044,,,,,
06,2022,48.757,4,,zscore,16.0,37.03,75.182,45.751,37.066,,,,,
06,2023,52.97,4,,zscore,10.0,55.773,73.261,45.751,37.096,,,,,
06,2024,50.339,4,,zscore,17.0,45.28,73.2,45.751,37.124,,,,,
06,2025,49.207,4,,zscore,13.0,40.782,73.144,45.751,37.151,,,,,
06,2026,49.173,4,,zscore,11.0,40.673,73.091,45.751,37.175,,,,,
06,2027,52.856,3,PILLARS_RENORMALIZED,zscore,9.0,48.327,73.041,,37.198,,,,,
07,2020,45.19,4,,zscore,23.0,34.139,35.26,45.751,65.61,,,,,
07,2021,45.003,4,,zscore,25.0,33.449,35.149,45.751,65.662,,,,,
07,2022,45.122,4,,zscore,20.0,33.99,35.028,45.751,65.719,,,,,
07,2023,44.934,4,,zscore,28.0,33.353,34.851,45.751,65.779,,,,,
07,2024,45.644,4,,zscore,26.0,36.361,34.627,45.751,65.838,,,,,
07,2025,44.268,4,,zscore,25.0,30.92,34.507,45.751,65.894,,,,,
07,2026,44.473,4,,zscore,22.0,31.801,34.392,45.751,65.948,,,,,
07,2027,42.646,3,PILLARS_RENORMALIZED,zscore,26.0,27.657,34.281,,66.0,,,,,
08,2020,51.721,4,,zscore,4.0,55.038,55.69,45.751,50.404,,,,,
08,2021,54.095,4,,zscore,5.0,64.825,55.359,45.751,50.446,,,,,
08,2022,51.593,4,,zscore,6.0,54.406,55.721,45.751,50.495,,,,,
08,2023,54.475,4,,zscore,7.0,65.329,56.275,45.751,50.546,,,,,
08,2024,58.627,4,,zscore,4.0,81.533,56.627,45.751,50.596,,,,,
08,2025,55.965,4,,zscore,4.0,71.015,56.452,45.751,50.643,,,,,
08,2026,50.844,4,,zscore,6.0,50.624,56.312,45.751,50.688,,,,,
08,2027,56.567,3,PILLARS_RENORMALIZED,zscore,7.0,63.067,55.905,,50.729,,,,,
09,2020,44.485,4,,zscore,24.0,33.02,33.946,45.751,65.224,,,,,
09,2021,45.118,4,,zscore,23.0,35.662,33.837,45.751,65.224,,,,,
09,2022,44.207,4,,zscore,22.0,33.427,32.424,45.751,65.224,,,,,
09,2023,52.471,4,,zscore,11.0,65.086,33.821,45.751,65.224,,,,,
09,2024,53.691,4,,zscore,10.0,71.021,32.768,45.751,65.224,,,,,
09,2025,50.626,4,,zscore,10.0,58.76,32.768,45.751,65.224,,,,,
09,2026,50.626,4,,zscore,7.0,58.76,32.768,45.751,65.224,,,,,
09,2027,60.83,3,PILLARS_RENORMALIZED,zscore,2.0,84.499,32.768,,65.224,,,,,
10,2020,49.134,4,,zscore,11.0,48.666,60.116,45.751,42.001,,,,,
10,2021,54.928,4,,zscore,3.0,71.956,59.978,45.751,42.027,,,,,
10,2022,49.849,4,,zscore,12.0,52.002,59.585,45.751,42.057,,,,,
10,2023,53.352,4,,zscore,9.0,66.474,59.092,45.751,42.09,,,,,
10,2024,54.745,4,,zscore,8.0,72.461,58.647,45.751,42.121,,,,,
10,2025,50.352,4,,zscore,11.0,54.925,58.584,45.751,42.149,,,,,
10,2026,47.01,4,,zscore,19.0,42.119,57.996,45.751,42.175,,,,,
10,2027,50.44,3,PILLARS_RENORMALIZED,zscore,15.0,51.177,57.942,,42.199,,,,,
11,2020,49.515,4,,zscore,10.0,41.243,55.136,45.751,55.931,,,,,
11,2021,53.613,4,,zscore,6.0,57.596,55.145,45.751,55.96,,,,,
11,2022,49.899,4,,zscore,11.0,47.346,50.502,45.751,55.996,,,,,
11,2023,56.328,4,,zscore,5.0,74.702,48.821,45.751,56.037,,,,,
11,2024,56.086,4,,zscore,7.0,73.414,49.101,45.751,56.077,,,,,
11,2025,50.809,4,,zscore,9.0,52.915,48.457,45.751,56.114,,,,,
11,2026,51.21,4,,zscore,5.0,50.865,52.075,45.751,56.149,,,,,
11,2027,58.846,3,PILLARS_RENORMALIZED,zscore,3.0,68.709,51.647,,56.181,,,,,
12,2020,54.714,4,,zscore,2.0,55.31,54.803,45.751,62.989,,,,,
12,2021,53.436,4,,zscore,8.0,50.196,54.807,45.751,62.988,,,,,
12,2022,49.425,4,,zscore,14.0,34.091,54.869,45.751,62.989,,,,,
12,2023,52.115,4,,zscore,12.0,44.856,54.858,45.751,62.995,,,,,
12,2024,51.341,4,,zscore,13.0,41.688,54.928,45.751,62.998,,,,,
12,2025,49.183,4,,zscore,14.0,33.055,54.926,45.751,62.998,,,,,
12,2026,49.383,4,,zscore,10.0,33.854,54.929,45.751,62.997,,,,,
12,2027,50.153,3,PILLARS_RENORMALIZED,zscore,16.0,32.529,54.936,,62.994,,,,,
13,2020,47.904,4,,zscore,14.0,40.13,54.809,45.751,50.926,,,,,
13,2021,49.056,4,,zscore,18.0,45.123,54.387,45.751,50.964,,,,,
13,2022,50.434,4,,zscore,10.0,51.123,53.853,45.751,51.008,,,,,
13,2023,50.99,4,,zscore,18.0,52.239,54.912,45.751,51.058,,,,,
13,2024,51.492,4,,zscore,12.0,54.218,54.892,45.751,51.106,,,,,
13,2025,46.64,4,,zscore,21.0,34.863,54.794,45.751,51.153,,,,,
13,2026,46.543,4,,zscore,21.0,34.526,54.699,45.751,51.197,,,,,
13,2027,46.823,3,PILLARS_RENORMALIZED,zscore,22.0,35.777,53.452,,51.239,,,,,
14,2020,44.427,4,,zscore,25.0,40.2,44.366,45.751,47.39,,,,,
14,2021,47.765,4,,zscore,19.0,53.848,44.037,45.751,47.423,,,,,
14,2022,44.096,4,,zscore,23.0,43.659,39.515,45.751,47.46,,,,,
14,2023,49.683,4,,zscore,20.0,69.633,35.843,45.751,47.503,,,,,
14,2024,46.919,4,,zscore,23.0,58.648,35.73,45.751,47.545,,,,,
14,2025,44.381,4,,zscore,23.0,48.789,35.4,45.751,47.585,,,,,
14,2026,44.024,4,,zscore,25.0,47.247,35.473,45.751,47.623,,,,,
14,2027,48.145,3,PILLARS_RENORMALIZED,zscore,20.0,61.377,35.399,,47.658,,,,,
15,2020,58.693,4,,zscore,1.0,36.956,44.615,89.823,63.377,,,,,
15,2021,63.46,4,,zscore,1.0,43.703,46.747,100.0,63.39,,,,,
15,2022,61.911,4,,zscore,2.0,36.246,47.988,100.0,63.413,,,,,
15,2023,69.409,4,,zscore,1.0,69.404,44.787,100.0,63.443,,,,,
15,2024,69.507,4,,zscore,2.0,70.329,44.227,100.0,63.471,,,,,
15,2025,65.863,4,,zscore,1.0,55.728,44.227,100.0,63.497,,,,,
15,2026,65.729,4,,zscore,1.0,55.626,43.769,100.0,63.521,,,,,
15,2027,63.159,3,PILLARS_RENORMALIZED,zscore,1.0,78.183,47.75,,63.544,,,,,
16,2020,45.318,4,,zscore,22.0,46.017,29.68,45.751,59.824,,,,,
16,2021,50.166,4,,zscore,15.0,65.441,29.62,45.751,59.852,,,,,
16,2022,43.972,4,,zscore,24.0,40.703,29.548,45.751,59.887,,,,,
16,2023,51.245,4,,zscore,17.0,70.065,29.233,45.751,59.929,,,,,
16,2024,49.342,4,,zscore,19.0,62.502,29.146,45.751,59.971,,,,,
16,2025,44.311,4,,zscore,24.0,42.421,29.062,45.751,60.01,,,,,
16,2026,44.387,4,,zscore,23.0,42.764,28.983,45.751,60.048,,,,,
16,2027,46.634,3,PILLARS_RENORMALIZED,zscore,23.0,50.91,28.909,,60.083,,,,,
17,2020,47.382,4,,zscore,16.0,34.616,50.2,45.751,58.961,,,,,
17,2021,46.777,4,,zscore,21.0,33.562,48.819,45.751,58.973,,,,,
17,2022,47.389,4,,zscore,19.0,36.031,48.78,45.751,58.992,,,,,
17,2023,52.068,4,,zscore,13.0,54.645,48.853,45.751,59.021,,,,,
17,2024,50.639,4,,zscore,16.0,48.96,48.796,45.751,59.049,,,,,
17,2025,47.888,4,,zscore,19.0,37.986,48.742,45.751,59.075,,,,,
17,2026,47.847,4,,zscore,15.0,37.847,48.693,45.751,59.099,,,,,
17,2027,49.878,3,PILLARS_RENORMALIZED,zscore,17.0,41.867,48.647,,59.121,,,,,
18,2020,42.149,4,,zscore,31.0,37.302,39.887,45.751,45.656,,,,,
18,2021,45.104,4,,zscore,24.0,49.17,39.798,45.751,45.697,,,,,
18,2022,43.045,4,,zscore,28.0,40.986,39.699,45.751,45.743,,,,,
18,2023,46.124,4,,zscore,25.0,53.476,39.473,45.751,45.794,,,,,
18,2024,44.682,4,,zscore,28.0,47.822,39.311,45.751,45.844,,,,,
18,2025,42.628,4,,zscore,29.0,39.585,39.282,45.751,45.892,,,,,
18,2026,42.242,4,,zscore,28.0,38.094,39.185,45.751,45.937,,,,,
18,2027,42.313,3,PILLARS_RENORMALIZED,zscore,27.0,41.867,39.093,,45.98,,,,,
19,2020,47.705,4,,zscore,15.0,43.562,62.267,45.751,39.24,,,,,
19,2021,50.963,4,,zscore,14.0,57.121,61.676,45.751,39.305,,,,,
19,2022,48.897,4,,zscore,15.0,48.938,61.523,45.751,39.375,,,,,
19,2023,61.463,4,,zscore,3.0,56.815,59.766,89.823,39.45,,,,,
19,2024,59.835,4,,zscore,3.0,50.504,59.489,89.823,39.522,,,,,
19,2025,59.113,4,,zscore,3.0,47.572,59.463,89.823,39.593,,,,,
19,2026,59.379,4,,zscore,3.0,48.698,59.332,89.823,39.661,,,,,
19,2027,52.799,3,PILLARS_RENORMALIZED,zscore,10.0,59.785,58.886,,39.727,,,,,
20,2020,45.479,4,,zscore,20.0,41.307,37.227,45.751,57.631,,,,,
20,2021,43.901,4,,zscore,28.0,35.015,37.191,45.751,57.648,,,,,
20,2022,44.305,4,,zscore,21.0,37.667,36.131,45.751,57.671,,,,,
20,2023,45.116,4,,zscore,27.0,41.358,35.651,45.751,57.703,,,,,
20,2024,44.877,4,,zscore,27.0,40.438,35.583,45.751,57.735,,,,,
20,2025,43.068,4,,zscore,27.0,33.239,35.518,45.751,57.765,,,,,
20,2026,43.154,4,,zscore,27.0,33.614,35.456,45.751,57.794,,,,,
20,2027,42.096,3,PILLARS_RENORMALIZED,zscore,28.0,33.07,35.397,,57.821,,,,,
21,2020,42.803,4,,zscore,30.0,34.264,31.564,45.751,59.632,,,,,
21,2021,43.008,4,,zscore,30.0,35.118,31.498,45.751,59.666,,,,,
21,2022,43.161,4,,zscore,27.0,35.787,31.398,45.751,59.708,,,,,
21,2023,45.479,4,,zscore,26.0,45.196,31.207,45.751,59.76,,,,,
21,2024,46.098,4,,zscore,25.0,47.726,31.102,45.751,59.811,,,,,
21,2025,44.113,4,,zscore,26.0,39.897,30.942,45.751,59.86,,,,,
21,2026,44.243,4,,zscore,24.0,40.119,31.192,45.751,59.908,,,,,
21,2027,46.049,3,PILLARS_RENORMALIZED,zscore,24.0,46.604,31.588,,59.954,,,,,
22,2020,50.29,4,,zscore,7.0,44.461,53.301,45.751,57.647,,,,,
22,2021,52.828,4,,zscore,11.0,54.697,53.142,45.751,57.723,,,,,
22,2022,67.02,4,,zscore,1.0,68.306,52.149,89.823,57.802,,,,,
22,2023,68.754,4,,zscore,2.0,75.16,52.147,89.823,57.887,,,,,
22,2024,72.07,4,,zscore,1.0,78.291,52.019,100.0,57.968,,,,,
22,2025,65.401,4,,zscore,2.0,51.676,51.882,100.0,58.046,,,,,
22,2026,64.61,4,,zscore,2.0,48.595,51.726,100.0,58.121,,,,,
22,2027,57.866,3,PILLARS_RENORMALIZED,zscore,5.0,63.829,51.575,,58.193,,,,,
23,2020,43.014,4,,zscore,28.0,39.327,42.792,45.751,44.188,,,,,
23,2021,41.463,4,,zscore,32.0,33.217,42.613,45.751,44.273,,,,,
23,2022,41.628,4,,zscore,32.0,34.104,42.295,45.751,44.36,,,,,
23,2023,41.313,4,,zscore,32.0,32.395,42.655,45.751,44.45,,,,,
23,2024,41.356,4,,zscore,32.0,31.866,43.27,45.751,44.537,,,,,
23,2025,42.048,4,,zscore,30.0,34.723,43.098,45.751,44.619,,,,,
23,2026,41.783,4,,zscore,30.0,33.747,42.934,45.751,44.698,,,,,
23,2027,38.403,3,PILLARS_RENORMALIZED,zscore,32.0,27.657,42.778,,44.774,,,,,
24,2020,52.804,4,,zscore,3.0,49.958,61.082,45.751,54.427,,,,,
24,2021,52.908,4,,zscore,10.0,50.344,61.09,45.751,54.447,,,,,
24,2022,54.005,4,,zscore,4.0,53.283,62.51,45.751,54.477,,,,,
24,2023,57.503,4,,zscore,4.0,67.266,62.483,45.751,54.513,,,,,
24,2024,56.957,4,,zscore,6.0,67.69,59.836,45.751,54.549,,,,,
24,2025,52.03,4,,zscore,8.0,48.024,59.762,45.751,54.583,,,,,
24,2026,51.788,4,,zscore,4.0,47.091,59.692,45.751,54.616,,,,,
24,2027,58.204,3,PILLARS_RENORMALIZED,zscore,4.0,60.566,59.4,,54.646,,,,,
25,2020,48.983,4,,zscore,12.0,49.17,53.061,45.751,47.949,,,,,
25,2021,54.68,4,,zscore,4.0,71.986,53.01,45.751,47.972,,,,,
25,2022,48.245,4,,zscore,17.0,46.189,53.039,45.751,48.002,,,,,
25,2023,54.798,4,,zscore,6.0,68.521,56.887,45.751,48.035,,,,,
25,2024,57.683,4,,zscore,5.0,80.069,56.847,45.751,48.066,,,,,
25,2025,54.657,4,,zscore,5.0,68.094,56.687,45.751,48.095,,,,,
25,2026,49.781,4,,zscore,9.0,48.645,56.606,45.751,48.122,,,,,
25,2027,54.977,3,PILLARS_RENORMALIZED,zscore,8.0,60.138,56.644,,48.148,,,,,
26,2020,50.122,4,,zscore,8.0,52.29,62.085,45.751,40.361,,,,,
26,2021,56.818,4,,zscore,2.0,79.055,62.076,45.751,40.391,,,,,
26,2022,50.616,4,,zscore,8.0,56.384,59.901,45.751,40.427,,,,,
26,2023,51.35,4,,zscore,16.0,58.944,60.235,45.751,40.468,,,,,
26,2024,54.148,4,,zscore,9.0,70.626,59.709,45.751,40.507,,,,,
26,2025,54.227,4,,zscore,6.0,68.835,61.778,45.751,40.546,,,,,
26,2026,47.736,4,,zscore,16.0,42.933,61.677,45.751,40.582,,,,,
26,2027,50.452,3,PILLARS_RENORMALIZED,zscore,14.0,49.446,61.294,,40.616,,,,,
27,2020,45.711,4,,zscore,19.0,42.584,51.362,45.751,43.147,,,,,
27,2021,43.323,4,,zscore,29.0,33.02,51.371,45.751,43.149,,,,,
27,2022,43.623,4,,zscore,25.0,33.02,52.56,45.751,43.159,,,,,
27,2023,43.924,4,,zscore,29.0,34.297,52.476,45.751,43.172,,,,,
27,2024,46.14,4,,zscore,24.0,43.154,52.472,45.751,43.184,,,,,
27,2025,45.078,4,,zscore,22.0,38.914,52.451,45.751,43.194,,,,,
27,2026,43.816,4,,zscore,26.0,31.328,54.98,45.751,43.203,,,,,
27,2027,41.944,3,PILLARS_RENORMALIZED,zscore,29.0,27.657,54.964,,43.211,,,,,
28,2020,49.574,4,,zscore,9.0,46.103,63.286,45.751,43.154,,,,,
28,2021,51.535,4,,zscore,13.0,54.068,63.137,45.751,43.185,,,,,
28,2022,52.238,4,,zscore,5.0,56.941,63.04,45.751,43.221,,,,,
28,2023,51.691,4,,zscore,15.0,55.029,62.725,45.751,43.259,,,,,
28,2024,51.048,4,,zscore,14.0,52.285,62.862,45.751,43.296,,,,,
28,2025,47.948,4,,zscore,18.0,40.437,62.274,45.751,43.331,,,,,
28,2026,48.761,4,,zscore,12.0,43.725,62.203,45.751,43.363,,,,,
28,2027,49.743,3,PILLARS_RENORMALIZED,zscore,19.0,43.897,61.938,,43.393,,,,,
29,2020,43.455,4,,zscore,27.0,34.213,35.768,45.751,58.086,,,,,
29,2021,44.113,4,,zscore,27.0,37.879,34.7,45.751,58.12,,,,,
29,2022,42.781,4,,zscore,29.0,35.17,32.036,45.751,58.165,,,,,
29,2023,42.023,4,,zscore,31.0,33.194,30.928,45.751,58.22,,,,,
29,2024,42.828,4,,zscore,31.0,36.471,30.817,45.751,58.273,,,,,
29,2025,41.281,4,,zscore,32.0,30.338,30.71,45.751,58.325,,,,,
29,2026,41.514,4,,zscore,31.0,30.415,31.513,45.751,58.375,,,,,
29,2027,39.592,3,PILLARS_RENORMALIZED,zscore,31.0,27.657,32.697,,58.423,,,,,
30,2020,51.636,4,,zscore,5.0,41.201,60.222,45.751,59.372,,,,,
30,2021,50.105,4,,zscore,16.0,35.106,60.203,45.751,59.359,,,,,
30,2022,50.701,4,,zscore,7.0,37.509,60.192,45.751,59.353,,,,,
30,2023,52.061,4,,zscore,14.0,42.989,60.15,45.751,59.352,,,,,
30,2024,52.074,4,,zscore,11.0,44.354,58.84,45.751,59.35,,,,,
30,2025,49.891,4,,zscore,12.0,37.14,57.327,45.751,59.346,,,,,
30,2026,49.811,4,,zscore,8.0,36.813,57.339,45.751,59.341,,,,,
30,2027,52.325,3,PILLARS_RENORMALIZED,zscore,11.0,40.288,57.353,,59.335,,,,,
31,2020,50.885,4,,zscore,6.0,38.46,63.322,45.751,56.008,,,,,
31,2021,49.511,4,,zscore,17.0,33.02,63.215,45.751,56.057,,,,,
31,2022,49.796,4,,zscore,13.0,33.634,63.688,45.751,56.11,,,,,
31,2023,50.038,4,,zscore,19.0,34.361,63.873,45.751,56.166,,,,,
31,2024,49.65,4,,zscore,18.0,33.753,62.876,45.751,56.22,,,,,
31,2025,48.492,4,,zscore,16.0,31.008,60.939,45.751,56.271,,,,,
31,2026,48.319,4,,zscore,14.0,30.873,60.333,45.751,56.32,,,,,
31,2027,47.856,3,PILLARS_RENORMALIZED,zscore,21.0,27.657,59.544,,56.367,,,,,
32,2020,40.438,4,,zscore,32.0,37.523,39.34,45.751,39.136,,,,,
32,2021,44.505,4,,zscore,26.0,53.819,39.294,45.751,39.157,,,,,
32,2022,41.633,4,,zscore,31.0,45.821,35.771,45.751,39.187,,,,,
32,2023,46.992,4,,zscore,24.0,70.945,32.045,45.751,39.226,,,,,
32,2024,43.438,4,,zscore,30.0,57.503,31.235,45.751,39.263,,,,,
32,2025,41.328,4,,zscore,31.0,49.103,31.157,45.751,39.299,,,,,
32,2026,40.662,4,,zscore,32.0,47.057,30.507,45.751,39.332,,,,,
32,2027,45.27,3,PILLARS_RENORMALIZED,zscore,25.0,61.094,35.352,,39.364,,,,,
01,2020,38.075,4,,percentile,29.0,21.094,37.63,46.615,46.962,,,,,
01,2021,47.038,4,,percentile,19.0,57.031,37.37,46.615,47.135,,,,,
01,2022,40.734,4,,percentile,23.0,50.781,18.229,46.615,47.309,,,,,
01,2023,53.44,4,,percentile,14.0,96.484,23.177,46.615,47.483,,,,,
01,2024,50.098,4,,percentile,18.0,87.891,18.229,46.615,47.656,,,,,
01,2025,42.003,4,,percentile,23.0,53.255,20.312,46.615,47.83,,,,,
01,2026,40.983,4,,percentile,24.0,49.219,20.182,46.615,47.917,,,,,
01,2027,59.722,3,PILLARS_RENORMALIZED,percentile,7.0,96.875,34.375,,47.917,,,,,
02,2020,42.535,4,,percentile,22.0,17.448,58.073,46.615,48.003,,,,,
02,2021,58.138,4,,percentile,8.0,79.948,57.812,46.615,48.177,,,,,
02,2022,60.72,4,,percentile,4.0,88.281,59.115,46.615,48.872,,,,,
02,2023,46.756,4,,percentile,23.0,34.505,56.51,46.615,49.392,,,,,
02,2024,47.819,4,,percentile,21.0,37.891,55.99,46.615,50.781,,,,,
02,2025,56.782,4,,percentile,5.0,66.276,63.281,46.615,50.955,,,,,
02,2026,47.201,4,,percentile,14.0,26.823,64.323,46.615,51.042,,,,,
02,2027,50.955,3,PILLARS_RENORMALIZED,percentile,14.0,43.75,58.073,,51.042,,,,,
03,2020,44.358,4,,percentile,19.0,32.552,86.719,46.615,11.545,,,,,
03,2021,56.315,4,,percentile,10.0,80.99,85.938,46.615,11.719,,,,,
03,2022,49.197,4,,percentile,16.0,55.469,82.812,46.615,11.892,,,,,
03,2023,46.994,4,,percentile,22.0,47.266,82.031,46.615,12.066,,,,,
03,2024,46.126,4,,percentile,24.0,42.839,82.812,46.615,12.24,,,,,
03,2025,49.36,4,,percentile,15.0,56.12,82.292,46.615,12.413,,,,,
03,2026,43.132,4,,percentile,18.0,31.25,82.161,46.615,12.5,,,,,
03,2027,51.606,3,PILLARS_RENORMALIZED,percentile,13.0,60.938,81.38,,12.5,,,,,
04,2020,42.339,4,,percentile,23.0,33.073,60.417,46.615,29.253,,,,,
04,2021,34.635,4,,percentile,31.0,3.385,59.115,46.615,29.427,,,,,
04,2022,34.939,4,,percentile,31.0,3.906,59.635,46.615,29.601,,,,,
04,2023,43.511,4,,percentile,28.0,23.307,74.349,46.615,29.774,,,,,
04,2024,44.271,4,,percentile,26.0,26.432,74.089,46.615,29.948,,,,,
04,2025,39.572,4,,percentile,27.0,22.266,59.115,46.615,30.295,,,,,
04,2026,37.12,4,,percentile,29.0,12.76,58.724,46.615,30.382,,,,,
04,2027,32.928,3,PILLARS_RENORMALIZED,percentile,30.0,9.375,58.854,,30.556,,,,,
05,2020,44.358,4,,percentile,19.0,64.323,57.031,46.615,9.462,,,,,
05,2021,46.419,4,,percentile,22.0,72.656,56.771,46.615,9.635,,,,,
05,2022,49.783,4,,percentile,15.0,86.198,56.51,46.615,9.809,,,,,
05,2023,47.45,4,,percentile,21.0,80.339,52.865,46.615,9.983,,,,,
05,2024,46.441,4,,percentile,23.0,74.87,53.776,46.615,10.503,,,,,
05,2025,48.09,4,,percentile,16.0,82.161,52.734,46.615,10.851,,,,,
05,2026,46.05,4,,percentile,15.0,72.917,53.385,46.615,11.285,,,,,
05,2027,50.26,3,PILLARS_RENORMALIZED,percentile,15.0,85.938,53.385,,11.458,,,,,
06,2020,47.092,4,,percentile,16.0,12.24,98.177,46.615,31.337,,,,,
06,2021,61.263,4,,percentile,2.0,69.01,97.917,46.615,31.51,,,,,
06,2022,50.694,4,,percentile,14.0,26.823,97.656,46.615,31.684,,,,,
06,2023,60.08,4,,percentile,6.0,64.453,97.396,46.615,31.858,,,,,
06,2024,55.566,4,,percentile,10.0,46.484,97.135,46.615,32.031,,,,,
06,2025,50.662,4,,percentile,11.0,26.953,96.875,46.615,32.205,,,,,
06,2026,50.163,4,,percentile,8.0,25.0,96.745,46.615,32.292,,,,,
06,2027,59.158,3,PILLARS_RENORMALIZED,percentile,8.0,48.438,96.745,,32.292,,,,,
07,2020,37.587,4,,percentile,30.0,14.323,22.656,46.615,66.753,,,,,
07,2021,35.872,4,,percentile,30.0,7.552,22.396,46.615,66.927,,,,,
07,2022,36.697,4,,percentile,30.0,11.198,21.875,46.615,67.101,,,,,
07,2023,39.638,4,,percentile,30.0,22.526,22.135,46.615,67.274,,,,,
07,2024,41.254,4,,percentile,30.0,28.776,22.005,46.615,67.622,,,,,
07,2025,37.044,4,,percentile,30.0,12.109,21.484,46.615,67.969,,,,,
07,2026,37.934,4,,percentile,26.0,15.885,20.833,46.615,68.403,,,,,
07,2027,32.928,3,PILLARS_RENORMALIZED,percentile,30.0,9.375,20.833,,68.576,,,,,
08,2020,54.948,4,,percentile,7.0,70.052,53.906,46.615,49.219,,,,,
08,2021,57.704,4,,percentile,9.0,81.51,53.125,46.615,49.566,,,,,
08,2022,54.123,4,,percentile,8.0,68.49,51.302,46.615,50.087,,,,,
08,2023,57.433,4,,percentile,7.0,81.901,50.781,46.615,50.434,,,,,
08,2024,59.863,4,,percentile,6.0,89.714,52.344,46.615,50.781,,,,,
08,2025,58.865,4,,percentile,3.0,86.328,51.562,46.615,50.955,,,,,
08,2026,51.194,4,,percentile,6.0,55.99,50.781,46.615,51.389,,,,,
08,2027,60.822,3,PILLARS_RENORMALIZED,percentile,6.0,79.688,51.042,,51.736,,,,,
09,2020,40.017,4,,percentile,24.0,1.562,49.479,46.615,62.413,,,,,
09,2021,44.596,4,,percentile,24.0,21.615,47.917,46.615,62.24,,,,,
09,2022,39.605,4,,percentile,25.0,7.031,42.708,46.615,62.066,,,,,
09,2023,57.107,4,,percentile,9.0,73.307,46.615,46.615,61.892,,,,,
09,2024,59.505,4,,percentile,7.0,86.068,43.62,46.615,61.719,,,,,
09,2025,50.315,4,,percentile,13.0,49.219,43.88,46.615,61.545,,,,,
09,2026,50.326,4,,percentile,7.0,49.219,44.01,46.615,61.458,,,,,
09,2027,67.448,3,PILLARS_RENORMALIZED,percentile,4.0,96.875,44.01,,61.458,,,,,
10,2020,50.803,4,,percentile,10.0,55.99,68.229,46.615,32.378,,,,,
10,2021,58.442,4,,percentile,7.0,86.719,67.708,46.615,32.726,,,,,
10,2022,52.214,4,,percentile,11.0,62.76,66.406,46.615,33.073,,,,,
10,2023,54.959,4,,percentile,13.0,76.432,63.542,46.615,33.247,,,,,
10,2024,54.362,4,,percentile,13.0,78.255,58.984,46.615,33.594,,,,,
10,2025,51.584,4,,percentile,10.0,67.318,58.464,46.615,33.941,,,,,
10,2026,41.97,4,,percentile,22.0,30.469,56.771,46.615,34.028,,,,,
10,2027,49.508,3,PILLARS_RENORMALIZED,percentile,16.0,57.812,56.51,,34.201,,,,,
11,2020,52.235,4,,percentile,8.0,42.448,54.167,46.615,65.712,,,,,
11,2021,60.72,4,,percentile,4.0,75.781,54.427,46.615,66.059,,,,,
11,2022,54.188,4,,percentile,7.0,53.906,50.0,46.615,66.233,,,,,
11,2023,61.99,4,,percentile,5.0,91.536,43.229,46.615,66.58,,,,,
11,2024,62.815,4,,percentile,4.0,90.755,47.135,46.615,66.753,,,,,
11,2025,53.331,4,,percentile,9.0,58.464,41.146,46.615,67.101,,,,,
11,2026,52.474,4,,percentile,5.0,45.312,50.781,46.615,67.188,,,,,
11,2027,67.535,3,PILLARS_RENORMALIZED,percentile,3.0,89.062,46.354,,67.188,,,,,
12,2020,56.5,4,,percentile,4.0,70.573,49.349,46.615,59.462,,,,,
12,2021,54.004,4,,percentile,14.0,60.677,49.609,46.615,59.115,,,,,
12,2022,42.329,4,,percentile,20.0,12.76,50.651,46.615,59.288,,,,,
12,2023,50.846,4,,percentile,19.0,47.266,49.87,46.615,59.635,,,,,
12,2024,49.588,4,,percentile,19.0,41.016,50.911,46.615,59.809,,,,,
12,2025,42.925,4,,percentile,21.0,14.453,50.651,46.615,59.983,,,,,
12,2026,44.358,4,,percentile,17.0,20.052,51.042,46.615,59.722,,,,,
12,2027,43.634,3,PILLARS_RENORMALIZED,percentile,24.0,20.312,51.042,,59.549,,,,,
13,2020,47.027,4,,percentile,17.0,38.281,46.875,46.615,56.337,,,,,
13,2021,49.414,4,,percentile,17.0,48.698,45.833,46.615,56.51,,,,,
13,2022,52.517,4,,percentile,9.0,62.24,44.531,46.615,56.684,,,,,
13,2023,52.658,4,,percentile,16.0,56.12,51.042,46.615,56.858,,,,,
13,2024,52.865,4,,percentile,14.0,57.161,50.651,46.615,57.031,,,,,
13,2025,43.142,4,,percentile,20.0,18.62,50.13,46.615,57.205,,,,,
13,2026,42.448,4,,percentile,21.0,16.406,49.479,46.615,57.292,,,,,
13,2027,42.535,3,PILLARS_RENORMALIZED,percentile,25.0,26.562,43.75,,57.292,,,,,
14,2020,39.67,4,,percentile,25.0,38.802,30.469,46.615,42.795,,,,,
14,2021,46.745,4,,percentile,20.0,66.927,30.469,46.615,42.969,,,,,
14,2022,40.994,4,,percentile,22.0,46.094,28.125,46.615,43.142,,,,,
14,2023,49.143,4,,percentile,20.0,84.245,22.396,46.615,43.316,,,,,
14,2024,45.996,4,,percentile,25.0,73.828,20.052,46.615,43.49,,,,,
14,2025,39.92,4,,percentile,26.0,50.13,19.271,46.615,43.663,,,,,
14,2026,37.5,4,,percentile,27.0,40.104,19.531,46.615,43.75,,,,,
14,2027,46.528,3,PILLARS_RENORMALIZED,percentile,21.0,76.562,19.271,,43.75,,,,,
15,2020,59.006,4,,percentile,1.0,25.781,42.448,94.792,73.003,,,,,
15,2021,66.276,4,,percentile,1.0,46.615,47.656,97.656,73.177,,,,,
15,2022,61.502,4,,percentile,2.0,24.219,50.781,97.656,73.351,,,,,
15,2023,75.705,4,,percentile,2.0,84.766,46.875,97.656,73.524,,,,,
15,2024,75.814,4,,percentile,2.0,85.807,46.094,97.656,73.698,,,,,
15,2025,66.678,4,,percentile,2.0,49.089,46.094,97.656,73.872,,,,,
15,2026,65.885,4,,percentile,2.0,47.656,44.271,97.656,73.958,,,,,
15,2027,71.875,3,PILLARS_RENORMALIZED,percentile,1.0,92.188,49.479,,73.958,,,,,
16,2020,47.917,4,,percentile,15.0,52.344,20.052,46.615,72.656,,,,,
16,2021,55.49,4,,percentile,13.0,82.552,19.792,46.615,73.003,,,,,
16,2022,44.64,4,,percentile,19.0,39.323,19.271,46.615,73.351,,,,,
16,2023,53.309,4,,percentile,15.0,75.911,17.188,46.615,73.524,,,,,
16,2024,52.246,4,,percentile,17.0,72.266,16.406,46.615,73.698,,,,,
16,2025,42.068,4,,percentile,22.0,32.422,15.365,46.615,73.872,,,,,
16,2026,42.936,4,,percentile,19.0,35.938,15.234,46.615,73.958,,,,,
16,2027,47.96,3,PILLARS_RENORMALIZED,percentile,18.0,54.688,15.234,,73.958,,,,,
17,2020,47.027,4,,percentile,17.0,16.927,52.604,46.615,71.962,,,,,
17,2021,43.783,4,,percentile,25.0,8.073,48.307,46.615,72.135,,,,,
17,2022,47.407,4,,percentile,17.0,22.656,48.047,46.615,72.309,,,,,
17,2023,56.76,4,,percentile,11.0,58.984,48.958,46.615,72.483,,,,,
17,2024,55.241,4,,percentile,11.0,52.995,48.698,46.615,72.656,,,,,
17,2025,47.895,4,,percentile,17.0,23.958,48.177,46.615,72.83,,,,,
17,2026,47.428,4,,percentile,13.0,22.135,48.047,46.615,72.917,,,,,
17,2027,51.78,3,PILLARS_RENORMALIZED,percentile,12.0,34.375,48.047,,72.917,,,,,
18,2020,39.214,4,,percentile,26.0,29.167,37.76,46.615,43.316,,,,,
18,2021,46.549,4,,percentile,21.0,58.333,37.24,46.615,44.01,,,,,
18,2022,42.166,4,,percentile,21.0,40.365,36.979,46.615,44.705,,,,,
18,2023,46.756,4,,percentile,23.0,58.203,36.979,46.615,45.226,,,,,
18,2024,44.238,4,,percentile,27.0,49.87,34.896,46.615,45.573,,,,,
18,2025,40.017,4,,percentile,25.0,31.771,35.938,46.615,45.747,,,,,
18,2026,38.379,4,,percentile,25.0,25.26,35.807,46.615,45.833,,,,,
18,2027,38.585,3,PILLARS_RENORMALIZED,percentile,27.0,34.375,35.547,,45.833,,,,,
19,2020,49.24,4,,percentile,12.0,45.573,76.562,46.615,28.212,,,,,
19,2021,56.185,4,,percentile,11.0,73.698,76.042,46.615,28.385,,,,,
19,2022,51.866,4,,percentile,12.0,57.552,74.74,46.615,28.559,,,,,
19,2023,64.377,4,,percentile,4.0,65.234,68.75,94.792,28.733,,,,,
19,2024,61.1,4,,percentile,5.0,52.995,67.708,94.792,28.906,,,,,
19,2025,58.344,4,,percentile,4.0,42.057,67.448,94.792,29.08,,,,,
19,2026,59.57,4,,percentile,3.0,47.396,66.927,94.792,29.167,,,,,
19,2027,53.038,3,PILLARS_RENORMALIZED,percentile,11.0,64.062,65.365,,29.688,,,,,
20,2020,42.719,4,,percentile,21.0,42.969,30.859,46.615,50.434,,,,,
20,2021,36.491,4,,percentile,29.0,17.969,30.599,46.615,50.781,,,,,
20,2022,39.301,4,,percentile,27.0,30.99,28.125,46.615,51.476,,,,,
20,2023,41.808,4,,percentile,29.0,41.276,27.344,46.615,51.997,,,,,
20,2024,41.265,4,,percentile,29.0,38.932,26.823,46.615,52.691,,,,,
20,2025,35.341,4,,percentile,31.0,14.974,26.562,46.615,53.212,,,,,
20,2026,36.382,4,,percentile,30.0,19.01,26.432,46.615,53.472,,,,,
20,2027,34.505,3,PILLARS_RENORMALIZED,percentile,28.0,23.438,26.432,,53.646,,,,,
21,2020,38.759,4,,percentile,28.0,15.885,17.448,46.615,75.087,,,,,
21,2021,39.453,4,,percentile,27.0,19.01,16.927,46.615,75.26,,,,,
21,2022,40.148,4,,percentile,24.0,22.135,16.406,46.615,75.434,,,,,
21,2023,46.05,4,,percentile,26.0,45.443,16.536,46.615,75.608,,,,,
21,2024,47.135,4,,percentile,22.0,50.13,16.016,46.615,75.781,,,,,
21,2025,40.636,4,,percentile,24.0,24.089,15.885,46.615,75.955,,,,,
21,2026,41.612,4,,percentile,23.0,26.432,17.188,46.615,76.215,,,,,
21,2027,46.094,3,PILLARS_RENORMALIZED,percentile,22.0,43.75,17.969,,76.562,,,,,
22,2020,55.306,4,,percentile,5.0,47.656,58.984,46.615,67.969,,,,,
22,2021,60.84,4,,percentile,3.0,69.531,58.724,46.615,68.49,,,,,
22,2022,76.432,4,,percentile,1.0,84.635,57.292,94.792,69.01,,,,,
22,2023,77.724,4,,percentile,1.0,89.193,57.552,94.792,69.358,,,,,
22,2024,79.134,4,,percentile,1.0,90.495,57.292,99.219,69.531,,,,,
22,2025,71.56,4,,percentile,1.0,59.766,57.031,99.74,69.705,,,,,
22,2026,67.35,4,,percentile,1.0,44.531,55.339,99.74,69.792,,,,,
22,2027,69.314,3,PILLARS_RENORMALIZED,percentile,2.0,82.812,55.339,,69.792,,,,,
23,2020,36.317,4,,percentile,31.0,36.198,27.995,46.615,34.462,,,,,
23,2021,28.418,4,,percentile,32.0,4.948,27.474,46.615,34.635,,,,,
23,2022,30.469,4,,percentile,32.0,13.542,26.563,46.615,35.156,,,,,
23,2023,34.039,4,,percentile,32.0,18.88,34.115,46.615,36.545,,,,,
23,2024,35.221,4,,percentile,32.0,16.276,39.714,46.615,38.281,,,,,
23,2025,37.977,4,,percentile,28.0,26.693,39.453,46.615,39.149,,,,,
23,2026,37.24,4,,percentile,28.0,23.438,39.323,46.615,39.583,,,,,
23,2027,29.427,3,PILLARS_RENORMALIZED,percentile,32.0,9.375,39.323,,39.583,,,,,
24,2020,58.181,4,,percentile,2.0,59.635,69.792,46.615,56.684,,,,,
24,2021,58.615,4,,percentile,5.0,61.198,69.792,46.615,56.858,,,,,
24,2022,61.155,4,,percentile,3.0,64.844,75.781,46.615,57.378,,,,,
24,2023,65.093,4,,percentile,3.0,79.818,76.042,46.615,57.899,,,,,
24,2024,63.411,4,,percentile,3.0,80.339,68.099,46.615,58.594,,,,,
24,2025,54.839,4,,percentile,7.0,45.443,67.839,46.615,59.462,,,,,
24,2026,53.299,4,,percentile,4.0,39.583,66.927,46.615,60.069,,,,,
24,2027,65.48,3,PILLARS_RENORMALIZED,percentile,5.0,70.312,65.365,,60.764,,,,,
25,2020,48.579,4,,percentile,14.0,58.333,43.099,46.615,46.267,,,,,
25,2021,55.718,4,,percentile,12.0,87.24,42.578,46.615,46.441,,,,,
25,2022,47.396,4,,percentile,18.0,53.385,42.969,46.615,46.615,,,,,
25,2023,56.955,4,,percentile,10.0,79.297,54.948,46.615,46.962,,,,,
25,2024,57.91,4,,percentile,8.0,83.203,54.688,46.615,47.135,,,,,
25,2025,56.63,4,,percentile,6.0,79.036,53.385,46.615,47.483,,,,,
25,2026,48.481,4,,percentile,11.0,47.917,51.823,46.615,47.569,,,,,
25,2027,56.105,3,PILLARS_RENORMALIZED,percentile,9.0,67.188,52.344,,48.785,,,,,
26,2020,50.955,4,,percentile,9.0,63.281,65.885,46.615,28.038,,,,,
26,2021,58.594,4,,percentile,6.0,93.49,65.885,46.615,28.385,,,,,
26,2022,52.322,4,,percentile,10.0,72.135,61.979,46.615,28.559,,,,,
26,2023,51.682,4,,percentile,18.0,68.359,63.021,46.615,28.733,,,,,
26,2024,52.832,4,,percentile,15.0,74.609,61.198,46.615,28.906,,,,,
26,2025,53.982,4,,percentile,8.0,74.089,66.146,46.615,29.08,,,,,
26,2026,44.987,4,,percentile,16.0,38.542,65.625,46.615,29.167,,,,,
26,2027,48.524,3,PILLARS_RENORMALIZED,percentile,17.0,51.562,64.844,,29.167,,,,,
27,2020,48.655,4,,percentile,13.0,45.052,57.031,46.615,45.92,,,,,
27,2021,37.891,4,,percentile,28.0,1.562,57.292,46.615,46.094,,,,,
27,2022,38.52,4,,percentile,29.0,1.562,59.635,46.615,46.267,,,,,
27,2023,44.195,4,,percentile,27.0,24.609,59.115,46.615,46.441,,,,,
27,2024,48.73,4,,percentile,20.0,42.839,58.854,46.615,46.615,,,,,
27,2025,46.691,4,,percentile,18.0,34.766,58.594,46.615,46.788,,,,,
27,2026,42.871,4,,percentile,20.0,13.542,64.453,46.615,46.875,,,,,
27,2027,40.234,3,PILLARS_RENORMALIZED,percentile,26.0,9.375,64.453,,46.875,,,,,
28,2020,49.978,4,,percentile,11.0,52.865,69.271,46.615,31.163,,,,,
28,2021,53.776,4,,percentile,15.0,67.969,69.01,46.615,31.51,,,,,
28,2022,55.187,4,,percentile,5.0,73.177,68.75,46.615,32.205,,,,,
28,2023,52.376,4,,percentile,17.0,61.068,68.75,46.615,33.073,,,,,
28,2024,52.485,4,,percentile,16.0,58.464,71.094,46.615,33.767,,,,,
28,2025,45.41,4,,percentile,19.0,32.682,67.708,46.615,34.635,,,,,
28,2026,47.776,4,,percentile,12.0,42.188,67.578,46.615,34.722,,,,,
28,2027,46.962,3,PILLARS_RENORMALIZED,percentile,20.0,39.062,66.927,,34.896,,,,,
29,2020,39.084,4,,percentile,27.0,15.365,26.563,46.615,67.795,,,,,
29,2021,43.099,4,,percentile,26.0,31.51,26.302,46.615,67.969,,,,,
29,2022,39.366,4,,percentile,26.0,19.531,23.177,46.615,68.142,,,,,
29,2023,38.856,4,,percentile,31.0,22.005,18.49,46.615,68.316,,,,,
29,2024,40.658,4,,percentile,31.0,29.297,18.229,46.615,68.49,,,,,
29,2025,34.549,4,,percentile,32.0,5.469,17.448,46.615,68.663,,,,,
29,2026,35.807,4,,percentile,31.0,6.51,21.354,46.615,68.75,,,,,
29,2027,34.375,3,PILLARS_RENORMALIZED,percentile,29.0,9.375,25.0,,68.75,,,,,
30,2020,57.986,4,,percentile,3.0,41.406,70.052,46.615,73.872,,,,,
30,2021,52.018,4,,percentile,16.0,18.49,69.271,46.615,73.698,,,,,
30,2022,54.839,4,,percentile,6.0,29.948,69.271,46.615,73.524,,,,,
30,2023,57.433,4,,percentile,7.0,39.974,69.792,46.615,73.351,,,,,
30,2024,56.283,4,,percentile,9.0,42.318,63.021,46.615,73.177,,,,,
30,2025,49.664,4,,percentile,14.0,20.703,58.333,46.615,73.003,,,,,
30,2026,49.023,4,,percentile,10.0,17.969,58.594,46.615,72.917,,,,,
30,2027,53.733,3,PILLARS_RENORMALIZED,percentile,10.0,29.688,58.594,,72.917,,,,,
31,2020,55.263,4,,percentile,6.0,34.115,70.443,46.615,69.878,,,,,
31,2021,47.103,4,,percentile,18.0,1.562,70.182,46.615,70.052,,,,,
31,2022,51.15,4,,percentile,13.0,9.115,78.646,46.615,70.226,,,,,
31,2023,55.458,4,,percentile,12.0,25.13,79.688,46.615,70.399,,,,,
31,2024,54.98,4,,percentile,12.0,23.568,79.167,46.615,70.573,,,,,
31,2025,50.467,4,,percentile,12.0,12.891,71.615,46.615,70.747,,,,,
31,2026,49.87,4,,percentile,9.0,10.938,71.094,46.615,70.833,,,,,
31,2027,47.743,3,PILLARS_RENORMALIZED,percentile,19.0,9.375,63.021,,70.833,,,,,
32,2020,35.84,4,,percentile,32.0,30.469,35.286,46.615,30.99,,,,,
32,2021,44.672,4,,percentile,23.0,65.885,35.026,46.615,31.163,,,,,
32,2022,39.062,4,,percentile,28.0,51.823,26.302,46.615,31.51,,,,,
32,2023,46.148,4,,percentile,25.0,83.984,22.135,46.615,31.858,,,,,
32,2024,42.773,4,,percentile,28.0,70.443,22.005,46.615,32.031,,,,,
32,2025,37.739,4,,percentile,29.0,50.391,21.745,46.615,32.205,,,,,
32,2026,34.57,4,,percentile,32.0,37.5,21.875,46.615,32.292,,,,,
32,2027,43.663,3,PILLARS_RENORMALIZED,percentile,23.0,73.438,25.26,,32.292,,,,,
